date,open,high,low,close,volume,daily_avg_sentiment_score,ticker
2015-01-02,27.84749984741211,27.860000610351562,26.837499618530273,27.332500457763672,212818400,0.10807439446366783,AAPL
2015-01-05,27.072500228881836,27.162500381469727,26.352500915527344,26.5625,257142000,0.16031159546643417,AAPL
2015-01-06,26.635000228881836,26.857500076293945,26.157499313354492,26.565000534057617,263188400,0.21500428571428573,AAPL
2015-01-07,26.799999237060547,27.049999237060547,26.674999237060547,26.9375,160423600,0.15479012797074956,AAPL
2015-01-08,27.3075008392334,28.037500381469727,27.174999237060547,27.97249984741211,237458000,0.1893810033444816,AAPL
2015-01-09,28.167499542236328,28.3125,27.552499771118164,28.002500534057617,214798000,0.16295303030303032,AAPL
2015-01-12,28.149999618530273,28.157499313354492,27.200000762939453,27.3125,198603200,0.15999055201698514,AAPL
2015-01-13,27.857500076293945,28.200000762939453,27.227500915527344,27.55500030517578,268367600,0.20925896501457725,AAPL
2015-01-14,27.260000228881836,27.622499465942383,27.125,27.450000762939453,195826400,0.1396835616438356,AAPL
2015-01-15,27.5,27.514999389648438,26.665000915527344,26.704999923706055,240056000,0.12686398601398602,AAPL
2015-01-16,26.75749969482422,26.895000457763672,26.299999237060547,26.497499465942383,314053200,0.048897754749568215,AAPL
2015-01-20,26.959999084472656,27.24250030517578,26.625,27.18000030517578,199599600,0.20067245005257625,AAPL
2015-01-21,27.237499237060547,27.764999389648438,27.0674991607666,27.387500762939453,194303600,0.19712,AAPL
2015-01-22,27.565000534057617,28.11750030517578,27.43000030517578,28.100000381469727,215185600,0.028324196428571424,AAPL
2015-01-23,28.075000762939453,28.4375,27.88249969482422,28.2450008392334,185859200,0.12241764705882353,AAPL
2015-01-26,28.434999465942383,28.59000015258789,28.200000762939453,28.274999618530273,222460000,0.25022097242380265,AAPL
2015-01-27,28.104999542236328,28.1200008392334,27.25749969482422,27.28499984741211,382274800,0.24970421813097182,AAPL
2015-01-28,29.407499313354492,29.530000686645508,28.827499389648438,28.827499389648438,585908400,0.20847230375029116,AAPL
2015-01-29,29.079999923706055,29.797500610351562,28.889999389648438,29.725000381469727,337745600,0.18534775280898877,AAPL
2015-01-30,29.600000381469727,30.0,29.212499618530273,29.290000915527344,334982000,0.21698837939698493,AAPL
2015-02-02,29.512500762939453,29.792499542236328,29.020000457763672,29.657499313354492,250956400,0.1547857405703772,AAPL
2015-02-03,29.625,29.772499084472656,29.40250015258789,29.662500381469727,207662800,0.14415471204188482,AAPL
2015-02-04,29.625,30.127500534057617,29.577499389648438,29.889999389648438,280598800,0.1204578947368421,AAPL
2015-02-05,30.0049991607666,30.0575008392334,29.8125,29.985000610351562,168984800,0.13165519366197184,AAPL
2015-02-06,30.0049991607666,30.0625,29.612499237060547,29.732500076293945,174826400,0.10044409368635437,AAPL
2015-02-09,29.637500762939453,29.959999084472656,29.607500076293945,29.93000030517578,155559200,0.1603111464968153,AAPL
2015-02-10,30.042499542236328,30.537500381469727,30.040000915527344,30.5049991607666,248034000,0.18621436809226335,AAPL
2015-02-11,30.6924991607666,31.229999542236328,30.625,31.219999313354492,294247200,0.19320659295659295,AAPL
2015-02-12,31.514999389648438,31.8700008392334,31.392499923706055,31.614999771118164,297898000,0.14987424684159378,AAPL
2015-02-13,31.81999969482422,31.81999969482422,31.412500381469727,31.770000457763672,217088800,0.16765739570164348,AAPL
2015-02-17,31.872499465942383,32.220001220703125,31.729999542236328,31.957500457763672,252609600,0.12485936546674802,AAPL
2015-02-18,31.907499313354492,32.19499969482422,31.862499237060547,32.18000030517578,179566800,0.16100578990901573,AAPL
2015-02-19,32.119998931884766,32.25749969482422,32.08250045776367,32.11249923706055,149449600,0.14370439024390244,AAPL
2015-02-20,32.154998779296875,32.375,32.01250076293945,32.375,195793600,0.1713048245614035,AAPL
2015-02-23,32.505001068115234,33.25,32.415000915527344,33.25,283896400,0.17755364806866952,AAPL
2015-02-24,33.23500061035156,33.400001525878906,32.79249954223633,33.04249954223633,276912400,0.1895598074608905,AAPL
2015-02-25,32.88999938964844,32.900001525878906,32.037498474121094,32.1974983215332,298846800,0.14970751295336787,AAPL
2015-02-26,32.1974983215332,32.717498779296875,31.65250015258789,32.60499954223633,365150000,0.16565796311818945,AAPL
2015-02-27,32.5,32.64250183105469,32.060001373291016,32.1150016784668,248059200,0.14751846064814814,AAPL
2015-03-02,32.3125,32.56999969482422,32.07500076293945,32.272499084472656,192386800,0.2166216176470588,AAPL
2015-03-03,32.2400016784668,32.380001068115234,32.022499084472656,32.34000015258789,151265200,0.17570661710037175,AAPL
2015-03-04,32.275001525878906,32.38999938964844,32.08000183105469,32.1349983215332,126665200,0.13296964006259782,AAPL
2015-03-05,32.14500045776367,32.1875,31.440000534057617,31.602500915527344,226068400,0.1270627562642369,AAPL
2015-03-06,32.099998474121094,32.342498779296875,31.565000534057617,31.649999618530273,291368400,0.14236155192532088,AAPL
2015-03-09,31.989999771118164,32.39250183105469,31.264999389648438,31.78499984741211,354114000,0.14374521196470844,AAPL
2015-03-10,31.602500915527344,31.80500030517578,30.950000762939453,31.127500534057617,275426400,0.13936219463356025,AAPL
2015-03-11,31.1875,31.1924991607666,30.52750015258789,30.559999465942383,275756000,0.16192480084970792,AAPL
2015-03-12,30.577499389648438,31.225000381469727,30.407499313354492,31.112499237060547,193450800,0.20041162642947905,AAPL
2015-03-13,31.100000381469727,31.350000381469727,30.645000457763672,30.897499084472656,207309200,0.21534131455399064,AAPL
2015-03-16,30.969999313354492,31.237499237060547,30.717500686645508,31.237499237060547,143497200,0.20937954545454546,AAPL
2015-03-17,31.475000381469727,31.829999923706055,31.412500381469727,31.760000228881836,204092400,0.1857503791982665,AAPL
2015-03-18,31.75,32.290000915527344,31.592500686645508,32.11750030517578,261083600,0.19536906040268456,AAPL
2015-03-19,32.1875,32.3125,31.850000381469727,31.875,183238000,0.20609355057705364,AAPL
2015-03-20,32.0625,32.099998474121094,31.290000915527344,31.475000381469727,274780400,0.18008124108416548,AAPL
2015-03-23,31.780000686645508,31.962499618530273,31.6299991607666,31.802499771118164,150838800,0.21126778929188256,AAPL
2015-03-24,31.8075008392334,32.0099983215332,31.639999389648438,31.672500610351562,131369200,0.2225844669117647,AAPL
2015-03-26,30.690000534057617,31.219999313354492,30.649999618530273,31.059999465942383,190291600,0.20019992069785883,AAPL
2015-03-27,31.142499923706055,31.174999237060547,30.727500915527344,30.8125,158184800,0.24573488593155896,AAPL
2015-03-30,31.012500762939453,31.600000381469727,31.0,31.592500686645508,188398800,0.26807974910394267,AAPL
2015-03-31,31.522499084472656,31.622499465942383,31.09000015258789,31.107500076293945,168362400,0.24887693726937268,AAPL
2015-04-01,31.204999923706055,31.280000686645508,30.774999618530273,31.0625,162485600,0.2527405550581916,AAPL
2015-04-02,31.25749969482422,31.389999389648438,31.047500610351562,31.329999923706055,128880400,0.22928070009460738,AAPL
2015-04-06,31.11750030517578,31.877500534057617,31.082500457763672,31.837499618530273,148776000,0.24712344771241831,AAPL
2015-04-07,31.90999984741211,32.029998779296875,31.4950008392334,31.502500534057617,140049200,0.2027907183212268,AAPL
2015-04-08,31.462499618530273,31.600000381469727,31.24250030517578,31.399999618530273,149316800,0.17517401315789474,AAPL
2015-04-09,31.462499618530273,31.645000457763672,31.165000915527344,31.639999389648438,129936000,0.15449238845144356,AAPL
2015-04-10,31.487499237060547,31.802499771118164,31.315000534057617,31.774999618530273,160752000,0.10883348157560356,AAPL
2015-04-13,32.092498779296875,32.14250183105469,31.65250015258789,31.712499618530273,145460400,0.12600115798180314,AAPL
2015-04-14,31.75,31.822500228881836,31.477500915527344,31.575000762939453,102098400,0.1320491935483871,AAPL
2015-04-15,31.602500915527344,31.782499313354492,31.502500534057617,31.69499969482422,115881600,0.13832212028542304,AAPL
2015-04-16,31.56999969482422,31.774999618530273,31.52750015258789,31.542499542236328,113476000,0.12300895238095239,AAPL
2015-04-17,31.387500762939453,31.53499984741211,31.114999771118164,31.1875,207828000,0.17375482189400523,AAPL
2015-04-20,31.392499923706055,32.029998779296875,31.292499542236328,31.899999618530273,188217200,0.15704578853046597,AAPL
2015-04-21,32.025001525878906,32.04999923706055,31.667499542236328,31.727500915527344,129740400,0.16959447619047618,AAPL
2015-04-22,31.747499465942383,32.217498779296875,31.579999923706055,32.154998779296875,150618000,0.21034184261036468,AAPL
2015-04-23,32.07500076293945,32.60499954223633,32.03499984741211,32.41749954223633,183083600,0.16889682779456194,AAPL
2015-04-24,32.622501373291016,32.657501220703125,32.307498931884766,32.56999969482422,178103600,0.18555172651933702,AAPL
2015-04-27,33.07749938964844,33.282501220703125,32.787498474121094,33.162498474121094,387816800,0.2800939630207173,AAPL
2015-04-28,33.6150016784668,33.6349983215332,32.39250183105469,32.63999938964844,475696000,0.1875185878962536,AAPL
2015-04-29,32.540000915527344,32.897499084472656,32.07500076293945,32.15999984741211,253544400,0.17897579310344827,AAPL
2015-04-30,32.15999984741211,32.15999984741211,31.145000457763672,31.287500381469727,332781600,0.0919252025586354,AAPL
2015-05-01,31.524999618530273,32.532501220703125,31.325000762939453,32.23749923706055,234050400,0.12052635761589404,AAPL
2015-05-04,32.375,32.64250183105469,32.064998626708984,32.17499923706055,203953200,0.1565507339449541,AAPL
2015-05-05,32.037498474121094,32.11249923706055,31.44499969482422,31.450000762939453,197085600,0.16276843910806177,AAPL
2015-05-06,31.639999389648438,31.6875,30.84000015258789,31.252500534057617,288564000,0.1147753986332574,AAPL
2015-05-07,31.1924991607666,31.520000457763672,31.0049991607666,31.315000534057617,175763600,0.06805492424242424,AAPL
2015-05-08,31.670000076293945,31.905000686645508,31.52750015258789,31.905000686645508,222201600,0.16214757575757574,AAPL
2015-05-11,31.84749984741211,31.889999389648438,31.407499313354492,31.579999923706055,168143200,0.17136880146386094,AAPL
2015-05-12,31.399999618530273,31.719999313354492,31.204999923706055,31.467500686645508,192640000,0.11281930693069307,AAPL
2015-05-13,31.537500381469727,31.797500610351562,31.467500686645508,31.502500534057617,138776800,0.1528851485148515,AAPL
2015-05-14,31.852500915527344,32.23749923706055,31.790000915527344,32.23749923706055,180814000,0.1521041162227603,AAPL
2015-05-15,32.26750183105469,32.372501373291016,32.0525016784668,32.192501068115234,152832000,0.12560667938931297,AAPL
2015-05-18,32.095001220703125,32.68000030517578,32.09000015258789,32.54750061035156,203531600,0.15432888771744863,AAPL
2015-05-19,32.67250061035156,32.720001220703125,32.40999984741211,32.51750183105469,178532800,0.07311353240152478,AAPL
2015-05-20,32.5,32.744998931884766,32.334999084472656,32.51499938964844,145819600,0.09744656301145663,AAPL
2015-05-21,32.51750183105469,32.907501220703125,32.45750045776367,32.84749984741211,158921600,0.09308041002277904,AAPL
2015-05-22,32.900001525878906,33.24250030517578,32.849998474121094,33.1349983215332,182384000,0.15657285714285715,AAPL
2015-05-26,33.150001525878906,33.227500915527344,32.279998779296875,32.404998779296875,282790400,0.10278441019561352,AAPL
2015-05-27,32.584999084472656,33.064998626708984,32.51250076293945,33.0099983215332,183332800,0.14662,AAPL
2015-05-28,32.96500015258789,32.98749923706055,32.775001525878906,32.94499969482422,122933200,0.11524174508126604,AAPL
2015-05-29,32.807498931884766,32.86249923706055,32.474998474121094,32.56999969482422,203538000,0.160808,AAPL
2015-06-01,32.56999969482422,32.84749984741211,32.51250076293945,32.6349983215332,128451200,0.10702604878048781,AAPL
2015-06-02,32.46500015258789,32.665000915527344,32.33000183105469,32.4900016784668,134670400,0.12354142455482663,AAPL
2015-06-03,32.665000915527344,32.73500061035156,32.474998474121094,32.529998779296875,123934000,0.06511578947368421,AAPL
2015-06-04,32.39500045776367,32.64500045776367,32.227500915527344,32.34000015258789,153800400,0.13036580406654344,AAPL
2015-06-05,32.375,32.42250061035156,32.09000015258789,32.162498474121094,142507200,0.10524511132623426,AAPL
2015-06-08,32.224998474121094,32.3025016784668,31.707500457763672,31.950000762939453,210699200,0.06476438746438747,AAPL
2015-06-09,31.674999237060547,32.02000045776367,31.405000686645508,31.854999542236328,224301600,0.12862110874200428,AAPL
2015-06-10,31.979999542236328,32.334999084472656,31.962499618530273,32.220001220703125,156349200,0.10227190839694657,AAPL
2015-06-11,32.29499816894531,32.54499816894531,32.119998931884766,32.147499084472656,141563600,0.08822484361036641,AAPL
2015-06-12,32.04750061035156,32.08250045776367,31.77750015258789,31.792499542236328,147544800,-0.018992885771543087,AAPL
2015-06-15,31.524999618530273,31.809999465942383,31.427499771118164,31.729999542236328,175955600,0.0928334892422825,AAPL
2015-06-16,31.75749969482422,31.962499618530273,31.592500686645508,31.899999618530273,125976400,0.08084458333333333,AAPL
2015-06-17,31.93000030517578,31.969999313354492,31.684999465942383,31.825000762939453,131672400,0.11020566948130278,AAPL
2015-06-18,31.8075008392334,32.07749938964844,31.80500030517578,31.969999313354492,141628800,0.07480972222222222,AAPL
2015-06-19,31.927499771118164,31.954999923706055,31.600000381469727,31.649999618530273,218867600,0.11293938706015891,AAPL
2015-06-22,31.872499465942383,32.01499938964844,31.770000457763672,31.90250015258789,136157200,0.12362228813559323,AAPL
2015-06-23,31.8700008392334,31.90250015258789,31.719999313354492,31.75749969482422,121075600,0.11761567516525025,AAPL
2015-06-24,31.802499771118164,32.45000076293945,31.780000686645508,32.02750015258789,221123600,0.17326940766550522,AAPL
2015-06-25,32.21500015258789,32.29999923706055,31.875,31.875,127752400,0.1253006862745098,AAPL
2015-06-26,31.917499542236328,31.997499465942383,31.627500534057617,31.6875,176267200,0.12249723183391004,AAPL
2015-06-29,31.364999771118164,31.61750030517578,31.1200008392334,31.13249969482422,196645600,0.11820569498069498,AAPL
2015-06-30,31.392499923706055,31.530000686645508,31.21500015258789,31.357500076293945,177482800,0.14772760791366907,AAPL
2015-07-01,31.725000381469727,31.735000610351562,31.497499465942383,31.649999618530273,120955200,0.133806462585034,AAPL
2015-07-02,31.607500076293945,31.672500610351562,31.4424991607666,31.610000610351562,108844000,0.09702012195121952,AAPL
2015-07-06,31.235000610351562,31.5575008392334,31.212499618530273,31.5,112241600,0.1590935849056604,AAPL
2015-07-08,31.1200008392334,31.15999984741211,30.635000228881836,30.642499923706055,243046400,0.11377415730337079,AAPL
2015-07-09,30.962499618530273,31.014999389648438,29.80500030517578,30.017499923706055,314380000,0.05594194996792816,AAPL
2015-07-10,30.485000610351562,30.962499618530273,30.302499771118164,30.81999969482422,245418000,0.09184122621564482,AAPL
2015-07-13,31.25749969482422,31.440000534057617,31.079999923706055,31.415000915527344,165762000,0.1963524850894632,AAPL
2015-07-14,31.510000228881836,31.592500686645508,31.260000228881836,31.40250015258789,127072400,0.03993269639065817,AAPL
2015-07-15,31.43000030517578,31.787500381469727,31.395000457763672,31.704999923706055,134596800,0.15054767772511848,AAPL
2015-07-16,31.934999465942383,32.14250183105469,31.837499618530273,32.127498626708984,144889600,0.15744089147286822,AAPL
2015-07-17,32.27000045776367,32.404998779296875,32.07749938964844,32.404998779296875,184658800,0.24532374429223747,AAPL
2015-07-20,32.74250030517578,33.24250030517578,32.67499923706055,33.01750183105469,235600800,0.25446685920577616,AAPL
2015-07-21,33.212501525878906,33.22999954223633,32.58000183105469,32.6875,307025600,0.2116183078730905,AAPL
2015-07-22,30.497499465942383,31.375,30.497499465942383,31.30500030517578,461802400,0.14537158671586717,AAPL
2015-07-23,31.549999237060547,31.772499084472656,31.264999389648438,31.290000915527344,203998000,0.11523382352941176,AAPL
2015-07-24,31.329999923706055,31.434999465942383,30.975000381469727,31.125,168649200,0.14823219616204691,AAPL
2015-07-27,30.772499084472656,30.90250015258789,30.530000686645508,30.6924991607666,177822000,0.17384442379182155,AAPL
2015-07-28,30.844999313354492,30.977500915527344,30.637500762939453,30.844999313354492,134472400,0.10118839190628329,AAPL
2015-07-29,30.787500381469727,30.875,30.5674991607666,30.747499465942383,148046800,0.1321532293986637,AAPL
2015-07-30,30.579999923706055,30.642499923706055,30.427499771118164,30.592500686645508,134513200,0.04122639149468417,AAPL
2015-07-31,30.649999618530273,30.65999984741211,30.227500915527344,30.325000762939453,171540000,0.055672593113141246,AAPL
2015-08-03,30.375,30.642499923706055,29.3799991607666,29.610000610351562,279904000,0.06221508620689655,AAPL
2015-08-04,29.354999542236328,29.424999237060547,28.3125,28.65999984741211,496554400,0.0856974656810982,AAPL
2015-08-05,28.237499237060547,29.360000610351562,28.024999618530273,28.850000381469727,397250400,0.11937504512635379,AAPL
2015-08-06,28.99250030517578,29.125,28.530000686645508,28.782499313354492,211612000,0.12433147335423196,AAPL
2015-08-07,28.645000457763672,29.0625,28.625,28.8799991607666,154681600,0.06939396551724138,AAPL
2015-08-10,29.13249969482422,29.997499465942383,29.13249969482422,29.93000030517578,219806400,0.16881123287671235,AAPL
2015-08-11,29.452499389648438,29.545000076293945,28.332500457763672,28.372499465942383,388331200,0.09911958831341301,AAPL
2015-08-12,28.13249969482422,28.854999542236328,27.407499313354492,28.809999465942383,404870000,0.12937782167042888,AAPL
2015-08-13,29.010000228881836,29.100000381469727,28.635000228881836,28.787500381469727,194143200,0.0685413389121339,AAPL
2015-08-14,28.579999923706055,29.077499389648438,28.502500534057617,28.989999771118164,171718000,0.04808056680161943,AAPL
2015-08-17,29.010000228881836,29.412500381469727,28.875,29.290000915527344,163538800,0.14394782608695653,AAPL
2015-08-18,29.107500076293945,29.360000610351562,29.002500534057617,29.125,138242800,0.07382242703533026,AAPL
2015-08-19,29.024999618530273,29.1299991607666,28.670000076293945,28.752500534057617,193146000,0.13686674757281553,AAPL
2015-08-20,28.520000457763672,28.587499618530273,27.907499313354492,28.162500381469727,274006400,0.0736863539445629,AAPL
2015-08-21,27.607500076293945,27.975000381469727,26.412500381469727,26.440000534057617,513102000,0.11596350515463917,AAPL
2015-08-24,23.717500686645508,27.200000762939453,23.0,25.780000686645508,648825200,0.11111506604784005,AAPL
2015-08-25,27.77750015258789,27.77750015258789,25.875,25.934999465942383,414406400,0.1408260086902545,AAPL
2015-08-26,26.772499084472656,27.47249984741211,26.262500762939453,27.422500610351562,387098400,0.08400820689655172,AAPL
2015-08-27,28.0575008392334,28.309999465942383,27.5049991607666,28.229999542236328,338464400,0.049315322580645166,AAPL
2015-08-28,28.042499542236328,28.327499389648438,27.885000228881836,28.322500228881836,212657600,0.06863024590163934,AAPL
2015-08-31,28.00749969482422,28.63249969482422,28.0,28.190000534057617,224917200,0.09480668473351402,AAPL
2015-09-01,27.537500381469727,27.969999313354492,26.84000015258789,26.93000030517578,307383600,0.08403053722902923,AAPL
2015-09-02,27.5575008392334,28.084999084472656,27.282499313354492,28.084999084472656,247555200,0.10870009578544061,AAPL
2015-09-03,28.122499465942383,28.19499969482422,27.510000228881836,27.592500686645508,212935600,0.11270534759358289,AAPL
2015-09-04,27.24250030517578,27.612499237060547,27.127500534057617,27.3174991607666,199985200,0.017157986870897153,AAPL
2015-09-08,27.9375,28.139999389648438,27.579999923706055,28.077499389648438,219374400,0.09306456431535269,AAPL
2015-09-09,28.440000534057617,28.5049991607666,27.4424991607666,27.537500381469727,340043200,0.09383019225561874,AAPL
2015-09-10,27.5674991607666,28.31999969482422,27.475000381469727,28.142499923706055,251571200,0.09141929723502304,AAPL
2015-09-11,27.947500228881836,28.552499771118164,27.940000534057617,28.552499771118164,199662000,0.09032035323801514,AAPL
2015-09-14,29.145000457763672,29.22249984741211,28.71500015258789,28.827499389648438,233453600,0.19929655172413793,AAPL
2015-09-15,28.982500076293945,29.13249969482422,28.604999542236328,29.06999969482422,173364800,0.13488827655310623,AAPL
2015-09-16,29.0625,29.135000228881836,28.860000610351562,29.102500915527344,148694000,0.13653537634408602,AAPL
2015-09-17,28.915000915527344,29.122499465942383,28.43000030517578,28.479999542236328,256450400,0.08695318791946309,AAPL
2015-09-18,28.052499771118164,28.575000762939453,27.967500686645508,28.362499237060547,297141200,0.08101657657657657,AAPL
2015-09-21,28.417499542236328,28.842500686645508,28.415000915527344,28.802499771118164,200888000,0.0391027733755943,AAPL
2015-09-22,28.344999313354492,28.545000076293945,28.1299991607666,28.350000381469727,201384800,0.1113377694470478,AAPL
2015-09-23,28.407499313354492,28.68000030517578,28.325000762939453,28.579999923706055,143026800,0.07364253968253968,AAPL
2015-09-24,28.3125,28.875,28.092500686645508,28.75,200878000,0.08738468992248062,AAPL
2015-09-25,29.110000610351562,29.172500610351562,28.5049991607666,28.677499771118164,224607600,0.1105481764206955,AAPL
2015-09-28,28.462499618530273,28.642499923706055,28.110000610351562,28.110000610351562,208436000,0.12305624532535528,AAPL
2015-09-29,28.207500457763672,28.377500534057617,26.96500015258789,27.264999389648438,293461600,0.09075894085281981,AAPL
2015-09-30,27.542499542236328,27.885000228881836,27.1825008392334,27.575000762939453,265892000,0.06822667860340197,AAPL
2015-10-01,27.267499923706055,27.405000686645508,26.827499389648438,27.395000457763672,255716400,0.047241379310344826,AAPL
2015-10-02,27.002500534057617,27.752500534057617,26.887500762939453,27.594999313354492,232079200,0.10160273127753304,AAPL
2015-10-05,27.469999313354492,27.842500686645508,27.267499923706055,27.69499969482422,208258800,0.08786299516908214,AAPL
2015-10-06,27.657499313354492,27.934999465942383,27.4424991607666,27.827499389648438,192787200,0.10522188481675393,AAPL
2015-10-07,27.934999465942383,27.9424991607666,27.352500915527344,27.69499969482422,187062400,0.06321580952380952,AAPL
2015-10-08,27.547500610351562,27.547500610351562,27.052499771118164,27.375,247918400,0.05343396584440228,AAPL
2015-10-09,27.5,28.06999969482422,27.372499465942383,28.030000686645508,211064400,0.10268033550792172,AAPL
2015-10-12,28.1825008392334,28.1875,27.860000610351562,27.899999618530273,121868800,0.0667743949044586,AAPL
2015-10-13,27.704999923706055,28.112499237060547,27.670000076293945,27.947500228881836,132197200,0.14440571827057183,AAPL
2015-10-14,27.822500228881836,27.8799991607666,27.389999389648438,27.552499771118164,177849600,0.042679774223894636,AAPL
2015-10-15,27.732500076293945,28.024999618530273,27.622499465942383,27.96500015258789,150694000,0.11547192642787996,AAPL
2015-10-16,27.94499969482422,28.0,27.63249969482422,27.760000228881836,156930400,0.11403109354413701,AAPL
2015-10-19,27.700000762939453,27.9375,27.52750015258789,27.9325008392334,119036800,0.13220935350756535,AAPL
2015-10-20,27.834999084472656,28.542499542236328,27.704999923706055,28.4424991607666,195871200,0.1555779674796748,AAPL
2015-10-21,28.5,28.895000457763672,28.424999237060547,28.440000534057617,167180800,0.14629054842473746,AAPL
2015-10-22,28.582500457763672,28.875,28.524999618530273,28.875,166616400,0.16737189460476787,AAPL
2015-10-23,29.174999237060547,29.8075008392334,29.082500457763672,29.770000457763672,237467600,0.21910741116751267,AAPL
2015-10-26,29.520000457763672,29.532499313354492,28.729999542236328,28.81999969482422,265335200,0.17870747460087083,AAPL
2015-10-27,28.850000381469727,29.135000228881836,28.497499465942383,28.637500762939453,279537600,0.22588877358490567,AAPL
2015-10-28,29.232500076293945,29.825000762939453,29.014999389648438,29.8174991607666,342205600,0.1298248284734134,AAPL
2015-10-29,29.674999237060547,30.172500610351562,29.5674991607666,30.13249969482422,204909200,0.10626294298921418,AAPL
2015-10-30,30.247499465942383,30.30500030517578,29.862499237060547,29.875,197461200,0.19722488151658768,AAPL
2015-11-02,30.200000762939453,30.34000015258789,29.90250015258789,30.295000076293945,128813200,0.14463795093795093,AAPL
2015-11-03,30.197500228881836,30.872499465942383,30.174999237060547,30.642499923706055,182076000,0.13136644295302013,AAPL
2015-11-04,30.782499313354492,30.954999923706055,30.405000686645508,30.5,179544400,0.16734298507462686,AAPL
2015-11-05,30.462499618530273,30.672500610351562,30.045000076293945,30.229999542236328,158210800,0.11335132192846034,AAPL
2015-11-06,30.27750015258789,30.452499389648438,30.155000686645508,30.264999389648438,132169200,0.126346687211094,AAPL
2015-11-09,30.239999771118164,30.452499389648438,30.012500762939453,30.142499923706055,135485600,0.15186666666666665,AAPL
2015-11-10,29.225000381469727,29.517499923706055,29.014999389648438,29.1924991607666,236511600,0.12119380392156863,AAPL
2015-11-11,29.092500686645508,29.354999542236328,28.802499771118164,29.02750015258789,180872000,0.09667369353410098,AAPL
2015-11-12,29.065000534057617,29.204999923706055,28.912500381469727,28.93000030517578,130102400,0.10350316159250586,AAPL
2015-11-13,28.799999237060547,28.892499923706055,28.0674991607666,28.084999084472656,183249600,0.018310449574726606,AAPL
2015-11-16,27.844999313354492,28.559999465942383,27.75,28.545000076293945,152426800,0.027208074534161485,AAPL
2015-11-17,28.729999542236328,28.762500762939453,28.329999923706055,28.422500610351562,110467600,0.1164727930535456,AAPL
2015-11-18,28.940000534057617,29.372499465942383,28.875,29.322500228881836,186698800,0.1959251712328767,AAPL
2015-11-19,29.40999984741211,29.9375,29.190000534057617,29.69499969482422,173183200,0.14344155405405407,AAPL
2015-11-20,29.799999237060547,29.979999542236328,29.712499618530273,29.825000762939453,137148400,0.0460890243902439,AAPL
2015-11-23,29.8174991607666,29.9325008392334,29.334999084472656,29.4375,129930000,0.1383649441340782,AAPL
2015-11-24,29.332500457763672,29.837499618530273,29.280000686645508,29.719999313354492,171212800,0.13955535499398317,AAPL
2015-11-25,29.802499771118164,29.8075008392334,29.479999542236328,29.50749969482422,85553200,0.10909006734006733,AAPL
2015-11-27,29.572500228881836,29.602500915527344,29.399999618530273,29.452499389648438,52185600,0.13999823874755382,AAPL
2015-11-30,29.497499465942383,29.852500915527344,29.4375,29.575000762939453,156721200,0.15977644787644787,AAPL
2015-12-01,29.6875,29.702499389648438,29.21500015258789,29.334999084472656,139409600,0.10255722222222222,AAPL
2015-12-02,29.334999084472656,29.52750015258789,29.020000457763672,29.06999969482422,133546400,0.01793160569105691,AAPL
2015-12-03,29.137500762939453,29.197500228881836,28.55500030517578,28.799999237060547,166278000,0.10282014833127318,AAPL
2015-12-04,28.822500228881836,29.8125,28.77750015258789,29.75749969482422,231108000,0.11700552070263488,AAPL
2015-12-07,29.7450008392334,29.96500015258789,29.452499389648438,29.56999969482422,128336800,0.12757595993322204,AAPL
2015-12-08,29.3799991607666,29.649999618530273,29.21500015258789,29.5575008392334,137238000,0.14538340248962656,AAPL
2015-12-09,29.40999984741211,29.422500610351562,28.770000457763672,28.905000686645508,185445600,0.11603212365591398,AAPL
2015-12-10,29.010000228881836,29.235000610351562,28.877500534057617,29.042499542236328,116850800,0.16250635491606716,AAPL
2015-12-11,28.797500610351562,28.84749984741211,28.212499618530273,28.295000076293945,187544800,0.19000565410199555,AAPL
2015-12-14,28.045000076293945,28.170000076293945,27.447500228881836,28.1200008392334,257274800,0.05527728706624606,AAPL
2015-12-15,27.985000610351562,28.200000762939453,27.587499618530273,27.622499465942383,213292400,0.09302356902356902,AAPL
2015-12-17,28.0049991607666,28.0625,27.2450008392334,27.2450008392334,179091200,0.0838263157894737,AAPL
2015-12-18,27.227500915527344,27.3799991607666,26.452499389648438,26.50749969482422,385813200,0.027304960141718335,AAPL
2015-12-21,26.81999969482422,26.842500686645508,26.392499923706055,26.832500457763672,190362400,0.08730375114364136,AAPL
2015-12-22,26.850000381469727,26.93000030517578,26.612499237060547,26.8075008392334,131157600,0.11680321100917432,AAPL
2015-12-23,26.8174991607666,27.212499618530273,26.799999237060547,27.15250015258789,130629600,0.10145625000000001,AAPL
2015-12-24,27.25,27.25,26.987499237060547,27.00749969482422,54281600,0.1436797071129707,AAPL
2015-12-28,26.897499084472656,26.922500610351562,26.545000076293945,26.704999923706055,106816800,0.12249299191374664,AAPL
2015-12-29,26.739999771118164,27.357500076293945,26.71500015258789,27.184999465942383,123724800,0.12099004524886878,AAPL
2015-12-30,27.145000457763672,27.174999237060547,26.795000076293945,26.829999923706055,100855200,0.10007566878980892,AAPL
2015-12-31,26.752500534057617,26.75749969482422,26.204999923706055,26.315000534057617,163649200,0.10899804983748647,AAPL
2016-01-04,25.65250015258789,26.342500686645508,25.5,26.337499618530273,270597600,0.14843727422003286,AAPL
2016-01-05,26.4375,26.462499618530273,25.602500915527344,25.677499771118164,223164000,0.06859662731871838,AAPL
2016-01-06,25.139999389648438,25.592500686645508,24.967500686645508,25.174999237060547,273829600,0.07835692307692307,AAPL
2016-01-07,24.670000076293945,25.032499313354492,24.107500076293945,24.112499237060547,324377600,0.0669472,AAPL
2016-01-08,24.637500762939453,24.77750015258789,24.190000534057617,24.239999771118164,283192000,-0.017923888888888892,AAPL
2016-01-11,24.74250030517578,24.764999389648438,24.334999084472656,24.63249969482422,198957600,0.12752171673819743,AAPL
2016-01-12,25.137500762939453,25.172500610351562,24.709999084472656,24.989999771118164,196616800,0.1458301941747573,AAPL
2016-01-13,25.079999923706055,25.297500610351562,24.325000762939453,24.34749984741211,249758400,0.11899131975199292,AAPL
2016-01-14,24.489999771118164,25.1200008392334,23.934999465942383,24.8799991607666,252680400,0.11715106382978724,AAPL
2016-01-15,24.049999237060547,24.427499771118164,23.84000015258789,24.282499313354492,319335600,0.11447634892086332,AAPL
2016-01-19,24.602500915527344,24.662500381469727,23.875,24.165000915527344,212350800,0.12357204419889503,AAPL
2016-01-20,23.774999618530273,24.547500610351562,23.354999542236328,24.197500228881836,289337600,0.15737603833865815,AAPL
2016-01-21,24.264999389648438,24.469999313354492,23.735000610351562,24.075000762939453,208646000,0.138138379022646,AAPL
2016-01-22,24.657499313354492,25.364999771118164,24.592500686645508,25.354999542236328,263202000,0.1772679054054054,AAPL
2016-01-25,25.3799991607666,25.38249969482422,24.802499771118164,24.860000610351562,207178000,0.15567062374245474,AAPL
2016-01-26,24.982500076293945,25.219999313354492,24.517499923706055,24.997499465942383,300308000,0.1794,AAPL
2016-01-27,24.010000228881836,24.157499313354492,23.334999084472656,23.354999542236328,533478800,0.14271377694470477,AAPL
2016-01-28,23.447500228881836,23.6299991607666,23.09749984741211,23.522499084472656,222715200,0.14415326975476841,AAPL
2016-01-29,23.697500228881836,24.334999084472656,23.587499618530273,24.334999084472656,257666000,0.034195525902668764,AAPL
2016-02-01,24.11750030517578,24.177499771118164,23.850000381469727,24.107500076293945,163774000,0.20159270216962524,AAPL
2016-02-02,23.854999542236328,24.010000228881836,23.56999969482422,23.6200008392334,149428800,0.16651612903225804,AAPL
2016-02-03,23.75,24.209999084472656,23.520000457763672,24.087499618530273,183857200,0.17040997854077253,AAPL
2016-02-04,23.96500015258789,24.332500457763672,23.797500610351562,24.149999618530273,185886800,0.0919917617237009,AAPL
2016-02-05,24.1299991607666,24.229999542236328,23.422500610351562,23.5049991607666,185672400,0.09591997245179064,AAPL
2016-02-08,23.282499313354492,23.924999237060547,23.260000228881836,23.752500534057617,216085600,0.11791067285382831,AAPL
2016-02-09,23.572500228881836,23.985000610351562,23.482500076293945,23.747499465942383,177324800,0.05698424295774648,AAPL
2016-02-10,23.979999542236328,24.087499618530273,23.524999618530273,23.5674991607666,169374400,0.07632622767857143,AAPL
2016-02-11,23.447500228881836,23.68000030517578,23.147499084472656,23.424999237060547,200298800,0.09097415169660679,AAPL
2016-02-12,23.547500610351562,23.625,23.252500534057617,23.497499465942383,161405600,0.023759003496503495,AAPL
2016-02-16,23.7549991607666,24.212499618530273,23.65250015258789,24.15999984741211,196231600,0.017536437246963563,AAPL
2016-02-17,24.167499542236328,24.552499771118164,24.037500381469727,24.530000686645508,179452800,0.03191503722084368,AAPL
2016-02-18,24.709999084472656,24.72249984741211,24.022499084472656,24.065000534057617,156084000,0.012785124315212813,AAPL
2016-02-19,24.0,24.190000534057617,23.950000762939453,24.010000228881836,141496800,0.031427969348659004,AAPL
2016-02-22,24.077499389648438,24.225000381469727,23.979999542236328,24.219999313354492,137123200,0.008750868878357031,AAPL
2016-02-23,24.100000381469727,24.125,23.637500762939453,23.672500610351562,127770400,0.01987199331848552,AAPL
2016-02-24,23.4950008392334,24.094999313354492,23.329999923706055,24.024999618530273,145022800,0.034800799507995084,AAPL
2016-02-25,24.012500762939453,24.190000534057617,23.8125,24.190000534057617,110330800,-3.4416826003812076e-06,AAPL
2016-02-26,24.299999237060547,24.5049991607666,24.145000457763672,24.227500915527344,115964400,0.049696513470681464,AAPL
2016-02-29,24.21500015258789,24.5575008392334,24.162500381469727,24.172500610351562,140865200,0.0721496551724138,AAPL
2016-03-01,24.412500381469727,25.1924991607666,24.354999542236328,25.13249969482422,201628400,0.048182610912799594,AAPL
2016-03-02,25.127500534057617,25.22249984741211,24.90999984741211,25.1875,132678400,0.04542103766879887,AAPL
2016-03-03,25.145000457763672,25.427499771118164,25.112499237060547,25.375,147822800,0.11306319749216301,AAPL
2016-03-04,25.592500686645508,25.9375,25.342500686645508,25.752500534057617,184220400,0.11865490883590463,AAPL
2016-03-07,25.59749984741211,25.707500457763672,25.239999771118164,25.467500686645508,143315600,0.05004034334763949,AAPL
2016-03-08,25.19499969482422,25.440000534057617,25.100000381469727,25.25749969482422,126247600,0.04209202898550724,AAPL
2016-03-09,25.327499389648438,25.395000457763672,25.0674991607666,25.280000686645508,108806800,0.036473891129032265,AAPL
2016-03-10,25.352500915527344,25.559999465942383,25.037500381469727,25.292499542236328,134054400,0.0457376,AAPL
2016-03-11,25.559999465942383,25.56999969482422,25.375,25.565000534057617,109632800,-0.12296689143627783,AAPL
2016-03-14,25.477500915527344,25.727500915527344,25.44499969482422,25.6299991607666,100304400,0.01839961464354528,AAPL
2016-03-15,25.989999771118164,26.295000076293945,25.962499618530273,26.145000457763672,160270800,0.10175206489675516,AAPL
2016-03-16,26.15250015258789,26.577499389648438,26.147499084472656,26.49250030517578,153214000,0.05375597749648383,AAPL
2016-03-17,26.3799991607666,26.61750030517578,26.239999771118164,26.450000762939453,137682800,0.019917676452217366,AAPL
2016-03-18,26.584999084472656,26.625,26.297500610351562,26.479999542236328,176820800,0.07559667221297836,AAPL
2016-03-21,26.482500076293945,26.912500381469727,26.28499984741211,26.477500915527344,142010800,0.07311203864255636,AAPL
2016-03-22,26.3125,26.822500228881836,26.302499771118164,26.68000030517578,129777600,0.0794326148409894,AAPL
2016-03-23,26.6200008392334,26.767499923706055,26.475000381469727,26.532499313354492,102814000,0.06716454930429522,AAPL
2016-03-24,26.36750030517578,26.5625,26.22249984741211,26.417499542236328,104532000,0.09944812176165803,AAPL
2016-03-28,26.5,26.547500610351562,26.264999389648438,26.297500610351562,77645600,0.05041493055555556,AAPL
2016-03-29,26.22249984741211,26.947500228881836,26.219999313354492,26.920000076293945,124760400,0.05893695529145444,AAPL
2016-03-30,27.162500381469727,27.604999542236328,27.149999618530273,27.389999389648438,182404400,0.06266888888888889,AAPL
2016-03-31,27.43000030517578,27.475000381469727,27.219999313354492,27.247499465942383,103553600,0.044552857142857144,AAPL
2016-04-01,27.19499969482422,27.5,27.049999237060547,27.497499465942383,103496000,0.1409857249626308,AAPL
2016-04-04,27.604999542236328,28.047500610351562,27.5674991607666,27.780000686645508,149424800,0.05445392670157068,AAPL
2016-04-05,27.377500534057617,27.6825008392334,27.354999542236328,27.452499389648438,106314800,0.03399642248722317,AAPL
2016-04-06,27.5575008392334,27.7450008392334,27.299999237060547,27.739999771118164,105616400,0.07874138473642801,AAPL
2016-04-07,27.487499237060547,27.604999542236328,27.030000686645508,27.135000228881836,127207600,0.04526136539953453,AAPL
2016-04-08,27.227500915527344,27.4424991607666,27.042499542236328,27.165000915527344,94326800,0.04483527508090615,AAPL
2016-04-11,27.24250030517578,27.65250015258789,27.207500457763672,27.2549991607666,117630000,0.07379352441613589,AAPL
2016-04-12,27.334999084472656,27.625,27.165000915527344,27.610000610351562,108929200,0.07724763603925067,AAPL
2016-04-13,27.700000762939453,28.084999084472656,27.700000762939453,28.010000228881836,133029200,0.03452600334448161,AAPL
2016-04-14,27.905000686645508,28.09749984741211,27.832500457763672,28.024999618530273,101895600,0.10602767191383597,AAPL
2016-04-15,28.02750015258789,28.075000762939453,27.4325008392334,27.462499618530273,187756000,0.04027602701181767,AAPL
2016-04-18,27.22249984741211,27.237499237060547,26.735000610351562,26.8700008392334,243286000,0.05904455375966268,AAPL
2016-04-19,26.969999313354492,27.0,26.5575008392334,26.727500915527344,129539600,0.05837901583710407,AAPL
2016-04-20,26.65999984741211,27.022499084472656,26.514999389648438,26.782499313354492,122444000,0.09190195618153364,AAPL
2016-04-21,26.732500076293945,26.732500076293945,26.3799991607666,26.49250030517578,126210000,0.06991224846894138,AAPL
2016-04-22,26.252500534057617,26.6200008392334,26.155000686645508,26.420000076293945,134732400,0.05331046176046176,AAPL
2016-04-25,26.25,26.412500381469727,26.127500534057617,26.270000457763672,112126400,0.10720989867498051,AAPL
2016-04-26,25.977500915527344,26.325000762939453,25.977500915527344,26.087499618530273,224064800,0.07756611620795106,AAPL
2016-04-27,24.0,24.677499771118164,23.920000076293945,24.454999923706055,458408400,0.08626893477240732,AAPL
2016-04-28,24.40250015258789,24.469999313354492,23.5625,23.707500457763672,328970800,0.047473460568959305,AAPL
2016-04-29,23.497499465942383,23.68000030517578,23.127500534057617,23.434999465942383,274126000,0.09454100354789662,AAPL
2016-05-02,23.49250030517578,23.520000457763672,23.100000381469727,23.40999984741211,192640400,0.09244050719671007,AAPL
2016-05-03,23.549999237060547,23.934999465942383,23.420000076293945,23.795000076293945,227325200,0.09517101102060374,AAPL
2016-05-04,23.799999237060547,23.975000381469727,23.454999923706055,23.547500610351562,164102000,0.04094837935174069,AAPL
2016-05-05,23.5,23.517499923706055,23.170000076293945,23.309999465942383,143562000,0.05304451530612245,AAPL
2016-05-06,23.342500686645508,23.362499237060547,22.962499618530273,23.18000030517578,174799600,0.02837835450027609,AAPL
2016-05-09,23.25,23.4424991607666,23.147499084472656,23.197500228881836,131745600,0.09128282926829269,AAPL
2016-05-10,23.332500457763672,23.392499923706055,23.02750015258789,23.354999542236328,134747200,0.11779050925925925,AAPL
2016-05-11,23.3700008392334,23.392499923706055,23.114999771118164,23.127500534057617,114876400,-0.04617340946166395,AAPL
2016-05-12,23.18000030517578,23.19499969482422,22.36750030517578,22.584999084472656,305258800,0.04336971922246221,AAPL
2016-05-13,22.5,22.917499542236328,22.5,22.6299991607666,177571200,0.08773547904191617,AAPL
2016-05-16,23.09749984741211,23.59749984741211,22.912500381469727,23.469999313354492,245039200,0.12651646063760574,AAPL
2016-05-17,23.637500762939453,23.674999237060547,23.252500534057617,23.372499465942383,187667600,0.09699216459977451,AAPL
2016-05-18,23.540000915527344,23.802499771118164,23.47249984741211,23.639999389648438,168249600,0.1021447216890595,AAPL
2016-05-19,23.65999984741211,23.65999984741211,23.392499923706055,23.549999237060547,121768400,0.08782273714699493,AAPL
2016-05-20,23.65999984741211,23.857500076293945,23.6299991607666,23.80500030517578,128104000,0.10682189566495225,AAPL
2016-05-23,23.967500686645508,24.297500610351562,23.917499542236328,24.107500076293945,152074400,0.13749812545061282,AAPL
2016-05-24,24.30500030517578,24.522499084472656,24.209999084472656,24.475000381469727,140560800,0.08777196731615336,AAPL
2016-05-25,24.667499542236328,24.934999465942383,24.52750015258789,24.905000686645508,152675200,0.1056002344665885,AAPL
2016-05-26,24.920000076293945,25.1825008392334,24.65999984741211,25.102500915527344,225324800,0.14220838095238097,AAPL
2016-05-27,24.860000610351562,25.11750030517578,24.8125,25.087499618530273,145364800,0.10624565826330533,AAPL
2016-05-31,24.899999618530273,25.100000381469727,24.704999923706055,24.96500015258789,169228800,0.0689067405355494,AAPL
2016-06-01,24.7549991607666,24.885000228881836,24.582500457763672,24.614999771118164,116693200,0.0638221136767318,AAPL
2016-06-02,24.399999618530273,24.459999084472656,24.157499313354492,24.43000030517578,160766400,0.051633117303953334,AAPL
2016-06-03,24.447500228881836,24.5674991607666,24.362499237060547,24.479999542236328,114019600,0.08722637465051258,AAPL
2016-06-06,24.497499465942383,25.47249984741211,24.387500762939453,24.657499313354492,93170000,0.07795145278450363,AAPL
2016-06-07,24.8125,24.967500686645508,24.739999771118164,24.75749969482422,89638000,0.10116143141153082,AAPL
2016-06-08,24.7549991607666,24.889999389648438,24.670000076293945,24.735000610351562,83392400,0.09522575187969924,AAPL
2016-06-09,24.625,24.997499465942383,24.614999771118164,24.912500381469727,106405600,0.1305886630179828,AAPL
2016-06-10,24.63249969482422,24.837499618530273,24.6200008392334,24.707500457763672,126851600,0.07384628730048579,AAPL
2016-06-13,24.672500610351562,24.780000686645508,24.274999618530273,24.334999084472656,152082000,0.0996414973262032,AAPL
2016-06-14,24.329999923706055,24.6200008392334,24.1875,24.364999771118164,127727600,0.1073529764001409,AAPL
2016-06-15,24.454999923706055,24.602500915527344,24.25749969482422,24.28499984741211,117780800,0.1008636761487965,AAPL
2016-06-16,24.112499237060547,24.4375,24.017499923706055,24.387500762939453,125307200,0.11795985576923076,AAPL
2016-06-17,24.155000686645508,24.162500381469727,23.825000762939453,23.832500457763672,244032800,0.03362053264604811,AAPL
2016-06-20,24.0,24.142499923706055,23.75749969482422,23.774999618530273,137647600,0.07988950943396227,AAPL
2016-06-21,23.735000610351562,24.087499618530273,23.670000076293945,23.977500915527344,142185600,0.08257602792862684,AAPL
2016-06-22,24.0625,24.22249984741211,23.837499618530273,23.887500762939453,116876400,0.052707123287671236,AAPL
2016-06-23,23.985000610351562,24.072500228881836,23.8125,24.024999618530273,128960800,0.06329329829172142,AAPL
2016-06-24,23.227500915527344,23.665000915527344,23.162500381469727,23.350000381469727,301245600,0.05597584158415842,AAPL
2016-06-27,23.25,23.262500762939453,22.875,23.010000228881836,181958400,0.06526745562130178,AAPL
2016-06-28,23.225000381469727,23.415000915527344,23.03499984741211,23.397499084472656,161779600,0.09573095238095239,AAPL
2016-06-29,23.49250030517578,23.637500762939453,23.407499313354492,23.600000381469727,146124000,0.08289569892473118,AAPL
2016-06-30,23.610000610351562,23.9424991607666,23.575000762939453,23.899999618530273,143345600,0.06084878934624697,AAPL
2016-07-01,23.872499465942383,24.11750030517578,23.832500457763672,23.97249984741211,104106000,0.0724506350550381,AAPL
2016-07-05,23.84749984741211,23.850000381469727,23.614999771118164,23.747499465942383,110820800,0.09022879640044995,AAPL
2016-07-06,23.649999618530273,23.915000915527344,23.592500686645508,23.88249969482422,123796400,0.07111012820512821,AAPL
2016-07-07,23.924999237060547,24.125,23.905000686645508,23.985000610351562,100558400,0.09670641361256545,AAPL
2016-07-08,24.122499465942383,24.22249984741211,24.012500762939453,24.170000076293945,115648400,0.08976573604060914,AAPL
2016-07-11,24.1875,24.412500381469727,24.1825008392334,24.2450008392334,95179600,0.09498833551769333,AAPL
2016-07-12,24.292499542236328,24.424999237060547,24.280000686645508,24.354999542236328,96670000,0.04173365155131265,AAPL
2016-07-13,24.352500915527344,24.417499542236328,24.209999084472656,24.217500686645508,103568800,0.123073046875,AAPL
2016-07-14,24.34749984741211,24.747499465942383,24.329999923706055,24.697500228881836,155676000,0.13300162287480682,AAPL
2016-07-15,24.729999542236328,24.825000762939453,24.625,24.69499969482422,120548000,0.09358584298584299,AAPL
2016-07-18,24.674999237060547,25.032499313354492,24.649999618530273,24.957500457763672,145975600,0.13897464114832536,AAPL
2016-07-19,24.889999389648438,25.0,24.834999084472656,24.967500686645508,95119600,0.11208378378378378,AAPL
2016-07-20,25.0,25.114999771118164,24.934999465942383,24.989999771118164,105104000,0.0998436127744511,AAPL
2016-07-21,24.957500457763672,25.25,24.782499313354492,24.857500076293945,130808000,0.06026446280991736,AAPL
2016-07-22,24.815000534057617,24.825000762939453,24.577499389648438,24.665000915527344,113254800,0.06602367864693447,AAPL
2016-07-25,24.5625,24.709999084472656,24.229999542236328,24.334999084472656,161531600,0.10182273068267067,AAPL
2016-07-26,24.204999923706055,24.49250030517578,24.104999542236328,24.167499542236328,224959200,0.19691001181334908,AAPL
2016-07-27,26.0674991607666,26.087499618530273,25.6875,25.737499237060547,369379200,0.17527864304812835,AAPL
2016-07-28,25.707500457763672,26.112499237060547,25.704999923706055,26.084999084472656,159479200,0.08743849693251533,AAPL
2016-07-29,26.047500610351562,26.137500762939453,25.920000076293945,26.052499771118164,110934800,0.1398282608695652,AAPL
2016-08-01,26.102500915527344,26.537500381469727,26.102500915527344,26.512500762939453,152671600,0.17263308457711443,AAPL
2016-08-02,26.512500762939453,26.517499923706055,26.0,26.1200008392334,135266400,0.05900736240171551,AAPL
2016-08-03,26.202499389648438,26.459999084472656,26.1924991607666,26.447500228881836,120810400,0.13435727155727156,AAPL
2016-08-04,26.395000457763672,26.5,26.31999969482422,26.467500686645508,109634800,0.11864793672627236,AAPL
2016-08-05,26.5674991607666,26.912500381469727,26.545000076293945,26.8700008392334,162213600,0.1272441154700222,AAPL
2016-08-08,26.8799991607666,27.092500686645508,26.790000915527344,27.092500686645508,112148800,0.06383304289544237,AAPL
2016-08-09,27.0575008392334,27.235000610351562,27.002500534057617,27.202499389648438,105260800,0.09502455223880597,AAPL
2016-08-10,27.177499771118164,27.225000381469727,26.940000534057617,27.0,96034000,0.049258807947019874,AAPL
2016-08-11,27.1299991607666,27.232500076293945,26.962499618530273,26.982500076293945,109938000,0.08778305489260144,AAPL
2016-08-12,26.94499969482422,27.110000610351562,26.94499969482422,27.045000076293945,74641600,0.1117845,AAPL
2016-08-15,27.03499984741211,27.385000228881836,27.020000457763672,27.3700008392334,103472800,0.1176708886618999,AAPL
2016-08-16,27.407499313354492,27.5575008392334,27.302499771118164,27.344999313354492,135177600,0.09064811594202898,AAPL
2016-08-17,27.274999618530273,27.342500686645508,27.084999084472656,27.30500030517578,101424000,0.07483602225312934,AAPL
2016-08-18,27.3075008392334,27.399999618530273,27.2549991607666,27.270000457763672,87938800,0.051528760162601626,AAPL
2016-08-19,27.1924991607666,27.422500610351562,27.09000015258789,27.34000015258789,101472400,0.0539075,AAPL
2016-08-22,27.21500015258789,27.274999618530273,26.962499618530273,27.127500534057617,103280800,0.09282147083685545,AAPL
2016-08-23,27.147499084472656,27.329999923706055,27.13249969482422,27.212499618530273,85030800,0.09565577464788733,AAPL
2016-08-24,27.142499923706055,27.1875,26.920000076293945,27.00749969482422,94700400,0.07716067518248175,AAPL
2016-08-25,26.84749984741211,26.969999313354492,26.670000076293945,26.892499923706055,100344800,0.06062836658354115,AAPL
2016-08-26,26.852500915527344,26.987499237060547,26.577499389648438,26.735000610351562,111065200,0.0712901889092017,AAPL
2016-08-29,26.655000686645508,26.860000610351562,26.572500228881836,26.704999923706055,99881200,0.047087028657616894,AAPL
2016-08-30,26.450000762939453,26.625,26.375,26.5,99455600,-0.008755067064083457,AAPL
2016-08-31,26.415000915527344,26.642499923706055,26.40999984741211,26.524999618530273,118649600,0.027871862907683804,AAPL
2016-09-01,26.53499984741211,26.700000762939453,26.405000686645508,26.6825008392334,106806000,0.027703445021236433,AAPL
2016-09-02,26.924999237060547,27.0,26.704999923706055,26.9325008392334,107210000,0.039284860557768926,AAPL
2016-09-06,26.975000381469727,27.075000762939453,26.877500534057617,26.924999237060547,107521600,0.07594205069124424,AAPL
2016-09-07,26.957500457763672,27.190000534057617,26.767499923706055,27.09000015258789,169457200,0.07192614132592298,AAPL
2016-09-08,26.8125,26.8174991607666,26.309999465942383,26.3799991607666,212008000,0.038835786061588336,AAPL
2016-09-09,26.15999984741211,26.43000030517578,25.782499313354492,25.782499313354492,186228000,0.061706440903054445,AAPL
2016-09-12,25.662500381469727,26.43000030517578,25.63249969482422,26.360000610351562,181171200,0.05905940649496081,AAPL
2016-09-13,26.877500534057617,27.197500228881836,26.809999465942383,26.987499237060547,248704800,0.12392246971473231,AAPL
2016-09-14,27.1825008392334,28.25749969482422,27.149999618530273,27.9424991607666,443554800,0.11375321481481482,AAPL
2016-09-15,28.46500015258789,28.9325008392334,28.372499465942383,28.892499923706055,359934400,0.06322513761467889,AAPL
2016-09-16,28.780000686645508,29.032499313354492,28.510000228881836,28.729999542236328,319547600,0.08657420749279539,AAPL
2016-09-19,28.797500610351562,29.045000076293945,28.3125,28.395000457763672,188092000,0.076113843556556,AAPL
2016-09-20,28.262500762939453,28.530000686645508,28.127500534057617,28.392499923706055,138057200,0.1269595731707317,AAPL
2016-09-21,28.462499618530273,28.497499465942383,28.110000610351562,28.387500762939453,144012800,0.13479379541643377,AAPL
2016-09-22,28.587499618530273,28.735000610351562,28.5,28.655000686645508,124296000,0.11860518358531318,AAPL
2016-09-23,28.604999542236328,28.697500228881836,27.887500762939453,28.177499771118164,209924800,0.05185689757252812,AAPL
2016-09-26,27.90999984741211,28.34749984741211,27.887500762939453,28.219999313354492,119477600,0.07579871406959153,AAPL
2016-09-27,28.25,28.295000076293945,28.084999084472656,28.272499084472656,98429600,0.12173510848126233,AAPL
2016-09-28,28.422500610351562,28.65999984741211,28.357500076293945,28.487499237060547,118564400,0.12569703264094956,AAPL
2016-09-29,28.290000915527344,28.450000762939453,27.950000762939453,28.045000076293945,143548000,0.1112308093994778,AAPL
2016-09-30,28.114999771118164,28.342500686645508,27.950000762939453,28.262500762939453,145516400,0.06907255297679113,AAPL
2016-10-03,28.177499771118164,28.262500762939453,28.06999969482422,28.1299991607666,86807200,0.07009376979936642,AAPL
2016-10-04,28.264999389648438,28.577499389648438,28.157499313354492,28.25,118947200,0.09197396504139835,AAPL
2016-10-05,28.350000381469727,28.415000915527344,28.172500610351562,28.262500762939453,85812400,0.09393009708737864,AAPL
2016-10-06,28.424999237060547,28.584999084472656,28.282499313354492,28.47249984741211,115117200,0.14331184631803628,AAPL
2016-10-07,28.577499389648438,28.639999389648438,28.377500534057617,28.514999389648438,97433600,0.13058047182175622,AAPL
2016-10-10,28.7549991607666,29.1875,28.68000030517578,29.012500762939453,144944000,0.10368464017185822,AAPL
2016-10-11,29.424999237060547,29.672500610351562,29.049999237060547,29.075000762939453,256164000,0.1185508321775312,AAPL
2016-10-12,29.337499618530273,29.4950008392334,29.1875,29.334999084472656,150347200,0.11035120068610635,AAPL
2016-10-13,29.197500228881836,29.360000610351562,28.93000030517578,29.2450008392334,140769600,0.08614701327433628,AAPL
2016-10-14,29.469999313354492,29.542499542236328,29.282499313354492,29.407499313354492,142608800,0.09984399008674102,AAPL
2016-10-17,29.332500457763672,29.459999084472656,29.19499969482422,29.387500762939453,94499600,0.05487442067736186,AAPL
2016-10-18,29.545000076293945,29.552499771118164,29.362499237060547,29.36750030517578,98214000,0.109748436103664,AAPL
2016-10-19,29.3125,29.440000534057617,28.450000762939453,29.280000686645508,80138400,0.0965622823984526,AAPL
2016-10-20,29.21500015258789,29.344999313354492,29.082500457763672,29.264999389648438,96503200,0.08663577981651376,AAPL
2016-10-21,29.202499389648438,29.227500915527344,29.06999969482422,29.149999618530273,92770800,0.09454545454545454,AAPL
2016-10-24,29.274999618530273,29.434999465942383,29.25,29.412500381469727,94154800,0.16903194103194102,AAPL
2016-10-25,29.487499237060547,29.59000015258789,29.327499389648438,29.5625,192516000,0.1885822454308094,AAPL
2016-10-26,28.577499389648438,28.924999237060547,28.327499389648438,28.897499084472656,264536800,0.13997406349206348,AAPL
2016-10-27,28.84749984741211,28.96500015258789,28.524999618530273,28.6200008392334,138248000,0.0697323517864154,AAPL
2016-10-28,28.467500686645508,28.802499771118164,28.362499237060547,28.43000030517578,151446800,0.0773810650887574,AAPL
2016-10-31,28.412500381469727,28.5575008392334,28.299999237060547,28.385000228881836,105677600,0.0890901875901876,AAPL
2016-11-01,28.364999771118164,28.4424991607666,27.63249969482422,27.872499465942383,175303200,0.09538800675675677,AAPL
2016-11-02,27.850000381469727,28.087499618530273,27.8075008392334,27.897499084472656,113326800,0.04087335670464504,AAPL
2016-11-03,27.7450008392334,27.864999771118164,27.387500762939453,27.457500457763672,107730400,0.09640466019417476,AAPL
2016-11-04,27.13249969482422,27.5625,27.02750015258789,27.209999084472656,123348000,0.1494889010989011,AAPL
2016-11-07,27.520000457763672,27.627500534057617,27.364999771118164,27.602500915527344,130240000,0.05488184257602862,AAPL
2016-11-08,27.577499389648438,27.93000030517578,27.424999237060547,27.764999389648438,97016800,0.06725801781737194,AAPL
2016-11-09,27.469999313354492,27.829999923706055,27.012500762939453,27.719999313354492,236705600,0.12545268490374875,AAPL
2016-11-10,27.772499084472656,27.772499084472656,26.457500457763672,26.947500228881836,228538000,0.08222928015564203,AAPL
2016-11-11,26.780000686645508,27.217500686645508,26.637500762939453,27.107500076293945,136575600,0.10489325153374233,AAPL
2016-11-14,26.927499771118164,26.952499389648438,26.020000457763672,26.427499771118164,204702000,0.08137490196078433,AAPL
2016-11-15,26.642499923706055,26.920000076293945,26.540000915527344,26.77750015258789,129058000,0.03034625514403292,AAPL
2016-11-16,26.674999237060547,27.5575008392334,26.649999618530273,27.497499465942383,235362000,0.08091522333637192,AAPL
2016-11-17,27.452499389648438,27.587499618530273,27.207500457763672,27.487499237060547,110528000,0.0911628318584071,AAPL
2016-11-18,27.43000030517578,27.635000228881836,27.415000915527344,27.514999389648438,113715600,0.1045078947368421,AAPL
2016-11-21,27.530000686645508,27.997499465942383,27.502500534057617,27.9325008392334,117058400,0.05996862442040186,AAPL
2016-11-22,27.987499237060547,28.104999542236328,27.850000381469727,27.950000762939453,103862000,0.0754783558792924,AAPL
2016-11-23,27.84000015258789,27.877500534057617,27.582500457763672,27.8075008392334,109705600,0.1291791519434629,AAPL
2016-11-25,27.782499313354492,27.967500686645508,27.737499237060547,27.947500228881836,45903600,0.1898090909090909,AAPL
2016-11-28,27.857500076293945,28.11750030517578,27.84749984741211,27.892499923706055,108776000,0.09521941463414635,AAPL
2016-11-29,27.69499969482422,28.00749969482422,27.517499923706055,27.864999771118164,114115200,0.10589793174767322,AAPL
2016-11-30,27.899999618530273,28.049999237060547,27.5674991607666,27.6299991607666,144649200,0.14562540073982738,AAPL
2016-12-01,27.592500686645508,27.735000610351562,27.25749969482422,27.372499465942383,148347600,0.10052879227053141,AAPL
2016-12-02,27.292499542236328,27.522499084472656,27.212499618530273,27.475000381469727,106112000,0.09457446569178853,AAPL
2016-12-05,27.5,27.50749969482422,27.0625,27.27750015258789,137298000,0.05207017543859649,AAPL
2016-12-06,27.375,27.59000015258789,27.297500610351562,27.487499237060547,104782000,0.1873017761989343,AAPL
2016-12-07,27.315000534057617,27.797500610351562,27.290000915527344,27.75749969482422,119994800,0.10660546378653113,AAPL
2016-12-08,27.71500015258789,28.107500076293945,27.649999618530273,28.030000686645508,108273200,0.08679134137686302,AAPL
2016-12-09,28.077499389648438,28.674999237060547,28.077499389648438,28.487499237060547,137610400,0.11432455673758865,AAPL
2016-12-12,28.322500228881836,28.75,28.122499465942383,28.325000762939453,105497600,0.03934901408450704,AAPL
2016-12-13,28.459999084472656,28.979999542236328,28.4375,28.797500610351562,174935200,0.07047758186397986,AAPL
2016-12-14,28.760000228881836,29.049999237060547,28.7450008392334,28.797500610351562,136127200,0.12253438256658596,AAPL
2016-12-15,28.844999313354492,29.1825008392334,28.8075008392334,28.954999923706055,186098000,0.14634198250728864,AAPL
2016-12-16,29.11750030517578,29.125,28.912500381469727,28.99250030517578,177404400,0.12669422632794458,AAPL
2016-12-19,28.950000762939453,29.344999313354492,28.9375,29.15999984741211,111117600,0.11499108433734939,AAPL
2016-12-20,29.184999465942383,29.375,29.170000076293945,29.237499237060547,85700000,0.12476666666666666,AAPL
2016-12-21,29.200000762939453,29.350000381469727,29.19499969482422,29.264999389648438,95132800,0.0719830866807611,AAPL
2016-12-22,29.087499618530273,29.127500534057617,28.90999984741211,29.072500228881836,104343600,0.10682700650759219,AAPL
2016-12-23,28.897499084472656,29.1299991607666,28.897499084472656,29.1299991607666,56998000,0.06600812274368231,AAPL
2016-12-27,29.1299991607666,29.450000762939453,29.122499465942383,29.315000534057617,73187600,0.13377263888888888,AAPL
2016-12-28,29.3799991607666,29.5049991607666,29.049999237060547,29.190000534057617,83623600,0.1288089709762533,AAPL
2016-12-29,29.112499237060547,29.27750015258789,29.100000381469727,29.1825008392334,60158000,0.09356625683060109,AAPL
2016-12-30,29.162500381469727,29.299999237060547,28.857500076293945,28.954999923706055,122345200,0.0340639400921659,AAPL
2017-01-03,28.950000762939453,29.082500457763672,28.690000534057617,29.037500381469727,115127600,0.09539894598155468,AAPL
2017-01-04,28.962499618530273,29.127500534057617,28.9375,29.0049991607666,84472400,0.13811802525832376,AAPL
2017-01-05,28.979999542236328,29.21500015258789,28.952499389648438,29.15250015258789,88774400,0.1401282394995532,AAPL
2017-01-06,29.19499969482422,29.540000915527344,29.11750030517578,29.477500915527344,127007600,0.04283959435626102,AAPL
2017-01-09,29.487499237060547,29.857500076293945,29.485000610351562,29.747499465942383,134247600,0.1601292083013067,AAPL
2017-01-10,29.6924991607666,29.844999313354492,29.575000762939453,29.77750015258789,97848400,0.12066577498033045,AAPL
2017-01-11,29.684999465942383,29.982500076293945,29.649999618530273,29.9375,110354400,0.11866787827557057,AAPL
2017-01-12,29.725000381469727,29.825000762939453,29.552499771118164,29.8125,108344800,0.12747971656333038,AAPL
2017-01-13,29.77750015258789,29.905000686645508,29.702499389648438,29.760000228881836,104447600,0.12074378060724779,AAPL
2017-01-17,29.584999084472656,30.059999465942383,29.55500030517578,30.0,137759200,0.1048358846918489,AAPL
2017-01-18,30.0,30.125,29.927499771118164,29.997499465942383,94852000,0.11404698521046644,AAPL
2017-01-19,29.850000381469727,30.022499084472656,29.842500686645508,29.94499969482422,102389200,0.09817027600849257,AAPL
2017-01-20,30.112499237060547,30.112499237060547,29.9325008392334,30.0,130391600,0.15767635135135136,AAPL
2017-01-23,30.0,30.202499389648438,29.9424991607666,30.020000457763672,88200800,0.10897216721672168,AAPL
2017-01-24,29.887500762939453,30.024999618530273,29.875,29.99250030517578,92844000,0.12465454545454546,AAPL
2017-01-25,30.104999542236328,30.524999618530273,30.06999969482422,30.469999313354492,129510400,0.10794576534576535,AAPL
2017-01-26,30.417499542236328,30.610000610351562,30.399999618530273,30.485000610351562,105350400,0.13574336842105264,AAPL
2017-01-27,30.53499984741211,30.587499618530273,30.399999618530273,30.487499237060547,82251600,0.12118488063660478,AAPL
2017-01-30,30.232500076293945,30.407499313354492,30.165000915527344,30.407499313354492,121510000,0.19350711645101662,AAPL
2017-01-31,30.287500381469727,30.34749984741211,30.155000686645508,30.337499618530273,196804000,0.22853857142857142,AAPL
2017-02-01,31.75749969482422,32.622501373291016,31.752500534057617,32.1875,447940000,0.20537293538104895,AAPL
2017-02-02,31.9950008392334,32.34749984741211,31.94499969482422,32.13249969482422,134841600,0.15810753880266076,AAPL
2017-02-03,32.07749938964844,32.29750061035156,32.040000915527344,32.27000045776367,98029200,0.09424509639564124,AAPL
2017-02-06,32.282501220703125,32.625,32.224998474121094,32.5724983215332,107383600,0.06430817469204927,AAPL
2017-02-07,32.6349983215332,33.022499084472656,32.61249923706055,32.88249969482422,152735200,0.124051376146789,AAPL
2017-02-08,32.837501525878906,33.05500030517578,32.80500030517578,33.0099983215332,92016400,0.12357879053461876,AAPL
2017-02-09,32.912498474121094,33.11249923706055,32.779998779296875,33.10499954223633,113399600,0.10821728538283062,AAPL
2017-02-10,33.1150016784668,33.23500061035156,33.01250076293945,33.029998779296875,80262000,0.0828239224137931,AAPL
2017-02-13,33.27000045776367,33.45500183105469,33.1875,33.3224983215332,92141600,0.18740252454417952,AAPL
2017-02-14,33.36750030517578,33.772499084472656,33.3125,33.755001068115234,132904800,0.23266731707317076,AAPL
2017-02-15,33.880001068115234,34.067501068115234,33.654998779296875,33.877498626708984,142492400,0.1427008064516129,AAPL
2017-02-16,33.91749954223633,33.974998474121094,33.709999084472656,33.837501525878906,90338400,0.10086989795918368,AAPL
2017-02-17,33.775001525878906,33.95750045776367,33.775001525878906,33.93000030517578,88792800,0.07653464052287581,AAPL
2017-02-21,34.057498931884766,34.1875,33.994998931884766,34.17499923706055,98028800,0.11605091533180778,AAPL
2017-02-22,34.10749816894531,34.279998779296875,34.02750015258789,34.27750015258789,83347600,0.11772228464419476,AAPL
2017-02-23,34.345001220703125,34.369998931884766,34.07500076293945,34.13249969482422,83152800,0.10841598062953996,AAPL
2017-02-24,33.977500915527344,34.165000915527344,33.81999969482422,34.165000915527344,87106400,0.07394658018867924,AAPL
2017-02-27,34.28499984741211,34.36000061035156,34.06999969482422,34.23249816894531,81029600,0.13428960603520537,AAPL
2017-02-28,34.27000045776367,34.36000061035156,34.17499923706055,34.247501373291016,93931600,0.12070290979631426,AAPL
2017-03-01,34.47249984741211,35.037498474121094,34.400001525878906,34.9474983215332,145658400,0.15452369765066395,AAPL
2017-03-02,35.0,35.06999969482422,34.689998626708984,34.7400016784668,104844000,0.1497907960199005,AAPL
2017-03-03,34.69499969482422,34.95750045776367,34.647499084472656,34.94499969482422,84432400,0.10071272965879265,AAPL
2017-03-06,34.842498779296875,34.942501068115234,34.650001525878906,34.834999084472656,87000000,0.15657919896640826,AAPL
2017-03-07,34.76499938964844,34.994998931884766,34.6974983215332,34.880001068115234,69785200,0.11859803680981594,AAPL
2017-03-08,34.73749923706055,34.95000076293945,34.70500183105469,34.75,74828800,0.09971776223776223,AAPL
2017-03-09,34.685001373291016,34.6974983215332,34.26250076293945,34.66999816894531,88623600,0.10027414721723518,AAPL
2017-03-10,34.8125,34.84000015258789,34.65999984741211,34.78499984741211,78451200,0.1425565789473684,AAPL
2017-03-13,34.712501525878906,34.85749816894531,34.70500183105469,34.79999923706055,69686800,0.280275,AAPL
2017-03-14,34.82500076293945,34.912498474121094,34.709999084472656,34.747501373291016,61236400,0.10399644549763033,AAPL
2017-03-15,34.852500915527344,35.1875,34.75749969482422,35.1150016784668,102767200,0.14960536585365855,AAPL
2017-03-16,35.18000030517578,35.255001068115234,35.064998626708984,35.17250061035156,76928000,0.10197165109034269,AAPL
2017-03-17,35.25,35.25,34.97249984741211,34.997501373291016,175540000,0.12308821656050957,AAPL
2017-03-20,35.099998474121094,35.375,35.057498931884766,35.3650016784668,86168000,0.1535027417027417,AAPL
2017-03-21,35.52750015258789,35.70000076293945,34.932498931884766,34.959999084472656,158119600,0.14440606758832567,AAPL
2017-03-22,34.962501525878906,35.400001525878906,34.939998626708984,35.35499954223633,103440800,0.06791146788990826,AAPL
2017-03-23,35.314998626708984,35.39500045776367,35.15250015258789,35.22999954223633,81385200,0.130825678119349,AAPL
2017-03-24,35.375,35.435001373291016,35.087501525878906,35.15999984741211,89582400,0.1394252100840336,AAPL
2017-03-27,34.84749984741211,35.30500030517578,34.654998779296875,35.220001220703125,94300400,0.14100467289719626,AAPL
2017-03-28,35.227500915527344,36.0099983215332,35.154998779296875,35.95000076293945,133499200,0.15734814814814815,AAPL
2017-03-29,35.91999816894531,36.122501373291016,35.79750061035156,36.029998779296875,116760000,0.20663392857142857,AAPL
2017-03-30,36.04750061035156,36.125,35.875,35.98249816894531,84829200,0.1810090909090909,AAPL
2017-03-31,35.93000030517578,36.067501068115234,35.752498626708984,35.915000915527344,78646800,0.1723988349514563,AAPL
2017-04-03,35.9275016784668,36.029998779296875,35.76250076293945,35.92499923706055,79942800,0.11677252396166134,AAPL
2017-04-04,35.8125,36.22249984741211,35.79249954223633,36.192501068115234,79565600,0.15594072327044026,AAPL
2017-04-05,36.05500030517578,36.3650016784668,35.95249938964844,36.005001068115234,110871600,0.15558338870431895,AAPL
2017-04-06,36.0724983215332,36.130001068115234,35.86249923706055,35.915000915527344,84596000,0.06258122448979592,AAPL
2017-04-07,35.932498931884766,36.04499816894531,35.817501068115234,35.834999084472656,66688800,0.1708834498834499,AAPL
2017-04-10,35.900001525878906,35.970001220703125,35.724998474121094,35.79249954223633,75733600,0.199,AAPL
2017-04-11,35.73500061035156,35.837501525878906,35.01499938964844,35.407501220703125,121517600,0.07554487951807229,AAPL
2017-04-12,35.400001525878906,35.537498474121094,35.252498626708984,35.45000076293945,81400000,0.11948123620309051,AAPL
2017-04-13,35.477500915527344,35.595001220703125,35.26250076293945,35.26250076293945,71291600,0.1337170692431562,AAPL
2017-04-17,35.369998931884766,35.470001220703125,35.217498779296875,35.45750045776367,66328400,0.13994673123486684,AAPL
2017-04-18,35.352500915527344,35.5099983215332,35.27750015258789,35.29999923706055,58790000,0.1386080675422139,AAPL
2017-04-19,35.470001220703125,35.5,35.11249923706055,35.16999816894531,69313600,0.13554107485604608,AAPL
2017-04-20,35.30500030517578,35.72999954223633,35.290000915527344,35.61000061035156,93278400,0.17320793036750484,AAPL
2017-04-21,35.61000061035156,35.66999816894531,35.462501525878906,35.567501068115234,69283600,0.16101409691629953,AAPL
2017-04-24,35.875,35.98749923706055,35.79499816894531,35.90999984741211,68537200,0.15053955223880597,AAPL
2017-04-25,35.977500915527344,36.224998474121094,35.967498779296875,36.13249969482422,75486000,0.18442110266159695,AAPL
2017-04-26,36.11750030517578,36.150001525878906,35.845001220703125,35.91999816894531,80164800,0.32274854014598536,AAPL
2017-04-27,35.97999954223633,36.040000915527344,35.82749938964844,35.9474983215332,56985200,0.20197307692307692,AAPL
2017-04-28,36.022499084472656,36.07500076293945,35.817501068115234,35.912498474121094,83441600,0.21713508771929824,AAPL
2017-05-01,36.275001525878906,36.79999923706055,36.2400016784668,36.64500045776367,134411600,0.28328520461699896,AAPL
2017-05-02,36.8849983215332,37.022499084472656,36.709999084472656,36.877498626708984,181408800,0.15039008082292432,AAPL
2017-05-03,36.397499084472656,36.872501373291016,36.067501068115234,36.76499938964844,182788000,0.15668420427553445,AAPL
2017-05-04,36.630001068115234,36.78499984741211,36.45249938964844,36.63249969482422,93487600,0.19125808720112517,AAPL
2017-05-05,36.689998626708984,37.244998931884766,36.689998626708984,37.2400016784668,109310800,0.18631671122994653,AAPL
2017-05-08,37.25749969482422,38.42499923706055,37.25749969482422,38.252498626708984,195009600,0.19739263074484945,AAPL
2017-05-09,38.467498779296875,38.720001220703125,38.36249923706055,38.497501373291016,156521600,0.16743560267857144,AAPL
2017-05-10,38.407501220703125,38.48500061035156,38.02750015258789,38.314998626708984,103222800,0.1252839826839827,AAPL
2017-05-11,38.11249923706055,38.51750183105469,38.07749938964844,38.48749923706055,109020400,0.15309106830122593,AAPL
2017-05-12,38.67499923706055,39.10499954223633,38.66749954223633,39.025001525878906,130108000,0.1955608536585366,AAPL
2017-05-15,39.002498626708984,39.162498474121094,38.76250076293945,38.92499923706055,104038800,0.12237826855123674,AAPL
2017-05-16,38.98500061035156,39.01499938964844,38.68000030517578,38.86750030517578,80194000,0.16149522935779817,AAPL
2017-05-17,38.400001525878906,38.64250183105469,37.4275016784668,37.5625,203070800,0.1339269596199525,AAPL
2017-05-18,37.817501068115234,38.334999084472656,37.782501220703125,38.1349983215332,134272800,0.16868520599250936,AAPL
2017-05-19,38.345001220703125,38.494998931884766,38.157501220703125,38.26499938964844,107843200,0.17444285714285715,AAPL
2017-05-22,38.5,38.64500045776367,38.227500915527344,38.497501373291016,91865600,0.11617788279773157,AAPL
2017-05-23,38.724998474121094,38.724998474121094,38.32749938964844,38.45000076293945,79675600,0.15597192660550457,AAPL
2017-05-24,38.459999084472656,38.54249954223633,38.16749954223633,38.334999084472656,76712000,0.11455370018975332,AAPL
2017-05-25,38.432498931884766,38.587501525878906,38.25749969482422,38.467498779296875,76942400,0.11815972602739727,AAPL
2017-05-26,38.5,38.560001373291016,38.32749938964844,38.40250015258789,87710400,0.12913139293139295,AAPL
2017-05-30,38.35499954223633,38.60749816894531,38.33250045776367,38.41749954223633,80507600,0.16250943396226414,AAPL
2017-05-31,38.49250030517578,38.54249954223633,38.095001220703125,38.189998626708984,97804800,0.14940175438596492,AAPL
2017-06-01,38.29249954223633,38.33250045776367,38.05500030517578,38.29499816894531,65616400,0.18911491596638655,AAPL
2017-06-02,38.39500045776367,38.86249923706055,38.22249984741211,38.86249923706055,111082800,0.19534719710669077,AAPL
2017-06-05,38.584999084472656,38.61249923706055,38.3650016784668,38.48249816894531,101326800,0.1478405807365439,AAPL
2017-06-06,38.474998474121094,38.95249938964844,38.44499969482422,38.61249923706055,106499600,0.13870393474088294,AAPL
2017-06-07,38.755001068115234,38.994998931884766,38.619998931884766,38.842498779296875,84278400,0.16446666666666668,AAPL
2017-06-08,38.8125,38.8849983215332,38.599998474121094,38.747501373291016,85003200,0.11831134903640256,AAPL
2017-06-09,38.79750061035156,38.79750061035156,36.505001068115234,37.244998931884766,259530800,0.07268034090909091,AAPL
2017-06-12,36.435001373291016,36.522499084472656,35.627498626708984,36.35499954223633,289229200,0.08960678733031674,AAPL
2017-06-13,36.790000915527344,36.86249923706055,36.287498474121094,36.647499084472656,136661600,0.09556829268292683,AAPL
2017-06-14,36.875,36.875,35.959999084472656,36.290000915527344,126124800,0.12049170731707318,AAPL
2017-06-15,35.83000183105469,36.119998931884766,35.5525016784668,36.0724983215332,128661600,0.12153306666666666,AAPL
2017-06-16,35.94499969482422,36.125,35.54999923706055,35.567501068115234,201444400,0.1529025974025974,AAPL
2017-06-19,35.915000915527344,36.685001373291016,35.915000915527344,36.584999084472656,130165600,0.16179019316493312,AAPL
2017-06-20,36.717498779296875,36.717498779296875,36.23500061035156,36.252498626708984,99600400,0.1290287804878049,AAPL
2017-06-21,36.380001068115234,36.51750183105469,36.15250015258789,36.467498779296875,85063200,0.11679756944444446,AAPL
2017-06-22,36.442501068115234,36.67499923706055,36.279998779296875,36.407501220703125,76425200,0.1326256048387097,AAPL
2017-06-23,36.282501220703125,36.790000915527344,36.27750015258789,36.56999969482422,141757600,0.14073339768339768,AAPL
2017-06-26,36.79249954223633,37.06999969482422,36.345001220703125,36.45500183105469,102769600,0.17040255941499086,AAPL
2017-06-27,36.252498626708984,36.540000915527344,35.904998779296875,35.932498931884766,99047600,0.12888450479233227,AAPL
2017-06-28,36.122501373291016,36.52750015258789,35.790000915527344,36.45750045776367,88329600,0.16341900647948163,AAPL
2017-06-29,36.1775016784668,36.282501220703125,35.56999969482422,35.91999816894531,125997600,0.15105701078582434,AAPL
2017-06-30,36.11249923706055,36.2400016784668,35.94499969482422,36.005001068115234,92096400,0.23778329571106094,AAPL
2017-07-03,36.220001220703125,36.32500076293945,35.775001525878906,35.875,57111200,0.19759871794871797,AAPL
2017-07-05,35.92250061035156,36.1974983215332,35.68000030517578,36.022499084472656,86278400,0.1701769230769231,AAPL
2017-07-06,35.755001068115234,35.875,35.602500915527344,35.682498931884766,96515200,0.14650608,AAPL
2017-07-07,35.724998474121094,36.1875,35.724998474121094,36.04499816894531,76806800,0.21033575221238937,AAPL
2017-07-10,36.02750015258789,36.48749923706055,35.842498779296875,36.26499938964844,84362400,0.16456227897838901,AAPL
2017-07-11,36.182498931884766,36.462501525878906,36.095001220703125,36.38249969482422,79127200,0.3018202846975089,AAPL
2017-07-12,36.467498779296875,36.54499816894531,36.20500183105469,36.435001373291016,99538000,0.19323115942028984,AAPL
2017-07-13,36.375,37.122501373291016,36.36000061035156,36.942501068115234,100797600,0.17653206951026856,AAPL
2017-07-14,36.99250030517578,37.33250045776367,36.83250045776367,37.2599983215332,80528400,0.19738471074380165,AAPL
2017-07-17,37.20500183105469,37.724998474121094,37.14250183105469,37.38999938964844,95174000,0.14143315315315316,AAPL
2017-07-18,37.29999923706055,37.532501220703125,37.16749954223633,37.52000045776367,71475200,0.21265553505535054,AAPL
2017-07-19,37.619998931884766,37.85499954223633,37.48749923706055,37.755001068115234,83692000,0.3579385214007782,AAPL
2017-07-20,37.875,37.935001373291016,37.54750061035156,37.584999084472656,68974800,0.31719766277128547,AAPL
2017-07-21,37.497501373291016,37.61000061035156,37.220001220703125,37.567501068115234,105010400,0.241553911205074,AAPL
2017-07-24,37.64500045776367,38.11000061035156,37.474998474121094,38.022499084472656,85972800,0.302161877394636,AAPL
2017-07-25,37.95000076293945,38.459999084472656,37.95000076293945,38.185001373291016,75415600,0.2658124807395994,AAPL
2017-07-26,38.337501525878906,38.48249816894531,38.26499938964844,38.3650016784668,63124000,0.30774626086956525,AAPL
2017-07-27,38.4375,38.497501373291016,36.82500076293945,37.63999938964844,129905200,0.246674897680764,AAPL
2017-07-28,37.47249984741211,37.557498931884766,37.29750061035156,37.375,68854800,0.2574549815498155,AAPL
2017-07-31,37.474998474121094,37.58250045776367,37.032501220703125,37.182498931884766,79383600,0.2305312,AAPL
2017-08-01,37.275001525878906,37.55500030517578,37.102500915527344,37.51250076293945,141474400,0.294156821079473,AAPL
2017-08-02,39.81999969482422,39.9375,39.040000915527344,39.28499984741211,279747200,0.24514478584729982,AAPL
2017-08-03,39.26250076293945,39.3025016784668,38.755001068115234,38.89250183105469,108389200,0.2644570469798658,AAPL
2017-08-04,39.01750183105469,39.349998474121094,38.92250061035156,39.09749984741211,82239600,0.24729112754158966,AAPL
2017-08-07,39.26499938964844,39.72999954223633,39.16749954223633,39.70249938964844,87481200,0.2401498322147651,AAPL
2017-08-08,39.650001525878906,40.45750045776367,39.567501068115234,40.02000045776367,144823600,0.20981643663739022,AAPL
2017-08-09,39.814998626708984,40.317501068115234,39.77750015258789,40.26499938964844,104526000,0.5658489270386265,AAPL
2017-08-10,39.974998474121094,40.0,38.657501220703125,38.83000183105469,163217200,0.38121729667812143,AAPL
2017-08-11,39.150001525878906,39.64250183105469,39.01750183105469,39.369998931884766,105028400,0.36243565640194486,AAPL
2017-08-14,39.83000183105469,40.0525016784668,39.6875,39.962501525878906,88490800,0.3268338061465721,AAPL
2017-08-15,40.165000915527344,40.54999923706055,40.03499984741211,40.400001525878906,117862000,0.27750559999999996,AAPL
2017-08-16,40.48500061035156,40.627498626708984,40.037498474121094,40.23749923706055,110686400,0.27746463104325697,AAPL
2017-08-17,40.130001068115234,40.1775016784668,39.459999084472656,39.46500015258789,111762400,0.2657539259259259,AAPL
2017-08-18,39.46500015258789,39.875,39.18000030517578,39.375,109712400,0.2911446337308347,AAPL
2017-08-21,39.375,39.47249984741211,38.77750015258789,39.3025016784668,105474000,0.3246456238361266,AAPL
2017-08-22,39.557498931884766,40.0,39.505001068115234,39.94499969482422,86418400,0.30219481707317075,AAPL
2017-08-23,39.76750183105469,40.11750030517578,39.720001220703125,39.994998931884766,77596400,0.26299534534534535,AAPL
2017-08-24,40.10749816894531,40.185001373291016,39.63750076293945,39.817501068115234,79275600,0.22060698757763975,AAPL
2017-08-25,39.912498474121094,40.13999938964844,39.817501068115234,39.96500015258789,101920400,0.2568930728241563,AAPL
2017-08-28,40.03499984741211,40.5,39.98249816894531,40.36750030517578,103864000,0.2728940766550523,AAPL
2017-08-29,40.025001525878906,40.779998779296875,40.0,40.727500915527344,118067600,0.22785415472779372,AAPL
2017-08-30,40.95000076293945,40.97249984741211,40.65250015258789,40.837501525878906,109078400,0.2406044164037855,AAPL
2017-08-31,40.90999984741211,41.130001068115234,40.869998931884766,41.0,107140400,0.2507619318181818,AAPL
2017-09-01,41.20000076293945,41.23500061035156,40.907501220703125,41.01250076293945,66364400,0.30099103139013456,AAPL
2017-09-05,40.9375,41.0625,40.13999938964844,40.52000045776367,117874000,0.22464208333333333,AAPL
2017-09-06,40.6775016784668,40.747501373291016,40.130001068115234,40.477500915527344,86606800,0.19919056603773583,AAPL
2017-09-07,40.522499084472656,40.560001373291016,40.09000015258789,40.314998626708984,87714000,0.1760187786259542,AAPL
2017-09-08,40.21500015258789,40.287498474121094,39.63249969482422,39.657501220703125,114446000,-0.015000000000000029,AAPL
2017-09-11,40.125,40.51250076293945,39.97249984741211,40.375,126323200,0.14622515274949083,AAPL
2017-09-12,40.65250015258789,40.9900016784668,39.692501068115234,40.21500015258789,286856000,0.07935988857938718,AAPL
2017-09-13,39.967498779296875,39.9900016784668,39.477500915527344,39.912498474121094,179629600,0.2179983372921615,AAPL
2017-09-14,39.747501373291016,39.849998474121094,39.522499084472656,39.56999969482422,95042800,0.1549541884816754,AAPL
2017-09-15,39.61750030517578,40.24250030517578,39.5,39.970001220703125,196458400,0.1779814748201439,AAPL
2017-09-18,40.02750015258789,40.125,39.5,39.66749954223633,113077600,0.1527722077922078,AAPL
2017-09-19,39.877498626708984,39.942501068115234,39.61000061035156,39.682498931884766,83242400,0.19051630558722918,AAPL
2017-09-20,39.474998474121094,39.564998626708984,38.45750045776367,39.01750183105469,211805600,0.11980963265306122,AAPL
2017-09-21,38.95000076293945,38.95000076293945,38.1875,38.34749984741211,150046800,0.1483126891734575,AAPL
2017-09-22,37.8849983215332,38.067501068115234,37.63999938964844,37.97249984741211,186581600,0.13177316129032257,AAPL
2017-09-25,37.497501373291016,37.95750045776367,37.290000915527344,37.63750076293945,177549200,0.1280656820156386,AAPL
2017-09-26,37.94499969482422,38.47999954223633,37.92250061035156,38.28499984741211,146640000,0.19214460580912862,AAPL
2017-09-27,38.45000076293945,38.68000030517578,38.3849983215332,38.557498931884766,102016800,0.20693029801324503,AAPL
2017-09-28,38.47249984741211,38.56999969482422,38.17499923706055,38.31999969482422,88022000,0.22266858475894247,AAPL
2017-09-29,38.3025016784668,38.532501220703125,38.0,38.529998779296875,105199200,0.2509858620689655,AAPL
2017-10-02,38.564998626708984,38.61249923706055,38.18000030517578,38.45249938964844,74795200,0.22217325174825175,AAPL
2017-10-03,38.502498626708984,38.772499084472656,38.477500915527344,38.619998931884766,64921200,0.23085297297297297,AAPL
2017-10-04,38.407501220703125,38.46500015258789,38.1150016784668,38.369998931884766,80655200,0.175395952023988,AAPL
2017-10-05,38.54499816894531,38.86000061035156,38.51250076293945,38.84749984741211,85135200,0.21690383435582822,AAPL
2017-10-06,38.74250030517578,38.872501373291016,38.63999938964844,38.82500076293945,69630400,0.24927294589178356,AAPL
2017-10-09,38.95249938964844,39.182498931884766,38.872501373291016,38.959999084472656,65051600,0.23320907372400757,AAPL
2017-10-10,39.01499938964844,39.5,38.775001525878906,38.974998474121094,62468000,0.21921946107784432,AAPL
2017-10-11,38.99250030517578,39.244998931884766,38.9375,39.13750076293945,67622400,0.27854926470588237,AAPL
2017-10-12,39.087501525878906,39.342498779296875,38.932498931884766,39.0,64500400,0.28372325581395347,AAPL
2017-10-13,39.182498931884766,39.31999969482422,39.102500915527344,39.247501373291016,65576800,0.20909159836065572,AAPL
2017-10-16,39.474998474121094,40.0,39.412498474121094,39.970001220703125,96486000,0.23307296551724138,AAPL
2017-10-17,39.94499969482422,40.217498779296875,39.807498931884766,40.11750030517578,75989200,0.2806320754716981,AAPL
2017-10-18,40.10499954223633,40.1775016784668,39.900001525878906,39.939998626708984,65496800,0.26819112903225806,AAPL
2017-10-19,39.1875,39.27000045776367,38.755001068115234,38.994998931884766,170336800,0.18201599999999998,AAPL
2017-10-20,39.15250015258789,39.4375,38.9900016784668,39.0625,95896400,0.24644665523156092,AAPL
2017-10-23,39.22249984741211,39.42250061035156,38.875,39.04249954223633,87937200,0.21257898089171975,AAPL
2017-10-24,39.0724983215332,39.35499954223633,39.04999923706055,39.275001525878906,71028800,0.3396872549019608,AAPL
2017-10-25,39.227500915527344,39.38750076293945,38.817501068115234,39.102500915527344,84828400,0.2311055449330784,AAPL
2017-10-26,39.307498931884766,39.45750045776367,39.19499969482422,39.352500915527344,68002000,0.2456399585921325,AAPL
2017-10-27,39.8224983215332,40.900001525878906,39.67499923706055,40.76250076293945,177816800,0.2780066666666667,AAPL
2017-10-30,40.97249984741211,42.01750183105469,40.93000030517578,41.68000030517578,178803200,0.27761297798377754,AAPL
2017-10-31,41.974998474121094,42.412498474121094,41.73500061035156,42.2599983215332,144187200,0.20325219721329046,AAPL
2017-11-01,42.467498779296875,42.48500061035156,41.40250015258789,41.72249984741211,134551200,0.25621799450549454,AAPL
2017-11-02,41.650001525878906,42.125,41.31999969482422,42.02750015258789,165573600,0.30406060767590615,AAPL
2017-11-03,43.5,43.564998626708984,42.779998779296875,43.125,237594400,0.24802773551784668,AAPL
2017-11-06,43.092498779296875,43.747501373291016,42.93000030517578,43.5625,140105200,0.2119680731364276,AAPL
2017-11-07,43.477500915527344,43.8125,43.400001525878906,43.70249938964844,97446000,0.25081752988047806,AAPL
2017-11-08,43.665000915527344,44.060001373291016,43.58250045776367,44.060001373291016,97638000,0.2005110421836228,AAPL
2017-11-09,43.77750015258789,44.025001525878906,43.28499984741211,43.970001220703125,117930400,0.21998736263736265,AAPL
2017-11-10,43.77750015258789,43.845001220703125,43.567501068115234,43.66749954223633,100582000,0.2111983498349835,AAPL
2017-11-13,43.375,43.625,43.349998474121094,43.49250030517578,67928400,0.27216056338028166,AAPL
2017-11-14,43.2599983215332,43.369998931884766,42.79499816894531,42.834999084472656,99130000,0.3008419713831479,AAPL
2017-11-15,42.49250030517578,42.58000183105469,42.095001220703125,42.27000045776367,116632400,0.24754798994974875,AAPL
2017-11-16,42.79499816894531,42.967498779296875,42.57500076293945,42.775001525878906,94550000,0.37966236842105267,AAPL
2017-11-17,42.7599983215332,42.84749984741211,42.40999984741211,42.537498474121094,87598000,0.21985842490842492,AAPL
2017-11-20,42.5724983215332,42.63999938964844,42.38999938964844,42.494998931884766,65049600,0.23818098720292505,AAPL
2017-11-21,42.69499969482422,43.42499923706055,42.69499969482422,43.28499984741211,100525200,0.25857658536585365,AAPL
2017-11-22,43.34000015258789,43.75,43.26250076293945,43.7400016784668,102355600,0.2598040419161677,AAPL
2017-11-24,43.775001525878906,43.875,43.662498474121094,43.74250030517578,56106800,0.26975865384615383,AAPL
2017-11-27,43.76250076293945,43.77000045776367,43.334999084472656,43.522499084472656,82867200,0.28310460251046027,AAPL
2017-11-28,43.57500076293945,43.717498779296875,42.96500015258789,43.26750183105469,105715200,0.22306883942766292,AAPL
2017-11-29,43.157501220703125,43.22999954223633,41.790000915527344,42.369998931884766,166665600,0.19502699004975127,AAPL
2017-11-30,42.60749816894531,43.03499984741211,42.11000061035156,42.962501525878906,166108800,0.21953606998654104,AAPL
2017-12-01,42.48749923706055,42.91749954223633,42.125,42.76250076293945,159037200,0.2913340336134454,AAPL
2017-12-04,43.119998931884766,43.154998779296875,42.407501220703125,42.45000076293945,130169600,0.24421076158940397,AAPL
2017-12-05,42.26499938964844,42.880001068115234,42.099998474121094,42.40999984741211,109400800,0.2460050314465409,AAPL
2017-12-06,41.875,42.54999923706055,41.6150016784668,42.252498626708984,114240000,0.21388525547445256,AAPL
2017-12-07,42.25749969482422,42.61000061035156,42.227500915527344,42.33000183105469,102693200,0.22368426791277257,AAPL
2017-12-08,42.622501373291016,42.75,42.20500183105469,42.342498779296875,93420800,0.2668935593220339,AAPL
2017-12-11,42.29999923706055,43.22249984741211,42.1974983215332,43.16749954223633,141095200,0.32141231454005936,AAPL
2017-12-12,43.037498474121094,43.09749984741211,42.8650016784668,42.92499923706055,77636800,0.3037013215859031,AAPL
2017-12-13,43.125,43.3849983215332,43.0,43.067501068115234,95273600,0.344106976744186,AAPL
2017-12-14,43.099998474121094,43.282501220703125,42.912498474121094,43.05500030517578,81906000,0.2713754587155963,AAPL
2017-12-15,43.407501220703125,43.54249954223633,43.1150016784668,43.49250030517578,160677200,0.24702924667651402,AAPL
2017-12-18,43.720001220703125,44.29999923706055,43.71500015258789,44.10499954223633,117684400,0.3343522796352584,AAPL
2017-12-19,43.75749969482422,43.84749984741211,43.522499084472656,43.6349983215332,109745600,0.24028988235294116,AAPL
2017-12-20,43.717498779296875,43.85499954223633,43.3125,43.587501525878906,93902400,0.29181633281972263,AAPL
2017-12-21,43.54249954223633,44.005001068115234,43.525001525878906,43.752498626708984,83799600,0.27255874384236456,AAPL
2017-12-22,43.66999816894531,43.85499954223633,43.625,43.752498626708984,65397600,0.27145272727272723,AAPL
2017-12-26,42.70000076293945,42.86750030517578,42.41999816894531,42.64250183105469,132742000,0.10162777191129883,AAPL
2017-12-27,42.525001525878906,42.69499969482422,42.4275016784668,42.650001525878906,85992800,0.19086011904761904,AAPL
2017-12-28,42.75,42.962501525878906,42.619998931884766,42.77000045776367,65920800,0.24880575342465752,AAPL
2017-12-29,42.630001068115234,42.647499084472656,42.30500030517578,42.307498931884766,103999600,0.2936749636098981,AAPL
2018-01-02,42.540000915527344,43.07500076293945,42.314998626708984,43.064998626708984,102223600,0.3452724340175953,AAPL
2018-01-03,43.13249969482422,43.63750076293945,42.9900016784668,43.057498931884766,118071600,0.26526782477341393,AAPL
2018-01-04,43.1349983215332,43.36750030517578,43.02000045776367,43.25749969482422,89738400,0.3123705782312925,AAPL
2018-01-05,43.36000061035156,43.842498779296875,43.26250076293945,43.75,94640000,0.1897757985257985,AAPL
2018-01-08,43.587501525878906,43.90250015258789,43.48249816894531,43.587501525878906,82271200,0.24173057971014492,AAPL
2018-01-09,43.63750076293945,43.76499938964844,43.352500915527344,43.58250045776367,86336000,0.27054649006622516,AAPL
2018-01-10,43.290000915527344,43.57500076293945,43.25,43.5724983215332,95839600,0.25108114525139663,AAPL
2018-01-11,43.647499084472656,43.872501373291016,43.622501373291016,43.81999969482422,74670800,0.3068531772575251,AAPL
2018-01-12,44.04499816894531,44.34000015258789,43.912498474121094,44.272499084472656,101672400,0.3225148514851485,AAPL
2018-01-16,44.474998474121094,44.84749984741211,44.03499984741211,44.04750061035156,118263600,0.2711742937853107,AAPL
2018-01-17,44.037498474121094,44.8125,43.76750183105469,44.775001525878906,137547200,0.23712474701011957,AAPL
2018-01-18,44.842498779296875,45.025001525878906,44.5625,44.814998626708984,124773600,0.2564871717171717,AAPL
2018-01-19,44.65250015258789,44.89500045776367,44.352500915527344,44.6150016784668,129700400,0.23643708399366087,AAPL
2018-01-22,44.32500076293945,44.44499969482422,44.150001525878906,44.25,108434400,0.26961496062992124,AAPL
2018-01-23,44.32500076293945,44.86000061035156,44.20500183105469,44.2599983215332,130756400,0.28241858216970994,AAPL
2018-01-24,44.3125,44.32500076293945,43.29999923706055,43.55500030517578,204420400,0.1928880466472303,AAPL
2018-01-25,43.627498626708984,43.73749923706055,42.63249969482422,42.77750015258789,166116000,0.2804548017621145,AAPL
2018-01-26,43.0,43.0,42.51499938964844,42.877498626708984,156572000,0.4002386262265834,AAPL
2018-01-29,42.540000915527344,42.540000915527344,41.76750183105469,41.9900016784668,202561600,0.2537111111111111,AAPL
2018-01-30,41.38249969482422,41.842498779296875,41.17499923706055,41.74250030517578,184192800,0.25855050193050194,AAPL
2018-01-31,41.717498779296875,42.11000061035156,41.625,41.85749816894531,129915600,0.3255933039647577,AAPL
2018-02-01,41.79249954223633,42.154998779296875,41.689998626708984,41.94499969482422,188923200,0.22287422680412375,AAPL
2018-02-02,41.5,41.70000076293945,40.025001525878906,40.125,346375200,0.17227802755620014,AAPL
2018-02-05,39.775001525878906,40.970001220703125,39.0,39.122501373291016,290954000,0.2589439381611066,AAPL
2018-02-06,38.70750045776367,40.93000030517578,38.5,40.75749969482422,272975200,0.2526636531365314,AAPL
2018-02-07,40.772499084472656,40.849998474121094,39.76750183105469,39.8849983215332,206434400,0.23211129666011787,AAPL
2018-02-08,40.0724983215332,40.25,38.75749969482422,38.787498474121094,217562000,0.2871229714285714,AAPL
2018-02-09,39.26750183105469,39.47249984741211,37.560001373291016,39.102500915527344,282690400,0.24105464190981432,AAPL
2018-02-12,39.625,40.97249984741211,39.377498626708984,40.6775016784668,243278000,0.2980577663671374,AAPL
2018-02-13,40.48749923706055,41.1875,40.412498474121094,41.084999084472656,130196800,0.24363702460850112,AAPL
2018-02-14,40.7599983215332,41.8849983215332,40.720001220703125,41.842498779296875,162579600,0.2553380710659898,AAPL
2018-02-15,42.4474983215332,43.272499084472656,42.25,43.247501373291016,204588800,0.28413021276595746,AAPL
2018-02-16,43.09000015258789,43.70500183105469,42.942501068115234,43.10749816894531,160704400,0.2809305107526882,AAPL
2018-02-20,43.01250076293945,43.564998626708984,42.85499954223633,42.962501525878906,135722000,0.2181907435508346,AAPL
2018-02-21,43.20750045776367,43.529998779296875,42.752498626708984,42.76750183105469,149886400,0.27929130434782606,AAPL
2018-02-22,42.95000076293945,43.48749923706055,42.9275016784668,43.125,123967600,0.2603108225108225,AAPL
2018-02-23,43.41749954223633,43.912498474121094,43.3849983215332,43.875,135249600,0.2894925217391304,AAPL
2018-02-26,44.087501525878906,44.84749984741211,44.0525016784668,44.74250030517578,152648800,0.25661837209302324,AAPL
2018-02-27,44.775001525878906,45.119998931884766,44.540000915527344,44.59749984741211,155712400,0.26926866359447005,AAPL
2018-02-28,44.814998626708984,45.154998779296875,44.51250076293945,44.529998779296875,151128400,0.24211037344398342,AAPL
2018-03-01,44.6349983215332,44.94499969482422,43.165000915527344,43.75,195208000,0.1844178137651822,AAPL
2018-03-02,43.20000076293945,44.07500076293945,43.11249923706055,44.0525016784668,153816000,0.17974018445322792,AAPL
2018-03-05,43.8025016784668,44.435001373291016,43.630001068115234,44.20500183105469,113605600,0.2653159420289855,AAPL
2018-03-06,44.477500915527344,44.5625,44.032501220703125,44.16749954223633,95154000,0.22947667984189724,AAPL
2018-03-07,43.73500061035156,43.962501525878906,43.567501068115234,43.75749969482422,126814000,0.19830392523364487,AAPL
2018-03-08,43.869998931884766,44.279998779296875,43.76750183105469,44.23500061035156,95096400,0.26180126582278485,AAPL
2018-03-09,44.4900016784668,45.0,44.34749984741211,44.994998931884766,128740800,0.2873783783783784,AAPL
2018-03-12,45.0724983215332,45.59749984741211,45.0525016784668,45.43000030517578,128828400,0.30352390745501284,AAPL
2018-03-13,45.647499084472656,45.875,44.810001373291016,44.99250030517578,126774000,0.2663265091863517,AAPL
2018-03-14,45.08000183105469,45.130001068115234,44.45249938964844,44.61000061035156,117473600,0.19018114478114478,AAPL
2018-03-15,44.625,45.060001373291016,44.51750183105469,44.662498474121094,90975200,0.1990057529610829,AAPL
2018-03-16,44.662498474121094,44.779998779296875,44.404998779296875,44.505001068115234,157618800,0.26607504621072087,AAPL
2018-03-19,44.33000183105469,44.36750030517578,43.415000915527344,43.82500076293945,133787200,0.17206777188328914,AAPL
2018-03-20,43.810001373291016,44.20000076293945,43.73500061035156,43.810001373291016,78597600,0.2336707627118644,AAPL
2018-03-21,43.7599983215332,43.772499084472656,42.814998626708984,42.817501068115234,148219600,0.2415545112781955,AAPL
2018-03-22,42.5,43.16999816894531,42.150001525878906,42.212501525878906,165963200,0.2392909200968523,AAPL
2018-03-23,42.09749984741211,42.47999954223633,41.23500061035156,41.23500061035156,164115200,0.21655440993788821,AAPL
2018-03-26,42.01750183105469,43.275001525878906,41.61000061035156,43.192501068115234,150164800,0.23004460028050494,AAPL
2018-03-27,43.41999816894531,43.787498474121094,41.72999954223633,42.084999084472656,163690400,0.23269812967581047,AAPL
2018-03-28,41.8125,42.505001068115234,41.29750061035156,41.619998931884766,166674000,0.2069820224719101,AAPL
2018-03-29,41.95249938964844,42.9375,41.724998474121094,41.94499969482422,153594000,0.17001104815864024,AAPL
2018-04-02,41.65999984741211,42.23500061035156,41.11750030517578,41.66999816894531,150347200,0.1371268803945746,AAPL
2018-04-03,41.90999984741211,42.1875,41.220001220703125,42.09749984741211,121112000,0.1752526458616011,AAPL
2018-04-04,41.220001220703125,43.002498626708984,41.192501068115234,42.90250015258789,138422000,0.22777208588957054,AAPL
2018-04-05,43.14500045776367,43.557498931884766,43.02000045776367,43.20000076293945,107732800,0.2585650176678445,AAPL
2018-04-06,42.74250030517578,43.119998931884766,42.04999923706055,42.095001220703125,140021200,0.20300119658119659,AAPL
2018-04-09,42.470001220703125,43.272499084472656,42.462501525878906,42.51250076293945,116070800,0.19956245353159852,AAPL
2018-04-10,43.25,43.5,42.88249969482422,43.3125,113634400,0.2798463492063492,AAPL
2018-04-11,43.057498931884766,43.47999954223633,42.92499923706055,43.11000061035156,89726400,0.2816435,AAPL
2018-04-12,43.352500915527344,43.75,43.2599983215332,43.53499984741211,91557200,0.2761873156342183,AAPL
2018-04-13,43.69499969482422,43.959999084472656,43.462501525878906,43.682498931884766,100497200,0.31229597523219815,AAPL
2018-04-16,43.75749969482422,44.04750061035156,43.70750045776367,43.95500183105469,86313600,0.28467063106796114,AAPL
2018-04-17,44.122501373291016,44.73500061035156,44.102500915527344,44.560001373291016,106421600,0.3319082949308756,AAPL
2018-04-18,44.45249938964844,44.70500183105469,44.220001220703125,44.459999084472656,83018000,0.2189373786407767,AAPL
2018-04-19,43.439998626708984,43.84749984741211,43.165000915527344,43.20000076293945,139235200,0.10711171875,AAPL
2018-04-20,42.650001525878906,42.80500030517578,41.35749816894531,41.43000030517578,261964400,0.09266132075471697,AAPL
2018-04-23,41.70750045776367,41.72999954223633,41.022499084472656,41.310001373291016,146062000,0.17558492537313433,AAPL
2018-04-24,41.41749954223633,41.58250045776367,40.30500030517578,40.73500061035156,134768000,0.16576104477611942,AAPL
2018-04-25,40.654998779296875,41.35499954223633,40.602500915527344,40.912498474121094,113528400,0.20725007473841553,AAPL
2018-04-26,41.029998779296875,41.432498931884766,40.842498779296875,41.05500030517578,111852000,0.219286013986014,AAPL
2018-04-27,41.0,41.08250045776367,40.157501220703125,40.58000183105469,142623200,0.18173188180404354,AAPL
2018-04-30,40.532501220703125,41.814998626708984,40.459999084472656,41.314998626708984,169709600,0.26024545454545456,AAPL
2018-05-01,41.602500915527344,42.29999923706055,41.317501068115234,42.275001525878906,214277600,0.26906641697877653,AAPL
2018-05-02,43.807498931884766,44.4375,43.45000076293945,44.14250183105469,266157600,0.23231425414364643,AAPL
2018-05-03,43.970001220703125,44.375,43.61000061035156,44.22249984741211,136272800,0.20407610619469027,AAPL
2018-05-04,44.5625,46.0625,44.54249954223633,45.95750045776367,224805200,0.2536939414567733,AAPL
2018-05-07,46.29499816894531,46.91749954223633,46.1875,46.290000915527344,169805600,0.27408918345705197,AAPL
2018-05-08,46.247501373291016,46.55500030517578,45.91749954223633,46.51250076293945,113611200,0.27785851393188854,AAPL
2018-05-09,46.63750076293945,46.849998474121094,46.30500030517578,46.84000015258789,92844800,0.2759974820143885,AAPL
2018-05-10,46.935001373291016,47.592498779296875,46.912498474121094,47.5099983215332,111957200,0.3033911330049261,AAPL
2018-05-11,47.372501373291016,47.51499938964844,46.86249923706055,47.147499084472656,104848800,0.28913665644171777,AAPL
2018-05-14,47.252498626708984,47.38249969482422,46.96500015258789,47.037498474121094,83115200,0.2679824686940966,AAPL
2018-05-15,46.69499969482422,46.76750183105469,46.275001525878906,46.61000061035156,94780800,0.26244529780564263,AAPL
2018-05-16,46.51750183105469,47.1150016784668,46.5,47.04499816894531,76732400,0.2906328493647913,AAPL
2018-05-17,47.0,47.227500915527344,46.59000015258789,46.747501373291016,69176000,0.27660802469135803,AAPL
2018-05-18,46.79750061035156,46.95249938964844,46.532501220703125,46.57749938964844,73190800,0.3299826086956522,AAPL
2018-05-21,47.0,47.317501068115234,46.727500915527344,46.907501220703125,73603200,0.2878127049180328,AAPL
2018-05-22,47.095001220703125,47.220001220703125,46.69499969482422,46.790000915527344,60962800,0.26773910386965377,AAPL
2018-05-23,46.587501525878906,47.125,46.439998626708984,47.09000015258789,80233600,0.31253530655391126,AAPL
2018-05-24,47.192501068115234,47.209999084472656,46.5525016784668,47.037498474121094,92936000,0.2459463971880492,AAPL
2018-05-25,47.057498931884766,47.412498474121094,46.912498474121094,47.14500045776367,69844000,0.29005788530465954,AAPL
2018-05-29,46.900001525878906,47.1875,46.717498779296875,46.974998474121094,90056400,0.23322483766233768,AAPL
2018-05-30,46.93000030517578,47.0,46.69499969482422,46.875,74762000,0.30874394785847303,AAPL
2018-05-31,46.80500030517578,47.057498931884766,46.53499984741211,46.717498779296875,109931200,0.2779422535211268,AAPL
2018-06-01,46.997501373291016,47.564998626708984,46.9375,47.560001373291016,93770000,0.3190271103896104,AAPL
2018-06-04,47.90999984741211,48.35499954223633,47.837501525878906,47.95750045776367,105064800,0.24950363349131122,AAPL
2018-06-05,48.26750183105469,48.48500061035156,48.09000015258789,48.32749938964844,86264000,0.24727897142857144,AAPL
2018-06-06,48.407501220703125,48.52000045776367,47.97999954223633,48.494998931884766,83734400,0.2949930966469428,AAPL
2018-06-07,48.53499984741211,48.54999923706055,48.084999084472656,48.3650016784668,85388800,0.2868530755711775,AAPL
2018-06-08,47.79249954223633,48.0,47.442501068115234,47.92499923706055,106627200,0.17987197278911565,AAPL
2018-06-11,47.837501525878906,47.99250030517578,47.5525016784668,47.807498931884766,73234000,0.24183491124260353,AAPL
2018-06-12,47.84749984741211,48.15250015258789,47.787498474121094,48.06999969482422,67644400,0.2791369369369369,AAPL
2018-06-13,48.10499954223633,48.220001220703125,47.61000061035156,47.67499923706055,86553600,0.29729143389199253,AAPL
2018-06-14,47.88750076293945,47.89250183105469,47.55500030517578,47.70000076293945,86440400,0.3179359489051095,AAPL
2018-06-15,47.50749969482422,47.540000915527344,47.064998626708984,47.209999084472656,246876800,0.2627440677966102,AAPL
2018-06-18,46.970001220703125,47.30500030517578,46.79999923706055,47.185001373291016,73939600,0.30057106796116506,AAPL
2018-06-19,46.28499984741211,46.58250045776367,45.86249923706055,46.42250061035156,134314000,0.21693287671232878,AAPL
2018-06-20,46.587501525878906,46.79999923706055,46.432498931884766,46.625,82514800,0.31223111545988264,AAPL
2018-06-21,46.8125,47.087501525878906,46.23500061035156,46.3650016784668,102847600,0.2548353515625,AAPL
2018-06-22,46.529998779296875,46.537498474121094,46.17499923706055,46.22999954223633,108801600,0.26263404761904763,AAPL
2018-06-25,45.849998474121094,46.22999954223633,45.182498931884766,45.54249954223633,126652400,0.265170110701107,AAPL
2018-06-26,45.747501373291016,46.63249969482422,45.6349983215332,46.10749816894531,98276800,0.2549106796116505,AAPL
2018-06-27,46.307498931884766,46.81999969482422,46.00749969482422,46.040000915527344,101141200,0.27328970873786407,AAPL
2018-06-28,46.025001525878906,46.5525016784668,45.95000076293945,46.375,69460800,0.2712150300601202,AAPL
2018-06-29,46.5724983215332,46.79750061035156,45.727500915527344,46.27750015258789,90950800,0.3022806763285024,AAPL
2018-07-02,45.95500183105469,46.82500076293945,45.85499954223633,46.79499816894531,70925200,0.25953942307692307,AAPL
2018-07-03,46.9474983215332,46.98749923706055,45.8849983215332,45.97999954223633,55819200,0.27268378378378383,AAPL
2018-07-05,46.314998626708984,46.602500915527344,46.06999969482422,46.349998474121094,66416800,0.2476080310880829,AAPL
2018-07-06,46.35499954223633,47.10749816894531,46.29999923706055,46.99250030517578,69940800,0.3259138755980861,AAPL
2018-07-09,47.375,47.66999816894531,47.32500076293945,47.64500045776367,79026400,0.29038922413793106,AAPL
2018-07-10,47.6775016784668,47.81999969482422,47.54499816894531,47.587501525878906,63756400,0.24890668016194334,AAPL
2018-07-11,47.125,47.44499969482422,46.90250015258789,46.970001220703125,75326000,0.1921970464135021,AAPL
2018-07-12,47.38249969482422,47.852500915527344,47.32749938964844,47.75749969482422,72164400,0.31004895238095237,AAPL
2018-07-13,47.77000045776367,47.959999084472656,47.724998474121094,47.83250045776367,50055600,0.3124246376811594,AAPL
2018-07-16,47.880001068115234,48.162498474121094,47.60499954223633,47.727500915527344,60172400,0.2361397368421053,AAPL
2018-07-17,47.4375,47.967498779296875,47.29999923706055,47.86249923706055,62138000,0.29273325942350337,AAPL
2018-07-18,47.94499969482422,47.95000076293945,47.48249816894531,47.599998474121094,65573600,0.2928692840646651,AAPL
2018-07-19,47.42250061035156,48.13750076293945,47.42250061035156,47.970001220703125,81147200,0.27745377176015473,AAPL
2018-07-20,47.94499969482422,48.10749816894531,47.54249954223633,47.86000061035156,82704800,0.2837825581395349,AAPL
2018-07-23,47.66999816894531,47.9900016784668,47.38999938964844,47.90250015258789,63957600,0.2925298076923077,AAPL
2018-07-24,48.11249923706055,48.415000915527344,48.01250076293945,48.25,74791600,0.2900528455284553,AAPL
2018-07-25,48.26499938964844,48.712501525878906,48.10749816894531,48.70500183105469,66839600,0.2962495762711865,AAPL
2018-07-26,48.65250015258789,48.9900016784668,48.40250015258789,48.5525016784668,76304000,0.2764189964157706,AAPL
2018-07-27,48.747501373291016,48.79750061035156,47.525001525878906,47.744998931884766,96096000,0.2980898635477583,AAPL
2018-07-30,47.974998474121094,48.04999923706055,47.26750183105469,47.477500915527344,84118000,0.2557773533424284,AAPL
2018-07-31,47.57500076293945,48.03499984741211,47.334999084472656,47.5724983215332,157492000,0.2932604049493813,AAPL
2018-08-01,49.782501220703125,50.439998626708984,49.32749938964844,50.375,271742800,0.2728244687310261,AAPL
2018-08-02,50.14500045776367,52.095001220703125,50.087501525878906,51.84749984741211,249616000,0.2327647928994083,AAPL
2018-08-03,51.75749969482422,52.185001373291016,51.369998931884766,51.997501373291016,133789600,0.24470861924686194,AAPL
2018-08-06,52.0,52.3125,51.76750183105469,52.26750183105469,101701600,0.2690629476584022,AAPL
2018-08-07,52.33000183105469,52.375,51.689998626708984,51.77750015258789,102349600,0.2378916864608076,AAPL
2018-08-08,51.51250076293945,51.95249938964844,51.130001068115234,51.8125,90102000,0.28760135135135134,AAPL
2018-08-09,52.38249969482422,52.44499969482422,51.79999923706055,52.220001220703125,93970400,0.3487,AAPL
2018-08-10,51.84000015258789,52.275001525878906,51.66749954223633,51.88249969482422,98444800,0.22567910447761194,AAPL
2018-08-13,52.32749938964844,52.73749923706055,51.92499923706055,52.217498779296875,103563600,0.3073300395256917,AAPL
2018-08-14,52.540000915527344,52.63999938964844,52.064998626708984,52.4375,82992000,0.2564404567699837,AAPL
2018-08-15,52.30500030517578,52.685001373291016,52.08250045776367,52.560001373291016,115230400,0.2593653120464441,AAPL
2018-08-16,52.9375,53.45249938964844,52.86750030517578,53.33000183105469,114001600,0.2646655639097744,AAPL
2018-08-17,53.36000061035156,54.48749923706055,53.290000915527344,54.39500045776367,141708000,0.23363081023454157,AAPL
2018-08-20,54.525001525878906,54.79499816894531,53.77750015258789,53.8650016784668,121150800,0.18673939790575916,AAPL
2018-08-21,54.20000076293945,54.29750061035156,53.50749969482422,53.7599983215332,104639200,0.2745806722689076,AAPL
2018-08-22,53.525001525878906,54.09000015258789,53.459999084472656,53.76250076293945,76072400,0.2704180987202925,AAPL
2018-08-23,53.662498474121094,54.26250076293945,53.650001525878906,53.872501373291016,75532800,0.2949188888888889,AAPL
2018-08-24,54.150001525878906,54.224998474121094,53.77750015258789,54.040000915527344,73905600,0.30490976645435247,AAPL
2018-08-27,54.287498474121094,54.685001373291016,54.08250045776367,54.48500061035156,82100400,0.3254319039451115,AAPL
2018-08-28,54.752498626708984,55.1349983215332,54.72999954223633,54.92499923706055,91107200,0.3063565573770492,AAPL
2018-08-29,55.037498474121094,55.872501373291016,54.852500915527344,55.744998931884766,109019200,0.2942552325581395,AAPL
2018-08-30,55.8125,57.064998626708984,55.599998474121094,56.25749969482422,195175200,0.24059250604351332,AAPL
2018-08-31,56.627498626708984,57.217498779296875,56.5,56.907501220703125,173360400,0.28490118483412324,AAPL
2018-09-04,57.102500915527344,57.29499816894531,56.657501220703125,57.09000015258789,109560400,0.2850922829581994,AAPL
2018-09-05,57.247501373291016,57.41749954223633,56.275001525878906,56.717498779296875,133332000,0.2697820143884892,AAPL
2018-09-06,56.557498931884766,56.837501525878906,55.32500076293945,55.775001525878906,137160000,0.17551981004070558,AAPL
2018-09-07,55.462501525878906,56.342498779296875,55.1775016784668,55.32500076293945,150479200,0.1746556561085973,AAPL
2018-09-10,55.23749923706055,55.462501525878906,54.11750030517578,54.58250045776367,158066000,0.17439329140461216,AAPL
2018-09-11,54.502498626708984,56.07500076293945,54.13999938964844,55.962501525878906,142996000,0.23767744282744283,AAPL
2018-09-12,56.23500061035156,56.25,54.959999084472656,55.26750183105469,197114800,0.1665467889908257,AAPL
2018-09-13,55.880001068115234,57.087501525878906,55.64250183105469,56.602500915527344,166825600,0.2294344680851064,AAPL
2018-09-14,56.4375,56.709999084472656,55.630001068115234,55.959999084472656,127997200,0.24400800477897253,AAPL
2018-09-17,55.537498474121094,55.73749923706055,54.317501068115234,54.470001220703125,148780400,0.17712488636363635,AAPL
2018-09-18,54.4474983215332,55.462501525878906,54.279998779296875,54.560001373291016,126286800,0.19377055214723926,AAPL
2018-09-19,54.625,54.904998779296875,53.82500076293945,54.592498779296875,108495200,0.2529134199134199,AAPL
2018-09-20,55.060001373291016,55.56999969482422,54.787498474121094,55.00749969482422,106435200,0.3023109668109668,AAPL
2018-09-21,55.19499969482422,55.34000015258789,54.3224983215332,54.415000915527344,384986800,0.274758918128655,AAPL
2018-09-24,54.20500183105469,55.314998626708984,54.157501220703125,55.1974983215332,110773600,0.2907932389937107,AAPL
2018-09-25,54.9375,55.70500183105469,54.92499923706055,55.54750061035156,98217600,0.22598810240963857,AAPL
2018-09-26,55.25,55.9375,54.939998626708984,55.10499954223633,95938800,0.25433569023569025,AAPL
2018-09-27,55.95500183105469,56.61000061035156,55.8849983215332,56.23749923706055,120724800,0.2731970760233918,AAPL
2018-09-28,56.1974983215332,56.459999084472656,56.005001068115234,56.435001373291016,91717600,0.3171699669966997,AAPL
2018-10-01,56.98749923706055,57.35499954223633,56.587501525878906,56.814998626708984,94403200,0.31855682656826567,AAPL
2018-10-02,56.8125,57.5,56.657501220703125,57.31999969482422,99152800,0.31102417127071824,AAPL
2018-10-03,57.51250076293945,58.36750030517578,57.44499969482422,58.01750183105469,114619200,0.20170714285714286,AAPL
2018-10-04,57.69499969482422,58.087501525878906,56.682498931884766,56.997501373291016,128168000,0.1503651102464332,AAPL
2018-10-05,56.9900016784668,57.102500915527344,55.14500045776367,56.0724983215332,134322000,0.1808417871222076,AAPL
2018-10-08,55.5525016784668,56.20000076293945,55.04999923706055,55.942501068115234,118655600,0.2297687350835322,AAPL
2018-10-09,55.90999984741211,56.817501068115234,55.5625,56.717498779296875,107564000,0.25297986688851914,AAPL
2018-10-10,56.3650016784668,56.587501525878906,54.01250076293945,54.09000015258789,167962400,0.1932238683127572,AAPL
2018-10-11,53.630001068115234,54.875,53.08000183105469,53.61249923706055,212497600,0.20415221962616822,AAPL
2018-10-12,55.10499954223633,55.720001220703125,54.209999084472656,55.52750015258789,161351600,0.2886415282392027,AAPL
2018-10-15,55.290000915527344,55.45750045776367,54.317501068115234,54.34000015258789,123164000,0.21294174757281556,AAPL
2018-10-16,54.73249816894531,55.747501373291016,54.189998626708984,55.537498474121094,116736000,0.2636691082802548,AAPL
2018-10-17,55.57500076293945,55.65999984741211,54.834999084472656,55.29750061035156,91541600,0.24766198347107438,AAPL
2018-10-18,54.46500015258789,54.935001373291016,53.25,54.005001068115234,130325200,0.17135945512820513,AAPL
2018-10-19,54.51499938964844,55.314998626708984,54.35749816894531,54.82749938964844,132314800,0.2147578947368421,AAPL
2018-10-22,54.9474983215332,55.84000015258789,54.73500061035156,55.162498474121094,115168400,0.261919747235387,AAPL
2018-10-23,53.95750045776367,55.8125,53.67499923706055,55.682498931884766,155071200,0.17251848958333335,AAPL
2018-10-24,55.650001525878906,56.057498931884766,53.6349983215332,53.772499084472656,163702000,0.21118563685636854,AAPL
2018-10-25,54.4275016784668,55.345001220703125,54.1875,54.95000076293945,119423200,0.21073606789250351,AAPL
2018-10-26,53.974998474121094,55.04750061035156,53.16749954223633,54.07500076293945,189033600,0.18380763052208837,AAPL
2018-10-29,54.79750061035156,54.92250061035156,51.522499084472656,53.060001373291016,183742000,0.1893297852474323,AAPL
2018-10-30,52.787498474121094,53.79499816894531,52.317501068115234,53.32500076293945,146640000,0.20626602787456444,AAPL
2018-10-31,54.220001220703125,55.11249923706055,54.154998779296875,54.71500015258789,153435600,0.2767683698296837,AAPL
2018-11-01,54.76250076293945,55.59000015258789,54.20249938964844,55.55500030517578,233292800,0.17362519356759978,AAPL
2018-11-02,52.38750076293945,53.412498474121094,51.35749816894531,51.869998931884766,365314800,0.14424636776390465,AAPL
2018-11-05,51.07500076293945,51.09749984741211,49.54249954223633,50.397499084472656,264654800,0.15706004098360657,AAPL
2018-11-06,50.47999954223633,51.18000030517578,50.42250061035156,50.942501068115234,127531600,0.21624994110718493,AAPL
2018-11-07,51.49250030517578,52.51499938964844,51.032501220703125,52.48749923706055,133697600,0.2561803320561941,AAPL
2018-11-08,52.494998931884766,52.529998779296875,51.6875,52.122501373291016,101450400,0.21577660910518054,AAPL
2018-11-09,51.38750076293945,51.502498626708984,50.5625,51.11750030517578,137463200,0.19114113667117727,AAPL
2018-11-12,49.75,49.962501525878906,48.4474983215332,48.54249954223633,204542000,0.07403719247467438,AAPL
2018-11-13,47.907501220703125,49.29499816894531,47.86249923706055,48.057498931884766,187531600,0.12241843354430379,AAPL
2018-11-14,48.474998474121094,48.619998931884766,46.48249816894531,46.70000076293945,243204000,0.11956788036410923,AAPL
2018-11-15,47.09749984741211,47.99250030517578,46.724998474121094,47.852500915527344,185915200,0.19049862660944206,AAPL
2018-11-16,47.625,48.74250030517578,47.3650016784668,48.38249969482422,147713200,0.19434444444444443,AAPL
2018-11-19,47.5,47.67499923706055,46.247501373291016,46.46500015258789,167701200,0.06845485714285714,AAPL
2018-11-20,44.592498779296875,45.36750030517578,43.877498626708984,44.244998931884766,271300800,0.1144252824858757,AAPL
2018-11-21,44.932498931884766,45.067501068115234,44.13750076293945,44.19499969482422,124496800,0.16115078534031413,AAPL
2018-11-23,43.73500061035156,44.150001525878906,43.025001525878906,43.0724983215332,94496000,0.13855471698113206,AAPL
2018-11-26,43.560001373291016,43.73749923706055,42.564998626708984,43.654998779296875,179994000,0.18260549450549451,AAPL
2018-11-27,42.877498626708984,43.692501068115234,42.720001220703125,43.560001373291016,165549600,0.17211945422535213,AAPL
2018-11-28,44.182498931884766,45.3224983215332,43.73249816894531,45.23500061035156,184250000,0.23778806419257775,AAPL
2018-11-29,45.665000915527344,45.70000076293945,44.42499923706055,44.88750076293945,167080000,0.1814738705738706,AAPL
2018-11-30,45.0724983215332,45.08250045776367,44.25749969482422,44.64500045776367,158126000,0.18669588068181817,AAPL
2018-12-03,46.1150016784668,46.23500061035156,45.3025016784668,46.20500183105469,163210000,0.203964099378882,AAPL
2018-12-04,45.23749923706055,45.59749984741211,44.067501068115234,44.17250061035156,165377200,0.154466791393826,AAPL
2018-12-06,42.939998626708984,43.69499969482422,42.60499954223633,43.68000030517578,172393600,0.12048712765957448,AAPL
2018-12-07,43.372501373291016,43.622501373291016,42.07500076293945,42.122501373291016,169126400,0.15388466666666667,AAPL
2018-12-10,41.25,42.522499084472656,40.83250045776367,42.400001525878906,248104000,0.09414127198917457,AAPL
2018-12-11,42.915000915527344,42.9474983215332,41.75,42.157501220703125,189126800,0.11725826086956523,AAPL
2018-12-12,42.599998474121094,42.97999954223633,42.255001068115234,42.275001525878906,142510800,0.16639001297016862,AAPL
2018-12-13,42.622501373291016,43.14250183105469,42.38750076293945,42.73749923706055,127594400,0.19137621407333993,AAPL
2018-12-14,42.25,42.27000045776367,41.31999969482422,41.369998931884766,162814800,0.20521353620146904,AAPL
2018-12-17,41.36249923706055,42.087501525878906,40.682498931884766,40.98500061035156,177151600,0.2184732884399551,AAPL
2018-12-18,41.345001220703125,41.88249969482422,41.09749984741211,41.51750183105469,135366000,0.23041648216482163,AAPL
2018-12-19,41.5,41.86249923706055,39.772499084472656,40.22249984741211,196189200,0.25019718309859157,AAPL
2018-12-20,40.099998474121094,40.52750015258789,38.82500076293945,39.20750045776367,259092000,0.11203510324483776,AAPL
2018-12-21,39.21500015258789,39.540000915527344,37.407501220703125,37.682498931884766,382978400,0.1526391133004926,AAPL
2018-12-24,37.037498474121094,37.88750076293945,36.647499084472656,36.70750045776367,148676800,0.19110445205479454,AAPL
2018-12-26,37.07500076293945,39.307498931884766,36.68000030517578,39.29249954223633,234330000,0.2505957746478873,AAPL
2018-12-27,38.959999084472656,39.192501068115234,37.51750183105469,39.037498474121094,212468400,0.21938370370370372,AAPL
2018-12-28,39.375,39.630001068115234,38.63750076293945,39.057498931884766,169165600,0.22696124763705103,AAPL
2018-12-31,39.63249969482422,39.84000015258789,39.119998931884766,39.435001373291016,140014000,0.26181218568665376,AAPL
2019-01-02,38.72249984741211,39.712501525878906,38.557498931884766,39.47999954223633,148158800,0.03292606689734717,AAPL
2019-01-03,35.994998931884766,36.43000030517578,35.5,35.54750061035156,365248800,0.06061406028727493,AAPL
2019-01-04,36.13249969482422,37.13750076293945,35.95000076293945,37.064998626708984,234428400,0.14474785969084425,AAPL
2019-01-07,37.17499923706055,37.20750045776367,36.474998474121094,36.98249816894531,219111200,0.23163934579439252,AAPL
2019-01-08,37.38999938964844,37.95500183105469,37.130001068115234,37.6875,164101200,0.2367779158699809,AAPL
2019-01-09,37.8224983215332,38.63249969482422,37.407501220703125,38.32749938964844,180396400,0.23981995153473346,AAPL
2019-01-10,38.125,38.49250030517578,37.71500015258789,38.45000076293945,143122800,0.2982811794228356,AAPL
2019-01-11,38.220001220703125,38.42499923706055,37.877498626708984,38.0724983215332,108092800,0.24741047979797978,AAPL
2019-01-14,37.712501525878906,37.817501068115234,37.30500030517578,37.5,129756800,0.18907928464977647,AAPL
2019-01-15,37.567501068115234,38.34749984741211,37.51250076293945,38.26750183105469,114843600,0.2465873015873016,AAPL
2019-01-16,38.27000045776367,38.970001220703125,38.25,38.73500061035156,122278800,0.2917181708784597,AAPL
2019-01-17,38.54999923706055,39.415000915527344,38.314998626708984,38.96500015258789,119284800,0.27635969267139476,AAPL
2019-01-18,39.375,39.470001220703125,38.994998931884766,39.20500183105469,135004000,0.308408875,AAPL
2019-01-22,39.102500915527344,39.182498931884766,38.154998779296875,38.32500076293945,121576000,0.2892564417177914,AAPL
2019-01-23,38.537498474121094,38.78499984741211,37.92499923706055,38.47999954223633,92522400,0.320074931880109,AAPL
2019-01-24,38.52750015258789,38.619998931884766,37.935001373291016,38.17499923706055,101766000,0.25053823178016726,AAPL
2019-01-25,38.869998931884766,39.532501220703125,38.58000183105469,39.439998626708984,134142000,0.32762340425531916,AAPL
2019-01-28,38.9474983215332,39.08250045776367,38.415000915527344,39.07500076293945,104768400,0.30219853556485354,AAPL
2019-01-29,39.0625,39.532501220703125,38.52750015258789,38.66999816894531,166348800,0.23742952322738387,AAPL
2019-01-30,40.8125,41.537498474121094,40.057498931884766,41.3125,244439200,0.2793868231911835,AAPL
2019-01-31,41.52750015258789,42.25,41.13999938964844,41.61000061035156,162958400,0.3028000985221675,AAPL
2019-02-01,41.7400016784668,42.244998931884766,41.48249816894531,41.630001068115234,130672400,0.31171554959785525,AAPL
2019-02-04,41.852500915527344,42.915000915527344,41.81999969482422,42.8125,125982000,0.31722825806451616,AAPL
2019-02-05,43.21500015258789,43.77000045776367,43.087501525878906,43.54499816894531,144406400,0.28962609942638623,AAPL
2019-02-06,43.662498474121094,43.89250183105469,43.212501525878906,43.560001373291016,112958400,0.3208053987730061,AAPL
2019-02-07,43.099998474121094,43.48500061035156,42.584999084472656,42.73500061035156,126966800,0.3182921938088829,AAPL
2019-02-08,42.247501373291016,42.665000915527344,42.10499954223633,42.602500915527344,95280000,0.34357635239567236,AAPL
2019-02-11,42.76250076293945,42.8025016784668,42.3125,42.35749816894531,83973600,0.29721767441860464,AAPL
2019-02-12,42.525001525878906,42.75,42.42499923706055,42.72249984741211,89134000,0.31675848563968667,AAPL
2019-02-13,42.84749984741211,43.119998931884766,42.47999954223633,42.54499816894531,89960800,0.2882741758241758,AAPL
2019-02-14,42.4275016784668,42.814998626708984,42.345001220703125,42.70000076293945,87342800,0.2148830985915493,AAPL
2019-02-15,42.8125,42.92499923706055,42.4375,42.60499954223633,98507200,0.2882316251830161,AAPL
2019-02-19,42.4275016784668,42.86000061035156,42.372501373291016,42.73249816894531,75891200,0.285438320610687,AAPL
2019-02-20,42.79750061035156,43.33000183105469,42.747501373291016,43.00749969482422,104457600,0.27187994389901826,AAPL
2019-02-21,42.95000076293945,43.092498779296875,42.57500076293945,42.76499938964844,68998800,0.30399351145038167,AAPL
2019-02-22,42.89500045776367,43.25,42.845001220703125,43.24250030517578,75652800,0.34138726937269376,AAPL
2019-02-25,43.540000915527344,43.967498779296875,43.48749923706055,43.557498931884766,87493600,0.40160202863961814,AAPL
2019-02-26,43.4275016784668,43.82500076293945,43.29249954223633,43.58250045776367,68280800,0.41988817345597895,AAPL
2019-02-27,43.3025016784668,43.75,43.182498931884766,43.717498779296875,111341600,0.4389116788321168,AAPL
2019-02-28,43.58000183105469,43.727500915527344,43.22999954223633,43.287498474121094,112861600,0.36402360570687414,AAPL
2019-03-01,43.56999969482422,43.787498474121094,43.22249984741211,43.74250030517578,103544800,0.3808257839721254,AAPL
2019-03-04,43.92250061035156,44.4375,43.49250030517578,43.962501525878906,109744800,0.34824375,AAPL
2019-03-05,43.98500061035156,44.0,43.6349983215332,43.88249969482422,78949600,0.35786934306569346,AAPL
2019-03-06,43.66749954223633,43.872501373291016,43.48500061035156,43.630001068115234,83241600,0.3415455273698264,AAPL
2019-03-07,43.467498779296875,43.61000061035156,43.005001068115234,43.125,99185600,0.34170027816411686,AAPL
2019-03-08,42.58000183105469,43.26750183105469,42.375,43.227500915527344,95997600,0.3306838255977496,AAPL
2019-03-11,43.872501373291016,44.779998779296875,43.837501525878906,44.724998474121094,128044000,0.3227751008064516,AAPL
2019-03-12,45.0,45.66749954223633,44.842498779296875,45.227500915527344,129870400,0.3494251396648045,AAPL
2019-03-13,45.5625,45.82500076293945,45.22999954223633,45.4275016784668,124130000,0.3344879023307436,AAPL
2019-03-14,45.974998474121094,46.025001525878906,45.63999938964844,45.932498931884766,94318000,0.30076836935166995,AAPL
2019-03-15,46.212501525878906,46.83250045776367,45.935001373291016,46.529998779296875,156171600,0.29393045267489715,AAPL
2019-03-18,46.45000076293945,47.09749984741211,46.4474983215332,47.005001068115234,104879200,0.3169310209424084,AAPL
2019-03-19,47.087501525878906,47.247501373291016,46.47999954223633,46.63249969482422,126585600,0.3250114634146341,AAPL
2019-03-20,46.557498931884766,47.372501373291016,46.182498931884766,47.040000915527344,124140800,0.33953755395683455,AAPL
2019-03-21,47.505001068115234,49.08250045776367,47.45249938964844,48.772499084472656,204136800,0.30992381615598885,AAPL
2019-03-22,48.834999084472656,49.42250061035156,47.69499969482422,47.76250076293945,169630800,0.25826768226332975,AAPL
2019-03-25,47.877498626708984,47.994998931884766,46.650001525878906,47.185001373291016,175381200,0.17245594202898548,AAPL
2019-03-26,47.915000915527344,48.220001220703125,46.14500045776367,46.6974983215332,199202000,0.18747533825338253,AAPL
2019-03-27,47.1875,47.439998626708984,46.63750076293945,47.11750030517578,119393600,0.25159817987152033,AAPL
2019-03-28,47.23749923706055,47.38999938964844,46.88249969482422,47.18000030517578,83121600,0.29224350567465324,AAPL
2019-03-29,47.45750045776367,47.52000045776367,47.1349983215332,47.48749923706055,94256000,0.26806964539007094,AAPL
2019-04-01,47.90999984741211,47.91999816894531,47.095001220703125,47.810001373291016,111448000,0.2508237903225806,AAPL
2019-04-02,47.772499084472656,48.6150016784668,47.76250076293945,48.505001068115234,91062800,0.3306708542713568,AAPL
2019-04-03,48.3125,49.125,48.287498474121094,48.837501525878906,93087200,0.3285002444987775,AAPL
2019-04-04,48.6974983215332,49.092498779296875,48.28499984741211,48.92250061035156,76457200,0.370953431372549,AAPL
2019-04-05,49.11249923706055,49.275001525878906,48.98249816894531,49.25,74106400,0.3441025735294117,AAPL
2019-04-08,49.10499954223633,50.057498931884766,49.084999084472656,50.025001525878906,103526800,0.2915262658227848,AAPL
2019-04-09,50.08000183105469,50.712501525878906,49.807498931884766,49.875,143072800,0.2618438976377953,AAPL
2019-04-10,49.66999816894531,50.185001373291016,49.54499816894531,50.154998779296875,86781200,0.25747137891077637,AAPL
2019-04-11,50.212501525878906,50.25,49.61000061035156,49.73749923706055,83603200,0.3383900289017341,AAPL
2019-04-12,49.79999923706055,50.03499984741211,49.0525016784668,49.717498779296875,111042800,0.3131857142857143,AAPL
2019-04-15,49.64500045776367,49.962501525878906,49.502498626708984,49.807498931884766,70146400,0.34094003164556963,AAPL
2019-04-16,49.8650016784668,50.342498779296875,49.63999938964844,49.8125,102785600,0.2786863095238095,AAPL
2019-04-17,49.8849983215332,50.845001220703125,49.65250015258789,50.782501220703125,115627200,0.2809669384057971,AAPL
2019-04-18,50.779998779296875,51.037498474121094,50.630001068115234,50.96500015258789,96783200,0.3313437945791726,AAPL
2019-04-22,50.70750045776367,51.23500061035156,50.584999084472656,51.13249969482422,77758000,0.3385317109144543,AAPL
2019-04-23,51.10749816894531,51.9375,50.974998474121094,51.869998931884766,93292000,0.35617151819322457,AAPL
2019-04-24,51.84000015258789,52.119998931884766,51.76250076293945,51.790000915527344,70162400,0.3655006775067751,AAPL
2019-04-25,51.70750045776367,51.939998626708984,51.279998779296875,51.31999969482422,74172800,0.31526870653685674,AAPL
2019-04-26,51.224998474121094,51.25,50.529998779296875,51.07500076293945,74596400,0.35247811965811965,AAPL
2019-04-29,51.099998474121094,51.49250030517578,50.96500015258789,51.15250015258789,88818800,0.3067830339321357,AAPL
2019-04-30,50.76499938964844,50.849998474121094,49.77750015258789,50.16749954223633,186139600,0.30418106162843006,AAPL
2019-05-01,52.470001220703125,53.82749938964844,52.307498931884766,52.630001068115234,259309200,0.25372801519468186,AAPL
2019-05-02,52.459999084472656,53.162498474121094,52.032501220703125,52.287498474121094,127985200,0.2392402777777778,AAPL
2019-05-03,52.72249984741211,52.959999084472656,52.557498931884766,52.9375,83569600,0.33255249376558604,AAPL
2019-05-06,51.0724983215332,52.209999084472656,50.875,52.119998931884766,129772400,0.25551704918032786,AAPL
2019-05-07,51.470001220703125,51.85499954223633,50.20750045776367,50.71500015258789,155054800,0.3370593849416755,AAPL
2019-05-08,50.474998474121094,51.334999084472656,50.4375,50.724998474121094,105358000,0.2920623011015912,AAPL
2019-05-09,50.099998474121094,50.41999816894531,49.165000915527344,50.18000030517578,139634400,0.32579155982905983,AAPL
2019-05-10,49.35499954223633,49.712501525878906,48.192501068115234,49.29499816894531,164834800,0.30445592705167174,AAPL
2019-05-13,46.9275016784668,47.369998931884766,45.712501525878906,46.43000030517578,229722400,0.2209092019543974,AAPL
2019-05-14,46.602500915527344,47.42499923706055,46.352500915527344,47.165000915527344,146118800,0.26089567901234567,AAPL
2019-05-15,46.567501068115234,47.9375,46.505001068115234,47.72999954223633,106178800,0.33318272311212815,AAPL
2019-05-16,47.477500915527344,48.11750030517578,47.209999084472656,47.52000045776367,132125600,0.275276404494382,AAPL
2019-05-17,46.73249816894531,47.724998474121094,46.689998626708984,47.25,131516400,0.26315263788968823,AAPL
2019-05-20,45.880001068115234,46.087501525878906,45.06999969482422,45.772499084472656,154449200,0.18004543325526934,AAPL
2019-05-21,46.30500030517578,47.0,46.17499923706055,46.650001525878906,113459200,0.29641117092866753,AAPL
2019-05-22,46.165000915527344,46.4275016784668,45.63750076293945,45.69499969482422,118994400,0.22276921487603307,AAPL
2019-05-23,44.95000076293945,45.1349983215332,44.45249938964844,44.915000915527344,146118800,0.2001531067961165,AAPL
2019-05-24,45.04999923706055,45.53499984741211,44.654998779296875,44.74250030517578,94858800,0.2816402422611036,AAPL
2019-05-28,44.72999954223633,45.147499084472656,44.477500915527344,44.557498931884766,111792800,0.2432014705882353,AAPL
2019-05-29,44.10499954223633,44.837501525878906,44.0,44.345001220703125,113924800,0.2372738292011019,AAPL
2019-05-30,44.48749923706055,44.807498931884766,44.16749954223633,44.57500076293945,84873600,0.16137287630402383,AAPL
2019-05-31,44.057498931884766,44.497501373291016,43.747501373291016,43.76750183105469,108174400,0.14781286821705425,AAPL
2019-06-03,43.900001525878906,44.47999954223633,42.567501068115234,43.32500076293945,161584400,0.13627604790419162,AAPL
2019-06-04,43.86000061035156,44.95750045776367,43.630001068115234,44.90999984741211,123872000,0.19635167630057804,AAPL
2019-06-05,46.06999969482422,46.247501373291016,45.28499984741211,45.6349983215332,119093600,0.1697859025032938,AAPL
2019-06-06,45.77000045776367,46.36750030517578,45.537498474121094,46.30500030517578,90105200,0.2512822683706071,AAPL
2019-06-07,46.627498626708984,47.97999954223633,46.442501068115234,47.537498474121094,122737600,0.23696902654867258,AAPL
2019-06-10,47.95249938964844,48.842498779296875,47.904998779296875,48.14500045776367,104883600,0.2497189781021898,AAPL
2019-06-11,48.71500015258789,49.0,48.400001525878906,48.70249938964844,107731600,0.18258796296296295,AAPL
2019-06-12,48.48749923706055,48.99250030517578,48.34749984741211,48.54750061035156,73012800,0.20674715789473683,AAPL
2019-06-13,48.67499923706055,49.1974983215332,48.400001525878906,48.537498474121094,86698400,0.18601205273069682,AAPL
2019-06-14,47.88750076293945,48.397499084472656,47.57500076293945,48.185001373291016,75046000,0.171475625,AAPL
2019-06-17,48.224998474121094,48.7400016784668,48.04249954223633,48.47249984741211,58676400,0.1959792156862745,AAPL
2019-06-18,49.01250076293945,50.0724983215332,48.8025016784668,49.61249923706055,106204000,0.2891278846153846,AAPL
2019-06-19,49.91999816894531,49.970001220703125,49.32749938964844,49.467498779296875,84496800,0.18787320872274144,AAPL
2019-06-20,50.092498779296875,50.15250015258789,49.50749969482422,49.8650016784668,86056000,0.2285792358803987,AAPL
2019-06-21,49.70000076293945,50.212501525878906,49.537498474121094,49.69499969482422,191202400,0.21470833333333333,AAPL
2019-06-24,49.6349983215332,50.040000915527344,49.54249954223633,49.64500045776367,72881600,0.13326510538641687,AAPL
2019-06-25,49.60749816894531,49.814998626708984,48.8224983215332,48.89250183105469,84281200,0.15489872727272727,AAPL
2019-06-26,49.442501068115234,50.247501373291016,49.337501525878906,49.95000076293945,104270000,0.17652890365448504,AAPL
2019-06-27,50.0724983215332,50.39250183105469,49.89250183105469,49.935001373291016,83598800,0.1504344624447717,AAPL
2019-06-28,49.66999816894531,49.875,49.26250076293945,49.47999954223633,124442400,0.18184088820826952,AAPL
2019-07-01,50.79249954223633,51.122501373291016,50.162498474121094,50.38750076293945,109012000,0.2078863105175292,AAPL
2019-07-02,50.352500915527344,50.782501220703125,50.34000015258789,50.682498931884766,67740800,0.17105893617021276,AAPL
2019-07-03,50.81999969482422,51.11000061035156,50.67250061035156,51.102500915527344,45448000,0.24058840579710145,AAPL
2019-07-05,50.837501525878906,51.27000045776367,50.724998474121094,51.057498931884766,69062000,0.20049859550561797,AAPL
2019-07-08,50.20249938964844,50.349998474121094,49.602500915527344,50.005001068115234,101354400,0.10450922401171303,AAPL
2019-07-09,49.79999923706055,50.377498626708984,49.70249938964844,50.310001373291016,82312000,0.1810751145038168,AAPL
2019-07-10,50.462501525878906,50.932498931884766,50.38999938964844,50.807498931884766,71588400,0.21766921397379912,AAPL
2019-07-11,50.82749938964844,51.09749984741211,50.4275016784668,50.4375,80767200,0.11502576419213974,AAPL
2019-07-12,50.61249923706055,51.0,50.54999923706055,50.82500076293945,70380800,0.21049186991869917,AAPL
2019-07-15,51.022499084472656,51.467498779296875,51.0,51.3025016784668,67789600,0.18322713936430315,AAPL
2019-07-16,51.147499084472656,51.52750015258789,50.875,51.125,67467200,0.20601546391752576,AAPL
2019-07-17,51.01250076293945,51.272499084472656,50.817501068115234,50.837501525878906,56430000,0.17961311475409836,AAPL
2019-07-18,51.0,51.470001220703125,50.92499923706055,51.415000915527344,74162400,0.18974392361111111,AAPL
2019-07-19,51.4474983215332,51.625,50.59000015258789,50.647499084472656,83717200,0.1635578947368421,AAPL
2019-07-22,50.912498474121094,51.807498931884766,50.90250015258789,51.80500030517578,89111600,0.2228176265270506,AAPL
2019-07-23,52.1150016784668,52.227500915527344,51.8224983215332,52.209999084472656,73420800,0.17978354080221298,AAPL
2019-07-24,51.91749954223633,52.287498474121094,51.79249954223633,52.16749954223633,59966400,0.26645934782608693,AAPL
2019-07-25,52.22249984741211,52.310001373291016,51.682498931884766,51.755001068115234,55638400,0.2314963141025641,AAPL
2019-07-26,51.869998931884766,52.432498931884766,51.78499984741211,51.935001373291016,70475600,0.20038662790697676,AAPL
2019-07-29,52.1150016784668,52.65999984741211,52.11000061035156,52.41999816894531,86693600,0.20251865671641792,AAPL
2019-07-30,52.189998626708984,52.540000915527344,51.82749938964844,52.19499969482422,135742800,0.28711465567981165,AAPL
2019-07-31,54.10499954223633,55.342498779296875,52.82500076293945,53.2599983215332,277125600,0.21530724815724814,AAPL
2019-08-01,53.474998474121094,54.50749969482422,51.685001373291016,52.10749816894531,216071600,0.1710719723183391,AAPL
2019-08-02,51.38249969482422,51.60749816894531,50.407501220703125,51.005001068115234,163448400,0.12493954802259886,AAPL
2019-08-05,49.497501373291016,49.662498474121094,48.14500045776367,48.334999084472656,209572000,0.1140916996047431,AAPL
2019-08-06,49.07749938964844,49.51750183105469,48.5099983215332,49.25,143299200,0.1579867895545315,AAPL
2019-08-07,48.852500915527344,49.88999938964844,48.45500183105469,49.7599983215332,133457600,0.19460132827324478,AAPL
2019-08-08,50.04999923706055,50.88249969482422,49.84749984741211,50.85749816894531,108038000,0.17677158878504673,AAPL
2019-08-09,50.32500076293945,50.689998626708984,49.8224983215332,50.247501373291016,98478800,0.15361153846153847,AAPL
2019-08-12,49.904998779296875,50.51250076293945,49.787498474121094,50.119998931884766,89927600,0.1774515337423313,AAPL
2019-08-13,50.255001068115234,53.03499984741211,50.119998931884766,52.24250030517578,188874000,0.15523780160857908,AAPL
2019-08-14,50.790000915527344,51.61000061035156,50.647499084472656,50.6875,146189600,0.10598288590604027,AAPL
2019-08-15,50.8650016784668,51.28499984741211,49.91749954223633,50.435001373291016,108909600,0.12794466666666668,AAPL
2019-08-16,51.06999969482422,51.790000915527344,50.959999084472656,51.625,110481600,0.15816072072072074,AAPL
2019-08-19,52.654998779296875,53.182498931884766,52.50749969482422,52.587501525878906,97654400,0.1441562099871959,AAPL
2019-08-20,52.720001220703125,53.337501525878906,52.58000183105469,52.59000015258789,107537200,0.10697697160883281,AAPL
2019-08-21,53.247501373291016,53.412498474121094,52.900001525878906,53.15999984741211,86141600,0.16663709677419355,AAPL
2019-08-22,53.29750061035156,53.61000061035156,52.6875,53.1150016784668,89014800,0.14787936288088643,AAPL
2019-08-23,52.35749816894531,53.01250076293945,50.25,50.65999984741211,187272000,0.08663451118963486,AAPL
2019-08-26,51.46500015258789,51.79750061035156,51.26499938964844,51.622501373291016,104174400,0.12279265306122449,AAPL
2019-08-27,51.96500015258789,52.13750076293945,50.88249969482422,51.040000915527344,103493200,0.12398492706645056,AAPL
2019-08-28,51.025001525878906,51.43000030517578,50.83000183105469,51.38249969482422,63755200,0.13752952380952382,AAPL
2019-08-29,52.125,52.33000183105469,51.665000915527344,52.252498626708984,83962000,0.1535323566878981,AAPL
2019-08-30,52.540000915527344,52.61249923706055,51.79999923706055,52.185001373291016,84573600,0.15455357142857143,AAPL
2019-09-03,51.60749816894531,51.744998931884766,51.05500030517578,51.42499923706055,80092000,0.11780343007915567,AAPL
2019-09-04,52.09749984741211,52.369998931884766,51.83000183105469,52.29750061035156,76752400,0.15065406125166445,AAPL
2019-09-05,53.0,53.49250030517578,52.877498626708984,53.31999969482422,95654800,0.16942615207373274,AAPL
2019-09-06,53.51250076293945,53.60499954223633,53.127498626708984,53.314998626708984,77449200,0.13261854838709677,AAPL
2019-09-09,53.709999084472656,54.11000061035156,52.76750183105469,53.54249954223633,109237600,0.12869484808454426,AAPL
2019-09-10,53.46500015258789,54.19499969482422,52.9275016784668,54.17499923706055,127111600,0.12463283775048482,AAPL
2019-09-11,54.51750183105469,55.9275016784668,54.432498931884766,55.897499084472656,177158400,0.19380936819172112,AAPL
2019-09-12,56.20000076293945,56.60499954223633,55.71500015258789,55.772499084472656,128906800,0.1611607520564042,AAPL
2019-09-13,55.0,55.1974983215332,54.255001068115234,54.6875,159053200,0.08688254410399257,AAPL
2019-09-16,54.432498931884766,55.032501220703125,54.38999938964844,54.974998474121094,84632400,0.16650252293577983,AAPL
2019-09-17,54.9900016784668,55.20500183105469,54.779998779296875,55.17499923706055,73274800,0.16041783681214422,AAPL
2019-09-18,55.26499938964844,55.712501525878906,54.86000061035156,55.692501068115234,101360000,0.14063292894280763,AAPL
2019-09-19,55.502498626708984,55.939998626708984,55.092498779296875,55.2400016784668,88242400,0.17797038834951456,AAPL
2019-09-20,55.345001220703125,55.63999938964844,54.36750030517578,54.432498931884766,221652400,0.1453859420289855,AAPL
2019-09-23,54.73749923706055,54.959999084472656,54.412498474121094,54.68000030517578,76662000,0.1675599173553719,AAPL
2019-09-24,55.25749969482422,55.622501373291016,54.29750061035156,54.41999816894531,124763200,0.16962824773413898,AAPL
2019-09-25,54.63750076293945,55.375,54.28499984741211,55.25749969482422,87613600,0.20186369168357,AAPL
2019-09-26,55.0,55.23500061035156,54.70750045776367,54.97249984741211,75334000,0.16928838951310862,AAPL
2019-09-27,55.1349983215332,55.2400016784668,54.31999969482422,54.70500183105469,101408000,0.18068881856540084,AAPL
2019-09-30,55.224998474121094,56.14500045776367,55.1974983215332,55.99250030517578,103909600,0.21334637096774195,AAPL
2019-10-01,56.26750183105469,57.05500030517578,56.04999923706055,56.147499084472656,139223200,0.13963374689826302,AAPL
2019-10-02,55.76499938964844,55.89500045776367,54.48249816894531,54.7400016784668,138449200,0.1243546617915905,AAPL
2019-10-03,54.60749816894531,55.2400016784668,53.782501220703125,55.20500183105469,114426000,0.15307427101200685,AAPL
2019-10-04,56.40999984741211,56.872501373291016,55.97249984741211,56.752498626708984,138478800,0.18726821345707656,AAPL
2019-10-07,56.567501068115234,57.48249816894531,56.459999084472656,56.76499938964844,122306000,0.16557470967741936,AAPL
2019-10-08,56.45500183105469,57.01499938964844,56.08250045776367,56.099998474121094,111820000,0.13024375,AAPL
2019-10-09,56.75749969482422,56.9474983215332,56.40999984741211,56.75749969482422,74770400,0.12863466003316748,AAPL
2019-10-10,56.98249816894531,57.61000061035156,56.82500076293945,57.522499084472656,113013600,0.1153906949352179,AAPL
2019-10-11,58.23749923706055,59.40999984741211,58.07749938964844,59.0525016784668,166795600,0.19341196670135274,AAPL
2019-10-14,58.724998474121094,59.532501220703125,58.66749954223633,58.967498779296875,96427600,0.17075361344537815,AAPL
2019-10-15,59.09749984741211,59.412498474121094,58.720001220703125,58.83000183105469,87360000,0.12083964232488822,AAPL
2019-10-16,58.342498779296875,58.810001373291016,58.29999923706055,58.592498779296875,73903200,0.10807047619047619,AAPL
2019-10-17,58.772499084472656,59.037498474121094,58.380001068115234,58.81999969482422,67585200,0.15309582577132486,AAPL
2019-10-18,58.647499084472656,59.39500045776367,58.5724983215332,59.102500915527344,97433600,0.1636736263736264,AAPL
2019-10-21,59.380001068115234,60.247501373291016,59.33000183105469,60.127498626708984,87247200,0.20445659898477156,AAPL
2019-10-22,60.290000915527344,60.54999923706055,59.904998779296875,59.9900016784668,82293600,0.1566370512820513,AAPL
2019-10-23,60.525001525878906,60.810001373291016,60.30500030517578,60.79499816894531,75828800,0.17844846715328466,AAPL
2019-10-24,61.127498626708984,61.20000076293945,60.45249938964844,60.89500045776367,69275200,0.15021844660194172,AAPL
2019-10-25,60.790000915527344,61.682498931884766,60.720001220703125,61.64500045776367,73477200,0.22824562211981567,AAPL
2019-10-28,61.85499954223633,62.3125,61.68000030517578,62.26250076293945,96572800,0.2360442857142857,AAPL
2019-10-29,62.24250030517578,62.4375,60.64250183105469,60.8224983215332,142839600,0.2296079207920792,AAPL
2019-10-30,61.189998626708984,61.32500076293945,60.3025016784668,60.814998626708984,124522000,0.2546039021164021,AAPL
2019-10-31,61.810001373291016,62.29249954223633,59.314998626708984,62.189998626708984,139162000,0.20519408866995073,AAPL
2019-11-01,62.3849983215332,63.98249816894531,62.290000915527344,63.95500183105469,151125200,0.22731930693069308,AAPL
2019-11-04,64.3324966430664,64.4625015258789,63.845001220703125,64.375,103272000,0.12250255941499086,AAPL
2019-11-05,64.26249694824219,64.54750061035156,64.08000183105469,64.28250122070312,79897600,0.17919812734082396,AAPL
2019-11-06,64.19249725341797,64.37249755859375,63.842498779296875,64.30999755859375,75864400,0.20268922018348626,AAPL
2019-11-07,64.68499755859375,65.0875015258789,64.52749633789062,64.85749816894531,94940400,0.1674080996884735,AAPL
2019-11-08,64.67250061035156,65.11000061035156,64.2125015258789,65.03500366210938,69986400,0.1492496993987976,AAPL
2019-11-11,64.57499694824219,65.61750030517578,64.56999969482422,65.55000305175781,81821200,0.14638356164383562,AAPL
2019-11-12,65.38749694824219,65.69750213623047,65.2300033569336,65.48999786376953,87388800,0.1849895008605852,AAPL
2019-11-13,65.28250122070312,66.19499969482422,65.26750183105469,66.11750030517578,102734400,0.18039132176234982,AAPL
2019-11-14,65.9375,66.22000122070312,65.5250015258789,65.66000366210938,89182800,0.07219710344827586,AAPL
2019-11-15,65.91999816894531,66.44499969482422,65.75250244140625,66.44000244140625,100206400,0.18253890625,AAPL
2019-11-18,66.44999694824219,66.85749816894531,66.05750274658203,66.7750015258789,86703200,0.18594293628808864,AAPL
2019-11-19,66.9749984741211,67.0,66.34750366210938,66.57250213623047,76167200,0.15649837251356238,AAPL
2019-11-20,66.38500213623047,66.5199966430664,65.0999984741211,65.79750061035156,106234400,0.13951935483870967,AAPL
2019-11-21,65.92250061035156,66.00250244140625,65.29499816894531,65.50250244140625,121395200,0.12122120141342756,AAPL
2019-11-22,65.64749908447266,65.79499816894531,65.20999908447266,65.44499969482422,65325200,0.3240948717948718,AAPL
2019-11-25,65.67749786376953,66.61000061035156,65.62999725341797,66.59249877929688,84020400,0.18745193236714977,AAPL
2019-11-26,66.73500061035156,66.79000091552734,65.625,66.07250213623047,105207600,0.1680860310421286,AAPL
2019-11-27,66.3949966430664,66.99500274658203,66.32749938964844,66.95999908447266,65235600,0.18098520286396183,AAPL
2019-11-29,66.6500015258789,67.0,66.4749984741211,66.8125,46617600,0.16620714285714286,AAPL
2019-12-02,66.81749725341797,67.0625,65.86250305175781,66.04000091552734,94487200,0.228741568627451,AAPL
2019-12-03,64.57749938964844,64.88249969482422,64.07250213623047,64.86250305175781,114430400,0.1279472072072072,AAPL
2019-12-04,65.26750183105469,65.82749938964844,65.16999816894531,65.43499755859375,67181600,0.16661659090909092,AAPL
2019-12-05,65.94750213623047,66.47250366210938,65.68250274658203,66.3949966430664,74424400,0.19460465116279071,AAPL
2019-12-06,66.87000274658203,67.75,66.82499694824219,67.67749786376953,106075600,0.22500605143721636,AAPL
2019-12-09,67.5,67.69999694824219,66.22750091552734,66.7300033569336,128042400,0.17296733333333333,AAPL
2019-12-10,67.1500015258789,67.51750183105469,66.46499633789062,67.12000274658203,90420400,0.1620168918918919,AAPL
2019-12-11,67.20249938964844,67.7750015258789,67.125,67.69249725341797,78756800,0.25700652173913047,AAPL
2019-12-12,66.94499969482422,68.13999938964844,66.83000183105469,67.86499786376953,137310400,0.16868271446862995,AAPL
2019-12-13,67.86499786376953,68.82499694824219,67.73249816894531,68.7874984741211,133587600,0.1698730283911672,AAPL
2019-12-16,69.25,70.19750213623047,69.24500274658203,69.96499633789062,128186000,0.21595536959553696,AAPL
2019-12-17,69.89250183105469,70.44249725341797,69.69999694824219,70.10250091552734,114158400,0.15404081632653063,AAPL
2019-12-18,69.94999694824219,70.4749984741211,69.77999877929688,69.93499755859375,116028400,0.2003082956259427,AAPL
2019-12-19,69.875,70.29499816894531,69.73750305175781,70.00499725341797,98369200,0.19268207739307536,AAPL
2019-12-20,70.55750274658203,70.6624984741211,69.63999938964844,69.86000061035156,275978000,0.17986943820224718,AAPL
2019-12-23,70.13249969482422,71.0625,70.09249877929688,71.0,98572000,0.19403865546218488,AAPL
2019-12-24,71.17250061035156,71.22250366210938,70.7300033569336,71.06749725341797,48478800,0.24778039772727273,AAPL
2019-12-26,71.20500183105469,72.49500274658203,71.17500305175781,72.47750091552734,93121200,0.21581201157742402,AAPL
2019-12-27,72.77999877929688,73.49250030517578,72.02999877929688,72.44999694824219,146266000,0.21008188976377953,AAPL
2019-12-30,72.36499786376953,73.17250061035156,71.30500030517578,72.87999725341797,144114400,0.23781926229508196,AAPL
2019-12-31,72.48249816894531,73.41999816894531,72.37999725341797,73.4124984741211,100805600,0.20724787701317715,AAPL
2015-01-02,15.628999710083008,15.737500190734863,15.347999572753906,15.425999641418457,55664000,0.10046149425287357,AMZN
2015-01-05,15.350500106811523,15.418999671936035,15.042499542236328,15.10949993133545,55484000,0.08867081850533808,AMZN
2015-01-06,15.112000465393066,15.149999618530273,14.619000434875488,14.76449966430664,70380000,0.10520485436893204,AMZN
2015-01-07,14.875,15.064000129699707,14.766500473022461,14.920999526977539,52806000,0.11146752577319588,AMZN
2015-01-08,15.015999794006348,15.156999588012695,14.805500030517578,15.02299976348877,61768000,0.11214651162790698,AMZN
2015-01-09,15.074000358581543,15.143500328063965,14.833999633789062,14.846500396728516,51848000,0.20022975609756097,AMZN
2015-01-12,14.878000259399414,14.92549991607666,14.46399974822998,14.570500373840332,68428000,0.16888565217391305,AMZN
2015-01-13,14.87399959564209,15.074999809265137,14.661499977111816,14.737000465393066,82728000,0.20828329297820825,AMZN
2015-01-14,14.596500396728516,14.795499801635742,14.324999809265137,14.66349983215332,110774000,0.10597640845070423,AMZN
2015-01-15,14.699999809265137,14.800000190734863,14.340999603271484,14.34749984741211,88384000,0.1847282142857143,AMZN
2015-01-16,14.314000129699707,14.53950023651123,14.262499809265137,14.536999702453613,69564000,-0.12852453416149068,AMZN
2015-01-20,14.629500389099121,14.668000221252441,14.319499969482422,14.472000122070312,61502000,0.1854396475770925,AMZN
2015-01-21,14.482000350952148,15.300000190734863,14.36299991607666,14.862500190734863,201302000,0.19481051587301587,AMZN
2015-01-22,15.0,15.612500190734863,15.0,15.515999794006348,107252000,-0.15152150735294118,AMZN
2015-01-23,15.404000282287598,15.846500396728516,15.38599967956543,15.619500160217285,89928000,-0.0392889724310777,AMZN
2015-01-26,15.590999603271484,15.649999618530273,15.37600040435791,15.482999801635742,63394000,0.2813857142857143,AMZN
2015-01-27,15.3149995803833,15.51200008392334,15.131500244140625,15.337499618530273,58406000,0.23158218623481783,AMZN
2015-01-28,15.490500450134277,15.575499534606934,15.1899995803833,15.195500373840332,61276000,0.2841506711409396,AMZN
2015-01-29,15.236499786376953,15.640000343322754,14.966500282287598,15.58899974822998,173132000,0.2558212993421053,AMZN
2015-01-30,17.31599998474121,17.975000381469727,17.03700065612793,17.726499557495117,477122000,0.24631868223519598,AMZN
2015-02-02,17.502500534057617,18.25,17.500499725341797,18.223499298095703,204638000,0.16423419540229886,AMZN
2015-02-03,18.01449966430664,18.391000747680664,18.010499954223633,18.177499771118164,124252000,0.24481476510067116,AMZN
2015-02-04,17.91900062561035,18.375,17.911500930786133,18.237499237060547,83398000,0.1991839590443686,AMZN
2015-02-05,18.299999237060547,18.940000534057617,18.295000076293945,18.694499969482422,144952000,0.20244679144385028,AMZN
2015-02-06,18.743499755859375,18.79949951171875,18.550500869750977,18.714000701904297,77848000,0.16191460674157301,AMZN
2015-02-09,18.549999237060547,18.720500946044922,18.360000610351562,18.527999877929688,54492000,0.1502048387096774,AMZN
2015-02-10,18.559499740600586,18.71500015258789,18.425500869750977,18.649999618530273,45744000,0.1380771739130435,AMZN
2015-02-11,18.561500549316406,18.854999542236328,18.55500030517578,18.756999969482422,55730000,0.1384934065934066,AMZN
2015-02-12,18.7549991607666,18.925500869750977,18.657499313354492,18.85849952697754,55822000,0.1389621052631579,AMZN
2015-02-13,18.920499801635742,19.149999618530273,18.850500106811523,19.09149932861328,69502000,0.15948840579710144,AMZN
2015-02-17,18.88599967956543,18.999500274658203,18.633499145507812,18.771499633789062,73464000,0.1488611510791367,AMZN
2015-02-18,18.68899917602539,18.836999893188477,18.642499923706055,18.668500900268555,53012000,0.20993718592964825,AMZN
2015-02-19,18.67449951171875,19.0939998626709,18.671499252319336,18.950000762939453,59076000,0.09957272727272727,AMZN
2015-02-20,18.930999755859375,19.184999465942383,18.79199981689453,19.183000564575195,65160000,0.09538052434456928,AMZN
2015-02-23,19.172000885009766,19.226999282836914,18.899999618530273,19.006999969482422,43540000,0.18319244186046513,AMZN
2015-02-24,18.9325008392334,19.02400016784668,18.808000564575195,18.929500579833984,38416000,0.1686925170068027,AMZN
2015-02-25,18.863500595092773,19.392499923706055,18.82699966430664,19.26849937438965,63490000,0.2022436507936508,AMZN
2015-02-26,19.203500747680664,19.4685001373291,19.163999557495117,19.239999771118164,53742000,0.1330348,AMZN
2015-02-27,19.200000762939453,19.29949951171875,18.989500045776367,19.007999420166016,50646000,0.1307221052631579,AMZN
2015-03-02,19.042499542236328,19.295000076293945,18.974000930786133,19.283000946044922,42784000,0.10731379310344828,AMZN
2015-03-03,19.197500228881836,19.30500030517578,19.079999923706055,19.230499267578125,38930000,0.1729770925110132,AMZN
2015-03-04,19.285499572753906,19.395000457763672,19.109500885009766,19.13599967956543,45182000,0.1291787769784173,AMZN
2015-03-05,19.280500411987305,19.42099952697754,19.194499969482422,19.39150047302246,53870000,0.13650721649484535,AMZN
2015-03-06,19.275999069213867,19.350000381469727,18.944000244140625,19.004499435424805,52540000,0.10326514084507042,AMZN
2015-03-09,18.920000076293945,18.96649932861328,18.763999938964844,18.92799949645996,46228000,0.09472981651376147,AMZN
2015-03-10,18.872499465942383,18.888500213623047,18.458999633789062,18.475500106811523,62420000,0.1058995283018868,AMZN
2015-03-11,18.530500411987305,18.667499542236328,18.312999725341797,18.318500518798828,49902000,0.09397806122448979,AMZN
2015-03-12,18.44099998474121,18.774999618530273,18.375999450683594,18.711999893188477,56200000,0.14926461538461538,AMZN
2015-03-13,18.576000213623047,18.699499130249023,18.333999633789062,18.52899932861328,52234000,0.12283742331288344,AMZN
2015-03-16,18.518999099731445,18.69700050354004,18.336000442504883,18.667499542236328,47082000,0.05908136363636363,AMZN
2015-03-17,18.555500030517578,18.725000381469727,18.48200035095215,18.59600067138672,40740000,0.16375217391304348,AMZN
2015-03-18,18.49850082397461,18.79949951171875,18.334999084472656,18.756999969482422,53082000,0.22392149532710282,AMZN
2015-03-19,18.693500518798828,18.855499267578125,18.609500885009766,18.66200065612793,38314000,0.23359330985915494,AMZN
2015-03-20,18.81450080871582,18.9685001373291,18.79599952697754,18.92449951171875,75272000,0.2563588235294118,AMZN
2015-03-23,18.903499603271484,19.088499069213867,18.746999740600586,18.75550079345703,44786000,0.194765306122449,AMZN
2015-03-24,18.699499130249023,18.761999130249023,18.613500595092773,18.704500198364258,44564000,0.12958369098712447,AMZN
2015-03-25,18.758499145507812,19.024999618530273,18.51449966430664,18.54800033569336,68590000,0.15253781512605044,AMZN
2015-03-26,18.47949981689453,18.56999969482422,18.282499313354492,18.36750030517578,58600000,0.20611975806451613,AMZN
2015-03-27,18.355499267578125,18.65850067138672,18.328500747680664,18.527999877929688,52196000,0.14873642857142857,AMZN
2015-03-30,18.5935001373291,18.805999755859375,18.577499389648438,18.72949981689453,36418000,0.16547233009708737,AMZN
2015-03-31,18.66200065612793,18.885000228881836,18.57550048828125,18.604999542236328,50122000,0.14769596273291927,AMZN
2015-04-01,18.604999542236328,18.658000946044922,18.41699981689453,18.51300048828125,49162000,0.1156857142857143,AMZN
2015-04-02,18.524999618530273,18.663999557495117,18.450000762939453,18.612499237060547,37506000,0.100498755186722,AMZN
2015-04-06,18.5049991607666,19.010000228881836,18.468000411987305,18.851999282836914,61014000,0.17975263157894736,AMZN
2015-04-07,18.8075008392334,18.965499877929688,18.701499938964844,18.720500946044922,39098000,0.21650709677419352,AMZN
2015-04-08,18.732999801635742,19.07900047302246,18.732500076293945,19.059999465942383,52728000,0.1396671936758893,AMZN
2015-04-09,19.033000946044922,19.22100067138672,18.940000534057617,19.177000045776367,47846000,0.13380187500000001,AMZN
2015-04-10,19.215499877929688,19.356000900268555,19.06599998474121,19.13249969482422,51470000,0.2230954356846473,AMZN
2015-04-13,19.17650032043457,19.263999938964844,19.006999969482422,19.118000030517578,37890000,0.11923861386138612,AMZN
2015-04-14,19.175500869750977,19.390499114990234,19.06049919128418,19.25550079345703,51672000,0.19121993006993007,AMZN
2015-04-15,19.232500076293945,19.288999557495117,19.082000732421875,19.172500610351562,38664000,0.06155763358778626,AMZN
2015-04-16,19.184499740600586,19.372499465942383,19.177499771118164,19.302000045776367,41608000,0.21124553191489362,AMZN
2015-04-17,19.131500244140625,19.17799949645996,18.719999313354492,18.777999877929688,76794000,0.22613273381294963,AMZN
2015-04-20,18.927499771118164,19.597000122070312,18.850000381469727,19.475500106811523,100322000,0.16948000000000002,AMZN
2015-04-21,19.565500259399414,19.729999542236328,19.34000015258789,19.55900001525879,92870000,0.24743212851405622,AMZN
2015-04-22,19.595500946044922,19.714000701904297,19.399999618530273,19.489999771118164,69494000,0.24452633228840126,AMZN
2015-04-23,19.510499954223633,19.5939998626709,19.3075008392334,19.499500274658203,159600000,0.22868562185478072,AMZN
2015-04-24,21.950000762939453,22.63249969482422,21.950000762939453,22.2549991607666,343538000,0.22261931818181818,AMZN
2015-04-27,22.19300079345703,22.34950065612793,21.870500564575195,21.92799949645996,108618000,0.16330044444444447,AMZN
2015-04-28,21.925500869750977,21.950000762939453,21.402000427246094,21.465499877929688,82810000,0.18523333333333333,AMZN
2015-04-29,21.337499618530273,21.711999893188477,21.30150032043457,21.4685001373291,72434000,0.04582119205298014,AMZN
2015-04-30,21.355499267578125,21.587499618530273,20.961999893188477,21.089000701904297,72958000,0.19928523985239854,AMZN
2015-05-01,21.19099998474121,21.281999588012695,20.799999237060547,21.14349937438965,71316000,0.205471875,AMZN
2015-05-04,21.239999771118164,21.488500595092773,21.121000289916992,21.152000427246094,45408000,0.16323029045643156,AMZN
2015-05-05,21.142499923706055,21.375499725341797,21.051000595092773,21.059499740600586,57128000,0.15017121212121212,AMZN
2015-05-06,21.071500778198242,21.13599967956543,20.727500915527344,20.954999923706055,51050000,0.10309378698224853,AMZN
2015-05-07,21.207500457763672,21.424999237060547,21.142499923706055,21.3439998626709,55322000,0.1645381818181818,AMZN
2015-05-08,21.537500381469727,21.760000228881836,21.508499145507812,21.684499740600586,58176000,0.1396632867132867,AMZN
2015-05-11,21.625499725341797,21.950000762939453,21.568500518798828,21.642499923706055,47874000,0.12582267657992566,AMZN
2015-05-12,21.554000854492188,21.662500381469727,21.335500717163086,21.551000595092773,38956000,0.12211228070175438,AMZN
2015-05-13,21.499000549316406,21.67650032043457,21.290000915527344,21.3435001373291,39926000,0.06597772727272727,AMZN
2015-05-14,21.47249984741211,21.649999618530273,21.350500106811523,21.61400032043457,37770000,0.06672723880597015,AMZN
2015-05-15,21.399999618530273,21.520000457763672,21.21500015258789,21.299999237060547,84806000,0.12261577181208055,AMZN
2015-05-18,21.299999237060547,21.363500595092773,21.072999954223633,21.261999130249023,47804000,0.11079802816901409,AMZN
2015-05-19,21.243499755859375,21.41200065612793,21.0314998626709,21.085500717163086,49284000,0.14339884615384615,AMZN
2015-05-20,21.030000686645508,21.354999542236328,20.917999267578125,21.19300079345703,43924000,0.06445208791208791,AMZN
2015-05-21,21.399999618530273,21.844999313354492,21.399999618530273,21.581499099731445,82428000,0.13965526315789473,AMZN
2015-05-22,21.577499389648438,21.621999740600586,21.38050079345703,21.381500244140625,40412000,0.08050652741514361,AMZN
2015-05-26,21.309999465942383,21.350000381469727,21.100000381469727,21.273500442504883,44884000,0.06446188235294117,AMZN
2015-05-27,21.372499465942383,21.592500686645508,21.250499725341797,21.570999145507812,44622000,0.15765069444444443,AMZN
2015-05-28,21.48550033569336,21.5674991607666,21.273500442504883,21.328500747680664,38248000,0.1875737789203085,AMZN
2015-05-29,21.361499786376953,21.625,21.361499786376953,21.46150016784668,60322000,0.13592957746478873,AMZN
2015-06-01,21.520000457763672,21.658000946044922,21.309999465942383,21.54599952697754,45066000,0.11987445054945056,AMZN
2015-06-02,21.50349998474121,21.661500930786133,21.3125,21.54949951171875,33378000,0.13477569832402236,AMZN
2015-06-03,21.719999313354492,21.91950035095215,21.637500762939453,21.829500198364258,54558000,0.16164251101321586,AMZN
2015-06-04,21.719999313354492,21.83799934387207,21.46299934387207,21.538999557495117,50216000,0.16989098591549295,AMZN
2015-06-05,21.482999801635742,21.540000915527344,21.325000762939453,21.34749984741211,38158000,0.1236937106918239,AMZN
2015-06-08,21.2810001373291,21.34000015258789,21.071500778198242,21.174999237060547,43450000,0.12403022598870057,AMZN
2015-06-09,21.148000717163086,21.374500274658203,20.957000732421875,21.27400016784668,45774000,0.1184983870967742,AMZN
2015-06-10,21.322999954223633,21.610000610351562,21.283000946044922,21.53849983215332,43446000,0.1712220253164557,AMZN
2015-06-11,21.614500045776367,21.944499969482422,21.57349967956543,21.648500442504883,58450000,0.13546551724137929,AMZN
2015-06-12,21.5625,21.618000030517578,21.413000106811523,21.496000289916992,41088000,0.1250765578635015,AMZN
2015-06-15,21.382999420166016,21.40250015258789,21.131999969482422,21.183500289916992,41020000,0.15550691489361704,AMZN
2015-06-16,21.207500457763672,21.398500442504883,21.133499145507812,21.363000869750977,45928000,0.04209398496240602,AMZN
2015-06-17,21.417999267578125,21.5674991607666,21.237499237060547,21.390499114990234,43718000,0.08880154241645244,AMZN
2015-06-18,21.514999389648438,21.986499786376953,21.470500946044922,21.969499588012695,67568000,0.12309823874755381,AMZN
2015-06-19,22.01300048828125,22.249500274658203,21.66200065612793,21.746000289916992,89902000,0.10946970443349753,AMZN
2015-06-22,21.850000381469727,21.961999893188477,21.708999633789062,21.81450080871582,36472000,0.10710738786279683,AMZN
2015-06-23,21.779499053955078,22.351999282836914,21.684499740600586,22.29949951171875,64900000,0.1609147113594041,AMZN
2015-06-24,22.24850082397461,22.32349967956543,22.011499404907227,22.04199981689453,52416000,0.1646968253968254,AMZN
2015-06-25,21.903499603271484,22.173500061035156,21.819499969482422,22.0049991607666,44750000,0.17546589958158998,AMZN
2015-06-26,22.08799934387207,22.17449951171875,21.753000259399414,21.905000686645508,52490000,0.12861735537190083,AMZN
2015-06-29,21.749000549316406,21.850000381469727,21.450000762939453,21.493000030517578,55064000,0.164785989010989,AMZN
2015-06-30,21.709999084472656,21.778499603271484,21.523000717163086,21.704500198364258,51938000,0.20111242718446604,AMZN
2015-07-01,21.967500686645508,22.0,21.77899932861328,21.86949920654297,39742000,0.14256732954545456,AMZN
2015-07-02,21.850000381469727,21.90999984741211,21.673999786376953,21.885499954223633,26868000,0.17899303797468355,AMZN
2015-07-06,21.761499404907227,21.986499786376953,21.676000595092773,21.802000045776367,38064000,0.30781044776119404,AMZN
2015-07-07,21.784000396728516,21.886499404907227,21.278499603271484,21.836000442504883,69084000,0.12386913580246914,AMZN
2015-07-08,21.717500686645508,21.79949951171875,21.441499710083008,21.485000610351562,47662000,0.1879,AMZN
2015-07-09,21.7450008392334,21.93600082397461,21.707500457763672,21.719499588012695,45428000,0.21716862745098037,AMZN
2015-07-10,22.024499893188477,22.236000061035156,21.950000762939453,22.175500869750977,48020000,0.14630468319559228,AMZN
2015-07-13,22.414499282836914,22.89349937438965,22.37700080871582,22.778499603271484,79136000,0.27857552447552447,AMZN
2015-07-14,23.115999221801758,23.479999542236328,22.908000946044922,23.278499603271484,94724000,0.26253510436432637,AMZN
2015-07-15,23.152000427246094,23.235000610351562,23.010000228881836,23.059499740600586,59748000,0.18719251533742332,AMZN
2015-07-16,23.274999618530273,23.79400062561035,23.239999771118164,23.77400016784668,81912000,0.17189828178694158,AMZN
2015-07-17,23.885000228881836,24.270999908447266,23.862499237060547,24.15049934387207,98644000,0.2524164021164021,AMZN
2015-07-20,24.62849998474121,24.65999984741211,24.270000457763672,24.405000686645508,95050000,0.23735846422338572,AMZN
2015-07-21,24.395000457763672,24.444000244140625,24.127500534057617,24.399999618530273,63636000,0.22504266365688488,AMZN
2015-07-22,24.29949951171875,24.625,24.2450008392334,24.41349983215332,62298000,0.15811965065502184,AMZN
2015-07-23,24.58300018310547,24.58300018310547,23.78499984741211,24.108999252319336,187488000,0.27370229166666665,AMZN
2015-07-24,28.949499130249023,29.028499603271484,26.467500686645508,26.47100067138672,438188000,0.2433068592057762,AMZN
2015-07-27,26.387500762939453,27.247499465942383,26.329999923706055,26.570499420166016,149820000,0.17549885844748858,AMZN
2015-07-28,26.799999237060547,26.819499969482422,26.1560001373291,26.30150032043457,105462000,0.15726638655462186,AMZN
2015-07-29,26.54599952697754,26.648500442504883,26.250999450683594,26.450000762939453,75052000,0.1484584229390681,AMZN
2015-07-30,26.38249969482422,26.959999084472656,26.214500427246094,26.83799934387207,74862000,0.09891050583657589,AMZN
2015-07-31,26.954500198364258,27.142000198364258,26.72599983215332,26.8075008392334,60512000,0.0631559718969555,AMZN
2015-08-03,26.872499465942383,27.02199935913086,26.468000411987305,26.75149917602539,60284000,0.09746883116883118,AMZN
2015-08-04,26.484500885009766,26.84749984741211,26.45800018310547,26.594999313354492,58692000,0.20574717741935483,AMZN
2015-08-05,26.940000534057617,26.957000732421875,26.70599937438965,26.850500106811523,57788000,0.1835212962962963,AMZN
2015-08-06,26.96500015258789,27.136999130249023,26.375999450683594,26.472999572753906,76410000,0.11867058823529412,AMZN
2015-08-07,26.45800018310547,26.472999572753906,25.910499572753906,26.131000518798828,79384000,0.043660043196544276,AMZN
2015-08-10,26.426000595092773,26.61400032043457,26.149999618530273,26.200000762939453,52318000,0.13223906976744185,AMZN
2015-08-11,26.1825008392334,26.448999404907227,26.100000381469727,26.37299919128418,53532000,0.16906920289855074,AMZN
2015-08-12,26.1875,26.375,25.652999877929688,26.295499801635742,79246000,0.2454515748031496,AMZN
2015-08-13,26.368499755859375,26.732999801635742,26.274499893188477,26.482999801635742,57904000,0.08307229916897507,AMZN
2015-08-14,26.412500381469727,26.70549964904785,26.412500381469727,26.576000213623047,39896000,0.0404991825613079,AMZN
2015-08-17,26.56450080871582,26.937000274658203,26.356000900268555,26.76099967956543,51634000,0.14642425629290617,AMZN
2015-08-18,26.75200080871582,26.97450065612793,26.649999618530273,26.750999450683594,41426000,0.06719258373205741,AMZN
2015-08-19,26.687000274658203,26.862499237060547,26.450000762939453,26.645999908447266,46480000,0.2608171821305842,AMZN
2015-08-20,26.519500732421875,26.662500381469727,25.78849983215332,25.788999557495117,88160000,0.1361710743801653,AMZN
2015-08-21,25.368000030517578,25.616500854492188,24.723499298095703,24.723499298095703,134130000,0.08552491228070176,AMZN
2015-08-24,23.179000854492188,23.82900047302246,22.549999237060547,23.168500900268555,201952000,0.11667985074626866,AMZN
2015-08-25,24.374500274658203,24.472000122070312,23.3125,23.318500518798828,113586000,0.13101055555555557,AMZN
2015-08-26,24.201000213623047,25.18600082397461,23.937999725341797,25.03849983215332,127172000,0.11408304597701151,AMZN
2015-08-27,25.68549919128418,26.13450050354004,25.363000869750977,25.918500900268555,122290000,0.10566792144026188,AMZN
2015-08-28,25.875,26.075000762939453,25.652000427246094,25.90049934387207,54934000,0.09656863905325444,AMZN
2015-08-31,25.82200050354004,25.970500946044922,25.453500747680664,25.644500732421875,60046000,0.08924968553459119,AMZN
2015-09-01,24.957000732421875,25.5,24.671499252319336,24.82699966430664,77290000,0.13199440298507462,AMZN
2015-09-02,25.254499435424805,25.542999267578125,24.88599967956543,25.52750015258789,74142000,0.08795575221238938,AMZN
2015-09-03,25.725000381469727,25.79199981689453,25.12849998474121,25.236000061035156,62994000,0.22540916666666666,AMZN
2015-09-04,24.88249969482422,25.142499923706055,24.781999588012695,24.950000762939453,53850000,-0.04735559322033899,AMZN
2015-09-08,25.434499740600586,25.917499542236328,25.425500869750977,25.87700080871582,76214000,0.08420110497237569,AMZN
2015-09-09,26.200000762939453,26.497499465942383,25.753000259399414,25.844499588012695,87414000,0.07179163265306122,AMZN
2015-09-10,25.75749969482422,26.306499481201172,25.73900032043457,26.11199951171875,51520000,0.1008422131147541,AMZN
2015-09-11,26.053499221801758,26.472000122070312,26.030500411987305,26.472000122070312,64558000,0.06272026315789474,AMZN
2015-09-14,26.472000122070312,26.622499465942383,25.929000854492188,26.069000244140625,62604000,0.11706834532374101,AMZN
2015-09-15,26.162500381469727,26.395999908447266,25.860000610351562,26.118499755859375,57318000,0.13744511627906977,AMZN
2015-09-16,26.099000930786133,26.415000915527344,25.926000595092773,26.36949920654297,45056000,0.18934036697247708,AMZN
2015-09-17,26.349000930786133,27.348499298095703,26.328500747680664,26.943500518798828,83390000,0.0970962837837838,AMZN
2015-09-18,26.731000900268555,27.312000274658203,26.5674991607666,27.01300048828125,123202000,0.13710459290187893,AMZN
2015-09-21,27.21649932861328,27.48900032043457,26.97949981689453,27.41950035095215,65666000,0.10180549019607843,AMZN
2015-09-22,26.98550033569336,27.177499771118164,26.632999420166016,26.920000076293945,76834000,0.25776373239436623,AMZN
2015-09-23,26.915000915527344,27.06049919128418,26.700000762939453,26.803499221801758,44752000,0.1167375321336761,AMZN
2015-09-24,26.52750015258789,26.72800064086914,26.14349937438965,26.6875,70020000,0.056688819875776404,AMZN
2015-09-25,27.12849998474121,27.139999389648438,26.06999969482422,26.212499618530273,80620000,0.11255602678571429,AMZN
2015-09-28,26.000999450683594,26.013999938964844,24.71649932861328,25.202999114990234,108690000,0.12680636363636363,AMZN
2015-09-29,25.299999237060547,25.573999404907227,24.524999618530273,24.803499221801758,89150000,0.10197983014861996,AMZN
2015-09-30,25.27199935913086,25.639999389648438,25.083499908447266,25.594499588012695,80094000,-0.029352671755725195,AMZN
2015-10-01,25.549999237060547,26.040000915527344,25.299999237060547,26.035999298095703,75370000,0.04677507082152975,AMZN
2015-10-02,25.649499893188477,26.6299991607666,25.405000686645508,26.62700080871582,91956000,0.0888467336683417,AMZN
2015-10-05,26.84950065612793,27.295499801635742,26.799999237060547,27.18400001525879,67828000,0.10021285714285715,AMZN
2015-10-06,27.274999618530273,27.575000762939453,26.666500091552734,26.874000549316406,90056000,0.13013754940711464,AMZN
2015-10-07,27.089500427246094,27.100000381469727,26.450000762939453,27.097000122070312,76242000,0.03298961625282167,AMZN
2015-10-08,26.835500717163086,26.969499588012695,25.99449920654297,26.658000946044922,93528000,0.08384726631393298,AMZN
2015-10-09,26.724000930786133,27.089500427246094,26.513500213623047,26.989999771118164,70748000,0.19400897435897435,AMZN
2015-10-12,26.99799919128418,27.541000366210938,26.989999771118164,27.50950050354004,55522000,0.06748498498498498,AMZN
2015-10-13,27.312999725341797,27.65999984741211,27.155000686645508,27.44499969482422,58760000,0.2344254716981132,AMZN
2015-10-14,27.566999435424805,27.612499237060547,26.983999252319336,27.241500854492188,71642000,0.07842875605815833,AMZN
2015-10-15,27.387500762939453,28.149999618530273,27.350000381469727,28.121999740600586,98740000,0.10631480891719744,AMZN
2015-10-16,28.263500213623047,28.547000885009766,28.015499114990234,28.538000106811523,86316000,0.12696728971962618,AMZN
2015-10-19,28.538000106811523,28.950000762939453,28.368999481201172,28.657499313354492,87508000,0.1954703804347826,AMZN
2015-10-20,28.600000381469727,28.649999618530273,27.763999938964844,28.04400062561035,86924000,0.2117373368146214,AMZN
2015-10-21,28.193500518798828,28.262500762939453,27.625999450683594,27.78849983215332,66872000,0.11621444141689373,AMZN
2015-10-22,28.135000228881836,28.457500457763672,27.833499908447266,28.195499420166016,155588000,0.2881889776357828,AMZN
2015-10-23,30.884000778198242,30.97249984741211,29.76799964904785,29.951499938964844,213854000,0.2687339768339768,AMZN
2015-10-26,30.114999771118164,30.49250030517578,29.81450080871582,30.430500030517578,85394000,0.22371729106628244,AMZN
2015-10-27,30.43000030517578,30.73550033569336,30.276500701904297,30.550500869750977,75742000,0.35366624203821656,AMZN
2015-10-28,30.614999771118164,30.861499786376953,30.475000381469727,30.854999542236328,78524000,-0.11087202925045705,AMZN
2015-10-29,30.885000228881836,31.37700080871582,30.769500732421875,31.327499389648438,77920000,-0.03779788583509514,AMZN
2015-10-30,31.300500869750977,31.535999298095703,31.263999938964844,31.295000076293945,77488000,0.2253654411764706,AMZN
2015-11-02,31.35650062561035,31.431499481201172,31.02050018310547,31.417499542236328,56330000,0.1184281045751634,AMZN
2015-11-03,31.476499557495117,31.49449920654297,31.100000381469727,31.265499114990234,64938000,0.2104609756097561,AMZN
2015-11-04,31.38800048828125,32.29650115966797,31.36750030517578,32.04750061035156,96810000,0.173532,AMZN
2015-11-05,32.35499954223633,32.849998474121094,32.15449905395508,32.782501220703125,94476000,0.08584088541666667,AMZN
2015-11-06,32.75,33.112998962402344,32.599998474121094,32.96849822998047,81844000,0.19205653333333336,AMZN
2015-11-09,32.932498931884766,33.097999572753906,32.39250183105469,32.77450180053711,80976000,0.11640389221556886,AMZN
2015-11-10,32.550498962402344,33.0,32.362998962402344,32.98400115966797,69790000,0.19988791540785497,AMZN
2015-11-11,33.162498474121094,33.79800033569336,33.162498474121094,33.662498474121094,107746000,0.17590413354531,AMZN
2015-11-12,33.650001525878906,33.78200149536133,33.21099853515625,33.279998779296875,85694000,0.12056956521739132,AMZN
2015-11-13,33.17850112915039,33.349998474121094,32.022499084472656,32.11750030517578,125222000,0.046109512195121945,AMZN
2015-11-16,32.04600143432617,32.4995002746582,31.114500045776367,32.390499114990234,148718000,-0.004237848605577693,AMZN
2015-11-17,32.532501220703125,32.662498474121094,32.04999923706055,32.165000915527344,86404000,0.1356611111111111,AMZN
2015-11-18,32.32550048828125,33.24399948120117,32.31850051879883,33.176998138427734,89396000,0.18561965811965814,AMZN
2015-11-19,33.2495002746582,33.643001556396484,32.95000076293945,33.063499450683594,94104000,0.16022668463611858,AMZN
2015-11-20,33.39699935913086,33.44350051879883,32.878501892089844,33.42250061035156,77922000,0.0011728459530026061,AMZN
2015-11-23,33.57500076293945,34.13850021362305,33.50600051879883,33.949501037597656,87702000,0.17726128133704736,AMZN
2015-11-24,33.707000732421875,33.790000915527344,33.06050109863281,33.557498931884766,90868000,0.18850177777777777,AMZN
2015-11-25,33.75,33.98500061035156,33.5620002746582,33.766998291015625,53958000,-0.028460243902439033,AMZN
2015-11-27,34.040000915527344,34.04949951171875,33.60499954223633,33.66299819946289,39336000,0.146803,AMZN
2015-11-30,33.79499816894531,34.06449890136719,33.22999954223633,33.2400016784668,113864000,0.19878849721706865,AMZN
2015-12-01,33.6875,34.04999923706055,33.393001556396484,33.952999114990234,95024000,0.15329633911368015,AMZN
2015-12-02,34.04999923706055,34.24100112915039,33.712501525878906,33.800498962402344,85470000,0.030649375,AMZN
2015-12-03,33.97200012207031,34.13949966430664,33.07400131225586,33.3125,101294000,0.11521483253588517,AMZN
2015-12-04,33.29999923706055,33.73899841308594,33.06999969482422,33.63199996948242,90696000,0.13223992673992674,AMZN
2015-12-07,33.73699951171875,33.77299880981445,33.025001525878906,33.49150085449219,74656000,0.13608224299065422,AMZN
2015-12-08,33.15650177001953,33.9995002746582,32.989498138427734,33.86650085449219,73038000,0.20235648854961832,AMZN
2015-12-09,33.900001525878906,33.95000076293945,32.784000396728516,33.239498138427734,103164000,0.12826906906906907,AMZN
2015-12-10,33.27949905395508,33.42649841308594,32.97800064086914,33.11600112915039,69110000,0.14267246835443037,AMZN
2015-12-11,32.561500549316406,32.89400100708008,31.981000900268555,32.00749969482422,109488000,0.24447839643652564,AMZN
2015-12-14,32.087501525878906,32.929500579833984,31.763500213623047,32.89550018310547,86594000,0.08023817567567568,AMZN
2015-12-15,33.25149917602539,33.57500076293945,32.86750030517578,32.93199920654297,95068000,0.1564213675213675,AMZN
2015-12-16,33.178001403808594,33.86750030517578,32.965999603271484,33.78850173950195,79290000,0.1133452205882353,AMZN
2015-12-17,34.0,34.125,33.532501220703125,33.532501220703125,73632000,0.07308428571428571,AMZN
2015-12-18,33.432498931884766,33.84199905395508,33.20650100708008,33.207000732421875,136826000,0.06786086956521739,AMZN
2015-12-21,33.42499923706055,33.494998931884766,32.94649887084961,33.22549819946289,65018000,0.1469241791044776,AMZN
2015-12-22,33.34149932861328,33.42449951171875,32.9630012512207,33.157501220703125,53356000,0.16055622775800713,AMZN
2015-12-23,33.32500076293945,33.33000183105469,32.83150100708008,33.185001373291016,54458000,0.141425313283208,AMZN
2015-12-24,33.16749954223633,33.23400115966797,33.029998779296875,33.13949966430664,21824000,0.15354513888888888,AMZN
2015-12-28,33.27799987792969,33.775001525878906,33.275001525878906,33.7599983215332,75672000,0.22159710144927536,AMZN
2015-12-29,33.89899826049805,34.821998596191406,33.894500732421875,34.69850158691406,114700000,0.22956649006622518,AMZN
2015-12-30,34.59450149536133,34.77450180053711,34.319000244140625,34.45349884033203,70380000,0.17748750000000002,AMZN
2015-12-31,34.30400085449219,34.38750076293945,33.794498443603516,33.794498443603516,74992000,0.20738944844124702,AMZN
2016-01-04,32.81449890136719,32.88600158691406,31.375499725341797,31.84950065612793,186290000,0.117176401179941,AMZN
2016-01-05,32.34299850463867,32.34550094604492,31.38249969482422,31.68950080871582,116452000,0.11889483747609943,AMZN
2016-01-06,31.100000381469727,31.989500045776367,31.015499114990234,31.63249969482422,106584000,0.08076620825147347,AMZN
2016-01-07,31.09000015258789,31.5,30.260499954223633,30.39699935913086,141498000,0.0912634765625,AMZN
2016-01-08,30.982999801635742,31.207000732421875,30.299999237060547,30.352500915527344,110258000,0.025899999999999996,AMZN
2016-01-11,30.624000549316406,30.99250030517578,29.928499221801758,30.886999130249023,97832000,0.1759187134502924,AMZN
2016-01-12,31.262500762939453,31.29949951171875,30.61199951171875,30.894500732421875,94482000,0.1341671388101983,AMZN
2016-01-13,31.04400062561035,31.04400062561035,28.95800018310547,29.090499877929688,153104000,0.0868139837398374,AMZN
2016-01-14,29.012500762939453,30.112499237060547,28.493999481201172,29.649999618530273,144760000,0.10074588665447898,AMZN
2016-01-15,28.61199951171875,29.231000900268555,28.264999389648438,28.509000778198242,155690000,0.10806156862745099,AMZN
2016-01-19,28.85449981689453,29.200000762939453,28.322500228881836,28.724000930786133,96144000,0.21226287262872628,AMZN
2016-01-20,28.218000411987305,28.922500610351562,27.358999252319336,28.588499069213867,159328000,0.2150031914893617,AMZN
2016-01-21,28.679000854492188,29.440500259399414,28.410999298095703,28.750999450683594,99044000,0.17358717201166182,AMZN
2016-01-22,29.436500549316406,30.0049991607666,29.20549964904785,29.819000244140625,102402000,0.1281895238095238,AMZN
2016-01-25,29.899499893188477,30.424999237060547,29.72800064086914,29.826499938964844,87922000,0.2655536507936508,AMZN
2016-01-26,30.172500610351562,30.225000381469727,29.518999099731445,30.0625,75314000,0.04005037783375315,AMZN
2016-01-27,30.09950065612793,30.16950035095215,28.93899917602539,29.167499542236328,103058000,0.1551112385321101,AMZN
2016-01-28,30.418500900268555,31.902999877929688,29.877500534057617,31.767499923706055,280304000,0.20259455184534272,AMZN
2016-01-29,28.599000930786133,29.649999618530273,28.5,29.350000381469727,293552000,0.07844729194187583,AMZN
2016-02-01,28.907499313354492,29.09000015258789,28.515499114990234,28.74049949645996,127102000,0.14237543859649124,AMZN
2016-02-02,28.5,28.577999114990234,27.504499435424805,27.604999542236328,126240000,0.16104987714987717,AMZN
2016-02-03,27.674999237060547,27.799999237060547,26.094999313354492,26.553499221801758,200974000,0.14055344262295083,AMZN
2016-02-04,26.25,26.949499130249023,25.961000442504883,26.812999725341797,123982000,0.054018279569892476,AMZN
2016-02-05,26.464000701904297,26.47249984741211,24.95949935913086,25.10650062561035,194178000,0.08981895093062606,AMZN
2016-02-08,24.32349967956543,24.674999237060547,23.760499954223633,24.405000686645508,196510000,0.096125,AMZN
2016-02-09,23.90049934387207,24.91900062561035,23.700000762939453,24.103500366210938,141558000,0.027342625899280576,AMZN
2016-02-10,24.58799934387207,25.232999801635742,24.299999237060547,24.52400016784668,135724000,0.12204037383177571,AMZN
2016-02-11,24.558500289916992,25.46500015258789,24.200000762939453,25.19099998474121,147948000,0.17034671814671815,AMZN
2016-02-12,25.53499984741211,25.837499618530273,25.074499130249023,25.354000091552734,107696000,0.16661508875739645,AMZN
2016-02-16,25.974000930786133,26.22249984741211,25.58300018310547,26.05500030517578,102370000,0.10418958837772396,AMZN
2016-02-17,26.437000274658203,26.874000549316406,25.969499588012695,26.704999923706055,96480000,0.06724356435643564,AMZN
2016-02-18,27.059499740600586,27.059999465942383,26.186500549316406,26.25,94700000,0.1356992957746479,AMZN
2016-02-19,26.035499572753906,26.797500610351562,25.767499923706055,26.7450008392334,99494000,0.11650829383886256,AMZN
2016-02-22,27.110000610351562,28.032499313354492,27.054000854492188,27.975000381469727,111332000,0.17307601547388782,AMZN
2016-02-23,27.77750015258789,27.845500946044922,27.26650047302246,27.64699935913086,81016000,0.07471809290953545,AMZN
2016-02-24,27.287500381469727,27.713499069213867,26.657499313354492,27.70199966430664,124634000,0.0879972972972973,AMZN
2016-02-25,27.775999069213867,27.969499588012695,27.26449966430664,27.75749969482422,90510000,0.18651467661691543,AMZN
2016-02-26,28.006000518798828,28.125,27.65850067138672,27.761499404907227,97540000,0.0540078488372093,AMZN
2016-02-29,27.700000762939453,28.24049949645996,27.625499725341797,27.625999450683594,82908000,0.08883372921615203,AMZN
2016-03-01,27.81450080871582,28.962499618530273,27.799999237060547,28.95199966430664,100770000,0.07995415549597855,AMZN
2016-03-02,29.087499618530273,29.25,28.684999465942383,29.010499954223633,91644000,0.11492407407407407,AMZN
2016-03-03,28.898000717163086,28.993499755859375,28.655500411987305,28.874500274658203,54826000,0.0760979405034325,AMZN
2016-03-04,29.053499221801758,29.06999969482422,28.553499221801758,28.756999969482422,68330000,0.05510997442455243,AMZN
2016-03-07,28.677000045776367,28.681499481201172,27.77750015258789,28.139999389648438,98538000,0.08775217391304348,AMZN
2016-03-08,27.89349937438965,28.5674991607666,27.73699951171875,28.01300048828125,94600000,0.055746813725490195,AMZN
2016-03-09,27.97800064086914,28.017499923706055,27.506500244140625,27.973499298095703,87546000,0.13486026871401152,AMZN
2016-03-10,28.336999893188477,28.350000381469727,27.395000457763672,27.946500778198242,78398000,0.10113740831295844,AMZN
2016-03-11,28.34749984741211,28.503000259399414,28.136499404907227,28.480499267578125,75426000,-0.2487478502080444,AMZN
2016-03-14,28.350000381469727,28.844499588012695,28.15250015258789,28.668500900268555,69084000,-0.10888184438040346,AMZN
2016-03-15,28.549999237060547,29.076000213623047,28.350000381469727,28.85099983215332,77536000,0.18666457023060798,AMZN
2016-03-16,28.832000732421875,29.06599998474121,28.55699920654297,28.713499069213867,70754000,0.05062393162393163,AMZN
2016-03-17,28.475500106811523,28.56999969482422,27.750499725341797,27.972000122070312,118562000,0.0879297520661157,AMZN
2016-03-18,28.047000885009766,28.116500854492188,27.304500579833984,27.604000091552734,145938000,0.09989876543209876,AMZN
2016-03-21,27.445499420166016,27.761999130249023,26.929000854492188,27.698999404907227,103114000,0.05540467532467532,AMZN
2016-03-22,27.25550079345703,28.13800048828125,27.252500534057617,28.02400016784668,80012000,0.029898241758241757,AMZN
2016-03-23,28.049999237060547,28.624000549316406,27.905000686645508,28.48150062561035,79674000,0.03252348178137652,AMZN
2016-03-24,28.355499267578125,29.177499771118164,28.354000091552734,29.147499084472656,103710000,0.13694364508393286,AMZN
2016-03-28,29.219999313354492,29.237499237060547,28.777999877929688,28.993499755859375,62430000,0.090528530259366,AMZN
2016-03-29,29.00749969482422,29.792499542236328,28.825000762939453,29.69300079345703,87852000,0.1984240449438202,AMZN
2016-03-30,29.835500717163086,30.16200065612793,29.75,29.934499740600586,77810000,0.07442850678733032,AMZN
2016-03-31,29.964000701904297,30.037500381469727,29.61050033569336,29.68199920654297,53636000,0.047614345991561176,AMZN
2016-04-01,29.524499893188477,29.951499938964844,29.415000915527344,29.924999237060547,58348000,0.15501676470588235,AMZN
2016-04-04,29.950000762939453,29.975000381469727,29.52750015258789,29.659500122070312,49416000,0.033613809523809525,AMZN
2016-04-05,29.53849983215332,29.673500061035156,29.262500762939453,29.30699920654297,46178000,-0.03191626794258373,AMZN
2016-04-06,29.375999450683594,30.11949920654297,29.375,30.104000091552734,56998000,0.10607128851540616,AMZN
2016-04-07,29.937999725341797,29.979999542236328,29.45400047302246,29.571500778198242,63780000,0.05633173913043479,AMZN
2016-04-08,29.715999603271484,29.89299964904785,29.450000762939453,29.729999542236328,51838000,-0.004688950276243094,AMZN
2016-04-11,29.80699920654297,30.200000762939453,29.745500564575195,29.796499252319336,54086000,0.13220143369175627,AMZN
2016-04-12,29.920000076293945,30.202999114990234,29.61549949645996,30.15850067138672,52822000,0.04362848837209303,AMZN
2016-04-13,30.384000778198242,30.840499877929688,30.26449966430664,30.740999221801758,84566000,-0.029100149031296575,AMZN
2016-04-14,30.75349998474121,31.2189998626709,30.75349998474121,31.037500381469727,70242000,0.10522821782178218,AMZN
2016-04-15,31.09600067138672,31.338499069213867,30.905500411987305,31.29450035095215,57754000,0.0454972972972973,AMZN
2016-04-18,31.267499923706055,31.881999969482422,31.24799919128418,31.767499923706055,87218000,0.10836424802110818,AMZN
2016-04-19,31.85700035095215,31.90049934387207,31.040000915527344,31.395000457763672,81118000,0.05330131578947369,AMZN
2016-04-20,31.5,31.827499389648438,31.149999618530273,31.649499893188477,52188000,0.08416006289308176,AMZN
2016-04-21,31.549999237060547,31.891000747680664,31.424999237060547,31.549999237060547,51926000,0.049347058823529404,AMZN
2016-04-22,31.223499298095703,31.412500381469727,30.577999114990234,31.024999618530273,101678000,0.08931020408163265,AMZN
2016-04-25,30.83049964904785,31.349000930786133,30.8125,31.309999465942383,53658000,0.19020323886639678,AMZN
2016-04-26,31.308500289916992,31.337499618530273,30.743999481201172,30.8439998626709,50428000,0.09218938547486033,AMZN
2016-04-27,30.59000015258789,30.797500610351562,30.06399917602539,30.328500747680664,81376000,0.08266053719008265,AMZN
2016-04-28,30.777000427246094,31.34000015258789,29.959999084472656,30.100000381469727,157452000,0.2617329223181258,AMZN
2016-04-29,33.29999923706055,33.499000549316406,32.70000076293945,32.97949981689453,206214000,0.28393272394881175,AMZN
2016-05-02,33.19599914550781,34.275001525878906,33.10150146484375,34.192501068115234,131570000,0.22558042763157893,AMZN
2016-05-03,33.86800003051758,34.01499938964844,33.52149963378906,33.566001892089844,98468000,0.1652207594936709,AMZN
2016-05-04,33.12950134277344,33.70000076293945,33.106998443603516,33.54499816894531,92710000,0.16262822580645162,AMZN
2016-05-05,33.66550064086914,33.824501037597656,32.79999923706055,32.954498291015625,97682000,0.1430889812889813,AMZN
2016-05-06,32.8025016784668,33.84749984741211,32.800498962402344,33.6974983215332,87306000,0.1524896103896104,AMZN
2016-05-09,33.6974983215332,34.3489990234375,33.570499420166016,33.98749923706055,79644000,0.13776103151862465,AMZN
2016-05-10,34.70000076293945,35.227500915527344,34.67499923706055,35.153499603271484,122112000,0.1742182720953327,AMZN
2016-05-11,35.28950119018555,35.95000076293945,35.08250045776367,35.6614990234375,146764000,0.0024668165467625863,AMZN
2016-05-12,35.86899948120117,36.122501373291016,35.57550048828125,35.89649963378906,100964000,0.061309574468085104,AMZN
2016-05-13,35.731998443603516,35.962501525878906,35.32550048828125,35.49599838256836,95268000,0.03944021871202916,AMZN
2016-05-16,35.506500244140625,35.662498474121094,35.013999938964844,35.53300094604492,108658000,0.06885584843492586,AMZN
2016-05-17,35.494998931884766,35.7234992980957,34.695499420166016,34.76350021362305,102428000,0.11565029940119761,AMZN
2016-05-18,34.47800064086914,35.12699890136719,34.4379997253418,34.872501373291016,85664000,0.08951933438985737,AMZN
2016-05-19,34.59400177001953,34.970001220703125,34.47800064086914,34.92599868774414,60512000,0.07384875,AMZN
2016-05-20,35.0525016784668,35.36199951171875,35.0,35.13999938964844,58324000,0.21876450000000003,AMZN
2016-05-23,35.212501525878906,35.29999923706055,34.82099914550781,34.837501525878906,51902000,0.11621772151898735,AMZN
2016-05-24,34.9005012512207,35.375,34.900001525878906,35.209999084472656,60676000,0.007208496732026144,AMZN
2016-05-25,35.400001525878906,35.542999267578125,35.2760009765625,35.41749954223633,65354000,0.11206750629722922,AMZN
2016-05-26,35.416500091552734,35.75,35.364498138427734,35.74549865722656,48934000,0.10287955555555556,AMZN
2016-05-27,35.75,35.83000183105469,35.55500030517578,35.61199951171875,44984000,0.12249668874172186,AMZN
2016-05-31,35.61650085449219,36.21149826049805,35.566001892089844,36.13949966430664,72366000,0.15796476964769648,AMZN
2016-06-01,36.04499816894531,36.32149887084961,35.9109992980957,35.97200012207031,65262000,0.1232741410488246,AMZN
2016-06-02,36.048500061035156,36.41400146484375,35.775001525878906,36.4119987487793,60532000,0.08980698602794411,AMZN
2016-06-03,36.33700180053711,36.349998474121094,35.92150115966797,36.277000427246094,67346000,0.10962813370473537,AMZN
2016-06-06,36.32500076293945,36.57500076293945,36.22100067138672,36.33649826049805,54096000,0.07929522184300342,AMZN
2016-06-07,36.49449920654297,36.5,36.02750015258789,36.1870002746582,54650000,0.11607486033519553,AMZN
2016-06-08,36.31999969482422,36.47100067138672,36.08000183105469,36.332000732421875,44468000,0.15603849287169044,AMZN
2016-06-09,36.154998779296875,36.445499420166016,36.1150016784668,36.38249969482422,43406000,0.16049298969072165,AMZN
2016-06-10,36.11750030517578,36.249000549316406,35.71049880981445,35.89550018310547,68514000,0.08578246013667427,AMZN
2016-06-13,35.70050048828125,36.0994987487793,35.55799865722656,35.762001037597656,67044000,0.133525625,AMZN
2016-06-14,35.61650085449219,36.04050064086914,35.61349868774414,35.96500015258789,50138000,0.08891442307692307,AMZN
2016-06-15,36.099998474121094,36.12799835205078,35.66749954223633,35.7130012512207,54188000,-0.003119298245614035,AMZN
2016-06-16,35.602500915527344,35.900001525878906,35.26499938964844,35.8754997253418,61960000,0.10543676012461059,AMZN
2016-06-17,35.90950012207031,35.90999984741211,34.95899963378906,35.31949996948242,117956000,0.11895830721003134,AMZN
2016-06-20,35.67499923706055,36.06549835205078,35.54050064086914,35.70050048828125,73544000,0.16864061302681993,AMZN
2016-06-21,35.7859992980957,35.91999816894531,35.63600158691406,35.79100036621094,42750000,0.11117964285714287,AMZN
2016-06-22,35.82899856567383,35.849998474121094,35.378501892089844,35.529998779296875,45210000,0.12155338541666667,AMZN
2016-06-23,35.775001525878906,36.10599899291992,35.625,36.104000091552734,56500000,0.1489519287833828,AMZN
2016-06-24,34.650001525878906,35.62649917602539,34.61000061035156,34.948001861572266,152650000,0.12032032085561498,AMZN
2016-06-27,34.60049819946289,34.840999603271484,34.10599899291992,34.56800079345703,111360000,0.10058798882681565,AMZN
2016-06-28,35.0,35.400001525878906,34.90850067138672,35.397499084472656,80740000,0.13124057971014494,AMZN
2016-06-29,35.787498474121094,35.974998474121094,35.676998138427734,35.779998779296875,61402000,0.1273309236947791,AMZN
2016-06-30,35.86000061035156,35.96849822998047,35.62699890136719,35.78099822998047,57102000,0.10664831460674158,AMZN
2016-07-01,35.86600112915039,36.400001525878906,35.82699966430664,36.284000396728516,58408000,0.1543368932038835,AMZN
2016-07-05,36.13999938964844,36.47800064086914,35.980499267578125,36.404998779296875,48628000,0.15705641891891892,AMZN
2016-07-06,36.285499572753906,36.88850021362305,36.12900161743164,36.88050079345703,78764000,0.19266320939334639,AMZN
2016-07-07,36.96649932861328,36.977500915527344,36.58150100708008,36.82849884033203,58916000,0.17908145539906103,AMZN
2016-07-08,37.00699996948242,37.30500030517578,36.900001525878906,37.29050064086914,68584000,0.14828425925925928,AMZN
2016-07-11,37.5,37.79499816894531,37.349998474121094,37.68899917602539,63906000,0.1481271137026239,AMZN
2016-07-12,37.84299850463867,37.867000579833984,37.01649856567383,37.410499572753906,112474000,0.11611427304964539,AMZN
2016-07-13,37.3380012512207,37.84349822998047,37.0625,37.131500244140625,82846000,0.12007049180327868,AMZN
2016-07-14,37.44300079345703,37.45199966430664,36.95100021362305,37.060001373291016,47810000,0.1314810147299509,AMZN
2016-07-15,37.32749938964844,37.32749938964844,36.70249938964844,36.77199935913086,62428000,0.05280848484848485,AMZN
2016-07-18,36.77450180053711,37.08000183105469,36.43600082397461,36.80350112915039,59098000,0.13668609865470852,AMZN
2016-07-19,36.625,37.166500091552734,36.615501403808594,36.997501373291016,44336000,0.12183063725490195,AMZN
2016-07-20,37.20000076293945,37.3125,37.03499984741211,37.2859992980957,44280000,0.19424019292604502,AMZN
2016-07-21,37.375,37.46799850463867,37.13949966430664,37.221500396728516,46342000,0.15335885057471266,AMZN
2016-07-22,37.38949966430664,37.56399917602539,37.17649841308594,37.24300003051758,45554000,0.14491108312342568,AMZN
2016-07-25,37.32749938964844,37.42499923706055,36.76750183105469,36.980499267578125,53586000,0.18751666666666666,AMZN
2016-07-26,37.135501861572266,37.15650177001953,36.63750076293945,36.77949905395508,50594000,0.17116851145038167,AMZN
2016-07-27,36.89849853515625,37.047000885009766,36.69300079345703,36.833499908447266,58262000,0.236327397260274,AMZN
2016-07-28,37.29899978637695,37.667999267578125,36.98500061035156,37.63050079345703,152352000,0.2984702702702703,AMZN
2016-07-29,38.25,38.29999923706055,37.75,37.94049835205078,135542000,0.24306818613485281,AMZN
2016-08-01,37.993499755859375,38.525001525878906,37.85300064086914,38.387001037597656,71564000,0.1874709677419355,AMZN
2016-08-02,38.19049835205078,38.2504997253418,37.85100173950195,38.02899932861328,72066000,0.15571563636363636,AMZN
2016-08-03,37.85300064086914,37.94449996948242,37.61249923706055,37.731998443603516,71630000,0.1098971098265896,AMZN
2016-08-04,37.685001373291016,38.25,37.51750183105469,38.03850173950195,63564000,0.12307788018433179,AMZN
2016-08-05,38.240501403808594,38.423500061035156,38.15449905395508,38.29899978637695,54088000,0.08802489270386267,AMZN
2016-08-08,38.34049987792969,38.349998474121094,38.05099868774414,38.327999114990234,39726000,0.11813140350877194,AMZN
2016-08-09,38.36949920654297,38.630001068115234,38.345001220703125,38.41550064086914,37522000,0.1336088948787062,AMZN
2016-08-10,38.4900016784668,38.60499954223633,38.30950164794922,38.428001403808594,32086000,0.11544593639575972,AMZN
2016-08-11,38.49700164794922,38.6875,38.45600128173828,38.5620002746582,40394000,0.11704700000000001,AMZN
2016-08-12,38.42300033569336,38.657501220703125,38.42100143432617,38.62799835205078,31266000,0.10029023437500001,AMZN
2016-08-15,38.595001220703125,38.60200119018555,38.385501861572266,38.42449951171875,42370000,0.15770898876404493,AMZN
2016-08-16,38.430999755859375,38.436500549316406,38.191001892089844,38.20199966430664,32092000,0.10843262411347518,AMZN
2016-08-17,38.22050094604492,38.26100158691406,37.959999084472656,38.23149871826172,37822000,0.18327657894736843,AMZN
2016-08-18,38.20000076293945,38.25849914550781,38.029998779296875,38.222999572753906,29176000,0.1428952380952381,AMZN
2016-08-19,38.095001220703125,38.1245002746582,37.84450149536133,37.865501403808594,46864000,0.08372670157068063,AMZN
2016-08-22,37.875,37.99250030517578,37.60499954223633,37.9739990234375,33586000,0.146846975088968,AMZN
2016-08-23,38.16550064086914,38.23500061035156,38.04999923706055,38.122501373291016,30482000,0.10947922705314009,AMZN
2016-08-24,38.150001525878906,38.170501708984375,37.768001556396484,37.86249923706055,34882000,0.11058125,AMZN
2016-08-25,37.79999923706055,38.02799987792969,37.73699951171875,37.96099853515625,32460000,0.15047682291666667,AMZN
2016-08-26,38.002498626708984,38.5,37.9900016784668,38.45000076293945,55536000,0.1870936061381074,AMZN
2016-08-29,38.43600082397461,38.749000549316406,38.43000030517578,38.56449890136719,43972000,0.13456138613861385,AMZN
2016-08-30,38.5525016784668,38.59199905395508,38.27799987792969,38.37900161743164,34184000,0.12564293333333335,AMZN
2016-08-31,38.33000183105469,38.481998443603516,38.20000076293945,38.45800018310547,32676000,0.1654615763546798,AMZN
2016-09-01,38.54499816894531,38.60200119018555,38.337501525878906,38.53099822998047,35846000,0.13114527363184078,AMZN
2016-09-02,38.705501556396484,38.79999923706055,38.584999084472656,38.62200164794922,43636000,0.17385064935064934,AMZN
2016-09-06,38.70199966430664,39.4739990234375,38.51100158691406,39.44350051879883,74396000,0.18325227722772278,AMZN
2016-09-07,39.47650146484375,39.53950119018555,39.21649932861328,39.2239990234375,48492000,0.10381247524752475,AMZN
2016-09-08,39.19449996948242,39.32500076293945,39.071998596191406,39.202999114990234,40610000,-0.006426273458445041,AMZN
2016-09-09,38.96799850463867,39.04999923706055,38.00550079345703,38.00699996948242,85146000,0.06810628019323672,AMZN
2016-09-12,37.86750030517578,38.632999420166016,37.79999923706055,38.574501037597656,62494000,0.07948062200956939,AMZN
2016-09-13,38.438499450683594,38.49449920654297,37.95249938964844,38.050498962402344,62344000,0.18562683486238532,AMZN
2016-09-14,38.11000061035156,38.375,37.942501068115234,38.054500579833984,50460000,0.0689112266112266,AMZN
2016-09-15,38.099998474121094,38.54349899291992,37.87900161743164,38.484500885009766,60680000,0.10613132295719843,AMZN
2016-09-16,38.66400146484375,39.02299880981445,38.58300018310547,38.92599868774414,109984000,0.15577087794432548,AMZN
2016-09-19,38.99850082397461,39.09700012207031,38.54999923706055,38.755001068115234,45944000,0.10778845144356955,AMZN
2016-09-20,38.79999923706055,39.06850051879883,38.79999923706055,39.01100158691406,38744000,0.14513161512027492,AMZN
2016-09-21,39.162498474121094,39.53450012207031,38.95050048828125,39.48699951171875,54372000,0.18081318407960198,AMZN
2016-09-22,39.7135009765625,40.294498443603516,39.7135009765625,40.23500061035156,81578000,0.19338715953307392,AMZN
2016-09-23,40.15650177001953,40.38750076293945,40.10599899291992,40.287498474121094,47070000,0.13938780487804878,AMZN
2016-09-26,40.09000015258789,40.29650115966797,39.85749816894531,39.95800018310547,53028000,0.13671362397820164,AMZN
2016-09-27,40.092498779296875,40.832000732421875,40.05550003051758,40.80550003051758,76392000,0.18647553816046966,AMZN
2016-09-28,40.900001525878906,41.50699996948242,40.85150146484375,41.43600082397461,88442000,0.16299802110817943,AMZN
2016-09-29,41.41299819946289,41.875,41.23149871826172,41.45249938964844,98444000,0.15290941422594143,AMZN
2016-09-30,41.63050079345703,41.997501373291016,41.619998931884766,41.865501403808594,88612000,0.20872679509632225,AMZN
2016-10-03,41.79999923706055,41.99300003051758,41.5625,41.83700180053711,55388000,0.13835533980582523,AMZN
2016-10-04,42.045501708984375,42.118499755859375,41.51300048828125,41.701499938964844,59006000,0.15125047438330172,AMZN
2016-10-05,41.900001525878906,42.28350067138672,41.805999755859375,42.21799850463867,69382000,0.19932269841269842,AMZN
2016-10-06,42.185001373291016,42.36050033569336,42.029998779296875,42.08300018310547,53680000,0.15930457627118644,AMZN
2016-10-07,42.28950119018555,42.29750061035156,41.872501373291016,41.971500396728516,48524000,0.1344586842105263,AMZN
2016-10-10,42.162498474121094,42.2599983215332,42.01350021362305,42.08549880981445,36542000,0.08957999999999999,AMZN
2016-10-11,42.05099868774414,42.06449890136719,41.41749954223633,41.54999923706055,71764000,0.13262304347826087,AMZN
2016-10-12,41.70000076293945,41.88349914550781,41.505001068115234,41.704498291015625,47608000,0.08091949044585987,AMZN
2016-10-13,41.45000076293945,41.59000015258789,41.06050109863281,41.4640007019043,61828000,0.14957870216306157,AMZN
2016-10-14,41.75400161743164,41.7869987487793,41.14799880981445,41.14799880981445,59996000,0.1555293103448276,AMZN
2016-10-17,41.07500076293945,41.099998474121094,40.58399963378906,40.647499084472656,67230000,0.14454086021505377,AMZN
2016-10-18,41.105499267578125,41.16299819946289,40.750999450683594,40.88249969482422,50250000,0.16740504201680673,AMZN
2016-10-19,41.02000045776367,41.03350067138672,40.75849914550781,40.884498596191406,41814000,0.14662937062937065,AMZN
2016-10-20,40.699501037597656,40.785499572753906,40.154998779296875,40.51599884033203,63040000,0.10174605809128631,AMZN
2016-10-21,40.46799850463867,40.97100067138672,40.45000076293945,40.949501037597656,55860000,0.11509710526315789,AMZN
2016-10-24,41.247501373291016,41.915000915527344,41.11050033569336,41.90449905395508,81218000,0.22793513986013988,AMZN
2016-10-25,41.96500015258789,42.15449905395508,41.6609992980957,41.75899887084961,64968000,0.20327486725663718,AMZN
2016-10-26,41.63800048828125,41.672000885009766,41.0,41.12950134277344,79962000,0.15223574561403508,AMZN
2016-10-27,41.5620002746582,41.58599853515625,40.77149963378906,40.917999267578125,148128000,0.2081672392638037,AMZN
2016-10-28,39.099998474121094,39.4744987487793,38.730499267578125,38.816001892089844,216822000,0.1845153656532457,AMZN
2016-10-31,39.05149841308594,39.685001373291016,39.00550079345703,39.49100112915039,108266000,0.1793376953125,AMZN
2016-11-01,39.95000076293945,40.04199981689453,38.83549880981445,39.27050018310547,106108000,0.16942846299810246,AMZN
2016-11-02,39.19649887084961,39.23749923706055,38.1775016784668,38.27799987792969,100530000,0.07548680688336519,AMZN
2016-11-03,38.252498626708984,38.849998474121094,38.20000076293945,38.35150146484375,77450000,0.09376627906976744,AMZN
2016-11-04,38.13949966430664,38.29999923706055,37.6614990234375,37.752498626708984,102442000,0.13287367088607596,AMZN
2016-11-07,38.582000732421875,39.38650131225586,38.547000885009766,39.246498107910156,119688000,0.17037007672634272,AMZN
2016-11-08,39.24850082397461,39.58700180053711,38.95500183105469,39.38750076293945,68252000,0.14602828282828284,AMZN
2016-11-09,38.20000076293945,38.875,38.00450134277344,38.59400177001953,171258000,0.12812981530343007,AMZN
2016-11-10,38.94049835205078,38.94150161743164,35.8849983215332,37.11899948120117,254940000,0.07975658807212205,AMZN
2016-11-11,36.7864990234375,37.16299819946289,36.44499969482422,36.95050048828125,132456000,0.06330622222222222,AMZN
2016-11-14,37.2755012512207,37.29999923706055,35.505001068115234,35.95349884033203,146426000,0.10805497896213184,AMZN
2016-11-15,36.5,37.3390007019043,36.29949951171875,37.1619987487793,135116000,0.06480103806228374,AMZN
2016-11-16,36.99399948120117,37.493499755859375,36.78049850463867,37.324501037597656,72976000,0.1328325,AMZN
2016-11-17,37.465999603271484,37.875,37.400001525878906,37.81999969482422,73802000,0.14631706539074962,AMZN
2016-11-18,38.04999923706055,38.387001037597656,37.88199996948242,38.007999420166016,87468000,0.14039689655172413,AMZN
2016-11-21,38.29999923706055,39.01750183105469,38.25550079345703,39.0,92292000,0.17419405940594057,AMZN
2016-11-22,39.40850067138672,39.619998931884766,39.04999923706055,39.26649856567383,106226000,0.16247971631205674,AMZN
2016-11-23,39.08649826049805,39.087501525878906,38.65599822998047,39.00600051879883,70806000,0.1472404255319149,AMZN
2016-11-25,39.32500076293945,39.337501525878906,38.89500045776367,39.01850128173828,36742000,0.12985775862068966,AMZN
2016-11-28,38.8494987487793,38.849998474121094,38.21200180053711,38.3385009765625,88776000,0.12259383259911895,AMZN
2016-11-29,38.400001525878906,38.49449920654297,38.066001892089844,38.125999450683594,65446000,0.13187192982456142,AMZN
2016-11-30,38.099998474121094,38.40449905395508,37.51250076293945,37.528499603271484,92518000,0.12982750424448217,AMZN
2016-12-01,37.62049865722656,37.66849899291992,36.9015007019043,37.182498931884766,93320000,0.1210523031203566,AMZN
2016-12-02,37.16999816894531,37.42449951171875,36.834999084472656,37.016998291015625,71226000,0.13493326612903225,AMZN
2016-12-05,37.25,38.074501037597656,37.099998474121094,37.96799850463867,86294000,0.0964155,AMZN
2016-12-06,38.199501037597656,38.4119987487793,37.86249923706055,38.236000061035156,75894000,0.14518023255813953,AMZN
2016-12-07,38.227500915527344,38.520999908447266,37.79100036621094,38.520999908447266,73698000,0.131819305019305,AMZN
2016-12-08,38.59349822998047,38.68949890136719,38.259498596191406,38.36650085449219,63792000,0.08035,AMZN
2016-12-09,38.5,38.51250076293945,38.266998291015625,38.43299865722656,49418000,0.11638714652956299,AMZN
2016-12-12,38.31999969482422,38.34450149536133,37.86000061035156,38.00600051879883,59278000,0.14156375000000002,AMZN
2016-12-13,38.24800109863281,39.12300109863281,38.099998474121094,38.71699905395508,105706000,0.08875197505197506,AMZN
2016-12-14,38.912498474121094,39.042999267578125,38.140499114990234,38.441001892089844,109096000,0.1007126567844926,AMZN
2016-12-15,38.31399917602539,38.45500183105469,38.015499114990234,38.04999923706055,76038000,0.10264763406940063,AMZN
2016-12-16,38.25,38.256500244140625,37.70000076293945,37.88850021362305,96964000,0.11663873873873873,AMZN
2016-12-19,37.94449996948242,38.525001525878906,37.80799865722656,38.29999923706055,62264000,0.1610328611898017,AMZN
2016-12-20,38.432498931884766,38.71950149536133,38.385501861572266,38.56100082397461,54072000,0.09896139088729017,AMZN
2016-12-21,38.5,38.56100082397461,38.28499984741211,38.529998779296875,40892000,0.08624026315789475,AMZN
2016-12-22,38.40599822998047,38.56050109863281,38.1510009765625,38.31700134277344,50872000,0.14305266990291263,AMZN
2016-12-23,38.227500915527344,38.32500076293945,37.89950180053711,38.02949905395508,39632000,0.15116831683168316,AMZN
2016-12-27,38.16999816894531,38.73249816894531,38.060001373291016,38.56999969482422,52774000,0.2128871848739496,AMZN
2016-12-28,38.8125,39.0,38.525001525878906,38.60649871826172,66020000,0.1980673249551167,AMZN
2016-12-29,38.619998931884766,38.66999816894531,38.04249954223633,38.25749969482422,63166000,0.12232925278219395,AMZN
2016-12-30,38.32350158691406,38.369998931884766,37.41400146484375,37.493499755859375,82788000,0.1304865064695009,AMZN
2017-01-03,37.895999908447266,37.9379997253418,37.3849983215332,37.68349838256836,70422000,0.14141692573402417,AMZN
2017-01-04,37.919498443603516,37.98400115966797,37.709999084472656,37.85900115966797,50210000,0.12990772946859905,AMZN
2017-01-05,38.07749938964844,39.119998931884766,38.01300048828125,39.022499084472656,116602000,0.124802906448683,AMZN
2017-01-06,39.11800003051758,39.97200012207031,38.92399978637695,39.79949951171875,119724000,0.13692572944297082,AMZN
2017-01-09,39.900001525878906,40.0885009765625,39.5885009765625,39.84600067138672,68922000,0.1548755859375,AMZN
2017-01-10,39.83000183105469,39.900001525878906,39.47700119018555,39.79499816894531,51168000,0.15870833333333334,AMZN
2017-01-11,39.68299865722656,39.974998474121094,39.47549819946289,39.95100021362305,59856000,0.15190607210626186,AMZN
2017-01-12,40.015499114990234,40.70650100708008,39.974998474121094,40.68199920654297,97478000,0.1709247393364929,AMZN
2017-01-13,40.715999603271484,41.08250045776367,40.56999969482422,40.856998443603516,75838000,0.18085918057663125,AMZN
2017-01-17,40.78499984741211,40.79999923706055,40.172000885009766,40.486000061035156,73410000,0.17340769230769232,AMZN
2017-01-18,40.474998474121094,40.58649826049805,40.2135009765625,40.374000549316406,47084000,0.12812650862068964,AMZN
2017-01-19,40.5,40.675498962402344,40.36600112915039,40.45199966430664,50816000,0.15896353211009173,AMZN
2017-01-20,40.763999938964844,40.80099868774414,40.3129997253418,40.416500091552734,67524000,0.24445396825396826,AMZN
2017-01-23,40.34000015258789,40.92499923706055,40.25400161743164,40.89400100708008,55950000,0.1625900390625,AMZN
2017-01-24,41.099998474121094,41.199501037597656,40.724998474121094,41.12200164794922,59434000,0.195531190926276,AMZN
2017-01-25,41.28950119018555,41.87099838256836,41.26449966430664,41.82600021362305,78452000,0.2369253937007874,AMZN
2017-01-26,41.7765007019043,42.19200134277344,41.650001525878906,41.95750045776367,71726000,0.20233275862068967,AMZN
2017-01-27,41.95000076293945,41.98500061035156,41.47200012207031,41.78850173950195,59974000,0.18412544529262087,AMZN
2017-01-30,41.650001525878906,41.67499923706055,40.819000244140625,41.51900100708008,74946000,0.18630611764705882,AMZN
2017-01-31,41.1875,41.3494987487793,40.97800064086914,41.17399978637695,62744000,0.1771273187183811,AMZN
2017-02-01,41.46049880981445,41.68899917602539,41.24700164794922,41.61750030517578,77004000,0.18247914438502674,AMZN
2017-02-02,41.829498291015625,42.1245002746582,41.41299819946289,41.997501373291016,147010000,0.20668819487820114,AMZN
2017-02-03,40.33599853515625,40.915000915527344,40.20000076293945,40.5099983215332,217376000,0.17652596964586847,AMZN
2017-02-06,40.4900016784668,40.5359992980957,40.150001525878906,40.38199996948242,77946000,0.1769937198067633,AMZN
2017-02-07,40.46549987792969,40.80799865722656,40.375,40.625,69322000,0.19279888143176735,AMZN
2017-02-08,40.634498596191406,41.07400131225586,40.625,40.98550033569336,57160000,0.16523638297872342,AMZN
2017-02-09,41.08000183105469,41.25,40.98550033569336,41.06800079345703,49698000,0.18386823529411767,AMZN
2017-02-10,41.191001892089844,41.400001525878906,41.14250183105469,41.37300109863281,48592000,0.11321405529953918,AMZN
2017-02-13,41.58100128173828,42.150001525878906,41.4275016784668,41.826499938964844,83452000,0.14410019157088122,AMZN
2017-02-14,41.849998474121094,41.91550064086914,41.5724983215332,41.81949996948242,55848000,0.1347831983805668,AMZN
2017-02-15,41.70000076293945,42.140499114990234,41.64099884033203,42.1349983215332,59378000,0.16744294117647057,AMZN
2017-02-16,42.09199905395508,42.25,41.96900177001953,42.207000732421875,54294000,0.16312469135802468,AMZN
2017-02-17,42.099998474121094,42.36349868774414,42.0364990234375,42.253501892089844,62246000,0.18119959016393442,AMZN
2017-02-21,42.44200134277344,42.89899826049805,42.36249923706055,42.821998596191406,70154000,0.18950420475319926,AMZN
2017-02-22,42.84749984741211,42.92150115966797,42.60900115966797,42.78049850463867,52340000,0.2178433628318584,AMZN
2017-02-23,42.878501892089844,43.042999267578125,42.400001525878906,42.609500885009766,69240000,0.15388110831234258,AMZN
2017-02-24,42.234500885009766,42.29050064086914,41.88750076293945,42.262001037597656,73760000,0.11576198830409358,AMZN
2017-02-27,42.11899948120117,42.625,41.98350143432617,42.43199920654297,54272000,0.22952962962962964,AMZN
2017-02-28,42.5724983215332,42.704498291015625,42.102500915527344,42.25199890136719,55874000,0.05296955882352941,AMZN
2017-03-01,42.65250015258789,42.74150085449219,42.45050048828125,42.65399932861328,55202000,0.055813027522935786,AMZN
2017-03-02,42.65399932861328,42.74100112915039,42.36399841308594,42.445499420166016,42642000,0.07439218436873749,AMZN
2017-03-03,42.36000061035156,42.5994987487793,42.313499450683594,42.49399948120117,38822000,0.0763520069808028,AMZN
2017-03-06,42.26150131225586,42.42449951171875,42.055999755859375,42.330501556396484,52208000,0.12575674300254452,AMZN
2017-03-07,42.27399826049805,42.42300033569336,42.1875,42.30099868774414,44952000,0.10989661399548534,AMZN
2017-03-08,42.400001525878906,42.653499603271484,42.339500427246094,42.525001525878906,45730000,0.12597186813186814,AMZN
2017-03-09,42.54999923706055,42.81999969482422,42.515499114990234,42.650001525878906,40964000,0.16268595317725754,AMZN
2017-03-10,42.849998474121094,42.86750030517578,42.58599853515625,42.62300109863281,48728000,0.16994329896907215,AMZN
2017-03-13,42.5885009765625,42.78450012207031,42.58549880981445,42.72949981689453,38194000,0.11741436464088398,AMZN
2017-03-14,42.6775016784668,42.6875,42.377498626708984,42.62649917602539,42612000,0.10411666666666668,AMZN
2017-03-15,42.71649932861328,42.72249984741211,42.355499267578125,42.64849853515625,51244000,0.206010773480663,AMZN
2017-03-16,42.76499938964844,42.775001525878906,42.5255012512207,42.67100143432617,36846000,0.21316149253731342,AMZN
2017-03-17,42.67449951171875,42.69150161743164,42.53200149536133,42.615501403808594,67688000,0.12192803738317756,AMZN
2017-03-20,42.57550048828125,42.88999938964844,42.550498962402344,42.8484992980957,45654000,0.19956041666666666,AMZN
2017-03-21,42.94200134277344,43.13999938964844,42.06549835205078,42.15999984741211,87658000,0.1692227659574468,AMZN
2017-03-22,42.02149963378906,42.46849822998047,41.95249938964844,42.40299987792969,53174000,0.1550934659090909,AMZN
2017-03-23,42.40999984741211,42.544498443603516,42.2400016784668,42.36899948120117,39060000,0.12653125,AMZN
2017-03-24,42.58399963378906,42.59000015258789,42.17649841308594,42.28049850463867,42766000,0.16490000000000002,AMZN
2017-03-27,41.903499603271484,42.51499938964844,41.67499923706055,42.340999603271484,55116000,0.1532873873873874,AMZN
2017-03-28,42.587501525878906,42.92300033569336,42.505001068115234,42.79999923706055,60832000,0.2060806921675774,AMZN
2017-03-29,42.95249938964844,43.821998596191406,42.95100021362305,43.715999603271484,89716000,0.22887186261558784,AMZN
2017-03-30,43.747501373291016,43.85300064086914,43.58300018310547,43.81700134277344,55254000,0.19893878923766817,AMZN
2017-03-31,43.849998474121094,44.51750183105469,43.83250045776367,44.32699966430664,79152000,0.1986590051457976,AMZN
2017-04-03,44.400001525878906,44.67449951171875,44.270999908447266,44.57550048828125,68446000,0.17457963917525773,AMZN
2017-04-04,44.57500076293945,45.426998138427734,44.513999938964844,45.34149932861328,99694000,0.2032139968895801,AMZN
2017-04-05,45.54100036621094,46.18600082397461,45.28099822998047,45.4640007019043,150168000,0.19836127067014797,AMZN
2017-04-06,45.689998626708984,45.859500885009766,44.7244987487793,44.91400146484375,126882000,0.11781487252124646,AMZN
2017-04-07,44.98249816894531,45.00450134277344,44.46549987792969,44.74399948120117,74218000,0.09743324873096447,AMZN
2017-04-10,44.98149871826172,45.425498962402344,44.95000076293945,45.35200119018555,63686000,0.19954814049586778,AMZN
2017-04-11,45.35200119018555,45.5620002746582,44.875,45.11800003051758,60254000,0.16110773195876288,AMZN
2017-04-12,45.15449905395508,45.204498291015625,44.76250076293945,44.811500549316406,49122000,0.1772687074829932,AMZN
2017-04-13,44.5724983215332,44.74850082397461,44.2244987487793,44.23350143432617,63492000,0.13401246684350132,AMZN
2017-04-17,44.375,45.11899948120117,44.375,45.0994987487793,57094000,0.18252660753880268,AMZN
2017-04-18,45.04949951171875,45.480499267578125,45.03900146484375,45.18899917602539,59984000,0.23592866043613708,AMZN
2017-04-19,45.391998291015625,45.525001525878906,44.868499755859375,44.959999084472656,57404000,0.1378157458563536,AMZN
2017-04-20,44.98500061035156,45.26599884033203,44.81449890136719,45.10300064086914,56288000,0.15341979695431474,AMZN
2017-04-21,45.13349914550781,45.182498931884766,44.8385009765625,44.92649841308594,48410000,0.1888262839879154,AMZN
2017-04-24,45.433998107910156,45.4995002746582,45.191001892089844,45.37049865722656,62458000,0.15572888349514566,AMZN
2017-04-25,45.35200119018555,45.4739990234375,45.150001525878906,45.38100051879883,67612000,0.23803826429980277,AMZN
2017-04-26,45.51499938964844,45.787498474121094,45.37799835205078,45.464500427246094,52178000,0.24517869565217393,AMZN
2017-04-27,45.71950149536133,46.09299850463867,45.605499267578125,45.91899871826172,106110000,0.30512633451957294,AMZN
2017-04-28,47.44150161743164,47.47949981689453,46.21649932861328,46.2495002746582,147294000,0.23223767403767406,AMZN
2017-05-01,46.38999938964844,47.720001220703125,46.38999938964844,47.4114990234375,109330000,0.24347276995305167,AMZN
2017-05-02,47.33250045776367,47.505001068115234,47.070499420166016,47.34700012207031,76976000,0.17814715447154472,AMZN
2017-05-03,47.29999923706055,47.29999923706055,46.79499816894531,47.05149841308594,71654000,0.1423396551724138,AMZN
2017-05-04,47.23749923706055,47.25,46.71099853515625,46.87649917602539,48368000,0.16933352941176472,AMZN
2017-05-05,47.0260009765625,47.03950119018555,46.51499938964844,46.70750045776367,57328000,0.15636124661246611,AMZN
2017-05-08,47.04750061035156,47.45249938964844,46.96049880981445,47.45199966430664,68314000,0.16338327067669173,AMZN
2017-05-09,47.63999938964844,47.894500732421875,47.5099983215332,47.64099884033203,65242000,0.1694776119402985,AMZN
2017-05-10,47.67499923706055,47.6875,47.25,47.4474983215332,41930000,0.12705388349514563,AMZN
2017-05-11,47.25550079345703,47.51449966430664,47.03900146484375,47.38100051879883,43882000,0.15941603498542276,AMZN
2017-05-12,47.724998474121094,48.13949966430664,47.576499938964844,48.067501068115234,72518000,0.07870776699029126,AMZN
2017-05-15,47.936500549316406,48.157501220703125,47.803001403808594,47.89849853515625,85412000,0.14721467889908257,AMZN
2017-05-16,48.04999923706055,48.50299835205078,48.045501708984375,48.30350112915039,62522000,0.1785094,AMZN
2017-05-17,47.73500061035156,48.02000045776367,47.20600128173828,47.237998962402344,102912000,0.13624827586206897,AMZN
2017-05-18,47.2400016784668,48.13750076293945,47.237998962402344,47.92449951171875,78786000,0.20092081339712917,AMZN
2017-05-19,48.141998291015625,48.44599914550781,47.986000061035156,47.992000579833984,79442000,0.1797318493150685,AMZN
2017-05-22,48.20000076293945,48.569000244140625,48.14500045776367,48.53350067138672,52844000,0.1755378787878788,AMZN
2017-05-23,48.750999450683594,48.7599983215332,48.342498779296875,48.57699966430664,48312000,0.18148030303030305,AMZN
2017-05-24,48.79999923706055,49.04999923706055,48.51150131225586,49.01750183105469,48920000,0.20665896860986546,AMZN
2017-05-25,49.24250030517578,49.95000076293945,49.105499267578125,49.66899871826172,96440000,0.20554387855044073,AMZN
2017-05-26,49.75,49.932498931884766,49.462501525878906,49.78900146484375,69384000,0.1493675619834711,AMZN
2017-05-30,49.82550048828125,50.060001373291016,49.7760009765625,49.834999084472656,65262000,0.24678181818181819,AMZN
2017-05-31,50.0,50.00600051879883,49.108001708984375,49.73099899291992,78262000,0.14883495145631068,AMZN
2017-06-01,49.929500579833984,49.949501037597656,49.56850051879883,49.79750061035156,49096000,0.17337217125382265,AMZN
2017-06-02,49.949501037597656,50.42399978637695,49.78350067138672,50.33649826049805,75046000,0.23954854368932038,AMZN
2017-06-05,50.36149978637695,50.660499572753906,50.175498962402344,50.56700134277344,54398000,0.17495909090909093,AMZN
2017-06-06,50.599998474121094,50.82500076293945,50.0625,50.150001525878906,66928000,0.1465577629382304,AMZN
2017-06-07,50.29750061035156,50.51250076293945,50.099998474121094,50.503501892089844,56460000,0.13393425925925925,AMZN
2017-06-08,50.60300064086914,50.68050003051758,50.30550003051758,50.51350021362305,55358000,0.1570992462311558,AMZN
2017-06-09,50.625,50.64950180053711,46.349998474121094,48.91550064086914,152954000,0.09770819444444445,AMZN
2017-06-12,48.349998474121094,48.79750061035156,47.25,48.24549865722656,188944000,0.1266631724137931,AMZN
2017-06-13,48.89950180053711,49.224998474121094,48.30500030517578,49.03950119018555,91600000,0.14361113636363637,AMZN
2017-06-14,49.429500579833984,49.516998291015625,48.33549880981445,48.82350158691406,79498000,0.11212611464968153,AMZN
2017-06-15,47.935001373291016,48.2864990234375,47.542999267578125,48.208499908447266,107478000,0.1741101923076923,AMZN
2017-06-16,49.79999923706055,49.98749923706055,49.099998474121094,49.385501861572266,229454000,0.22905881230622469,AMZN
2017-06-19,50.849998474121094,50.849998474121094,49.494998931884766,49.75849914550781,100868000,0.15901408,AMZN
2017-06-20,49.900001525878906,50.24399948120117,49.60100173950195,49.62950134277344,81536000,0.1706843822843823,AMZN
2017-06-21,49.935001373291016,50.13600158691406,49.63249969482422,50.11149978637695,58450000,0.1313588669950739,AMZN
2017-06-22,50.11149978637695,50.347999572753906,49.86000061035156,50.064998626708984,45068000,0.12974535073409463,AMZN
2017-06-23,50.12699890136719,50.23099899291992,49.9010009765625,50.1870002746582,57582000,0.17022717041800642,AMZN
2017-06-26,50.42499923706055,50.4900016784668,49.599998474121094,49.69900131225586,67724000,0.11873218085106384,AMZN
2017-06-27,49.53450012207031,49.939998626708984,48.79999923706055,48.8390007019043,75648000,0.1312420435510888,AMZN
2017-06-28,48.9275016784668,49.534000396728516,48.46049880981445,49.51649856567383,74752000,0.13815643274853803,AMZN
2017-06-29,48.95000076293945,49.37799835205078,48.26250076293945,48.79650115966797,86060000,0.17940927051671732,AMZN
2017-06-30,49.00600051879883,49.173500061035156,48.38050079345703,48.400001525878906,67806000,0.22485601577909273,AMZN
2017-07-03,48.63949966430664,48.7244987487793,47.54999923706055,47.68299865722656,58182000,0.2132578528827038,AMZN
2017-07-05,48.076499938964844,48.75,47.76250076293945,48.56999969482422,73060000,0.23713399122807016,AMZN
2017-07-06,48.233001708984375,48.720001220703125,47.95100021362305,48.25699996948242,65192000,0.15806045627376428,AMZN
2017-07-07,48.477500915527344,49.00550079345703,48.457000732421875,48.9379997253418,52868000,0.1763767895878525,AMZN
2017-07-10,49.25,49.97200012207031,49.17499923706055,49.82350158691406,70926000,0.20456320109439124,AMZN
2017-07-11,49.650001525878906,49.79949951171875,49.18600082397461,49.70650100708008,59654000,0.2086180412371134,AMZN
2017-07-12,50.032501220703125,50.4275016784668,49.904998779296875,50.32550048828125,72172000,0.20445759878419456,AMZN
2017-07-13,50.23099899291992,50.34400177001953,49.79499816894531,50.03150177001953,57616000,0.1868239700374532,AMZN
2017-07-14,50.119998931884766,50.22249984741211,49.84450149536133,50.09049987792969,42050000,0.15784068441064641,AMZN
2017-07-17,50.234500885009766,50.73749923706055,50.19049835205078,50.50199890136719,74252000,0.15900615835777127,AMZN
2017-07-18,50.29999923706055,51.30149841308594,50.20000076293945,51.22249984741211,80152000,0.21303558620689653,AMZN
2017-07-19,51.25,51.579498291015625,51.125,51.34349822998047,59280000,0.20505848303393215,AMZN
2017-07-20,51.579498291015625,51.74850082397461,51.125999450683594,51.435001373291016,61950000,0.14309139784946237,AMZN
2017-07-21,51.06399917602539,51.30500030517578,50.54999923706055,51.28350067138672,54692000,0.15785463743676223,AMZN
2017-07-24,51.41699981689453,52.1505012512207,51.371498107910156,51.9474983215332,65760000,0.2151060162601626,AMZN
2017-07-25,51.90250015258789,52.166500091552734,51.624000549316406,51.993499755859375,48952000,0.1420786355475763,AMZN
2017-07-26,52.15999984741211,52.65999984741211,52.15999984741211,52.63999938964844,58426000,0.2391881188118812,AMZN
2017-07-27,53.477500915527344,54.16550064086914,52.00899887084961,52.29999923706055,219834000,0.24275185628742516,AMZN
2017-07-28,50.606998443603516,51.64250183105469,50.04999923706055,51.00199890136719,154188000,0.1888416313559322,AMZN
2017-07-31,50.95249938964844,50.95249938964844,49.35100173950195,49.388999938964844,147042000,0.12153388429752067,AMZN
2017-08-01,49.80550003051758,50.31999969482422,49.57899856567383,49.80950164794922,91452000,0.15942230483271375,AMZN
2017-08-02,50.0885009765625,50.160499572753906,49.08649826049805,49.794498443603516,81400000,0.12384970986460347,AMZN
2017-08-03,49.9734992980957,49.974998474121094,49.22949981689453,49.34600067138672,65116000,0.17605456521739132,AMZN
2017-08-04,49.48400115966797,49.583499908447266,49.099998474121094,49.37900161743164,54606000,0.16055782747603836,AMZN
2017-08-07,49.532501220703125,49.75,49.356998443603516,49.61349868774414,53532000,0.1840304109589041,AMZN
2017-08-08,49.717498779296875,49.81399917602539,49.28950119018555,49.492000579833984,58056000,0.15813891402714933,AMZN
2017-08-09,49.130001068115234,49.400001525878906,48.76350021362305,49.10049819946289,71394000,0.17214187082405347,AMZN
2017-08-10,48.814998626708984,48.99300003051758,47.73400115966797,47.84600067138672,113682000,0.10823932584269662,AMZN
2017-08-11,48.0,48.519500732421875,47.569000244140625,48.39950180053711,69360000,0.12924503968253967,AMZN
2017-08-14,48.920501708984375,49.275001525878906,48.80950164794922,49.165000915527344,63458000,0.14251540178571429,AMZN
2017-08-15,49.44499969482422,49.58700180053711,49.099998474121094,49.137001037597656,50986000,0.15073041825095057,AMZN
2017-08-16,49.08250045776367,49.323001861572266,48.6609992980957,48.909000396728516,62642000,0.11214614379084968,AMZN
2017-08-17,48.891998291015625,48.891998291015625,48.01599884033203,48.028499603271484,70248000,0.1556886645962733,AMZN
2017-08-18,48.06999969482422,48.27149963378906,47.73249816894531,47.923500061035156,65696000,0.1596588377723971,AMZN
2017-08-21,47.878501892089844,48.060001373291016,47.27299880981445,47.66450119018555,63290000,0.13178194774346794,AMZN
2017-08-22,47.7760009765625,48.39649963378906,47.775001525878906,48.345001220703125,55000000,0.16118609625668448,AMZN
2017-08-23,47.96900177001953,48.099998474121094,47.709999084472656,47.900001525878906,53366000,0.1349903448275862,AMZN
2017-08-24,47.87099838256836,47.95000076293945,47.05699920654297,47.622501373291016,103914000,0.10412505285412263,AMZN
2017-08-25,47.79999923706055,47.88100051879883,47.20500183105469,47.26300048828125,66496000,0.12115985074626864,AMZN
2017-08-28,47.32699966430664,47.650001525878906,47.11249923706055,47.30099868774414,51934000,0.10938248772504092,AMZN
2017-08-29,47.0,47.79999923706055,46.81650161743164,47.702999114990234,57486000,0.14751739130434782,AMZN
2017-08-30,47.922000885009766,48.47050094604492,47.84550094604492,48.37950134277344,58092000,0.12635036674816627,AMZN
2017-08-31,48.73500061035156,49.04999923706055,48.63800048828125,49.029998779296875,66630000,0.1658883620689655,AMZN
2017-09-01,49.209999084472656,49.224998474121094,48.84400177001953,48.912498474121094,50718000,0.20358451443569556,AMZN
2017-09-05,48.77000045776367,48.8385009765625,48.01850128173828,48.26350021362305,57664000,0.15128666666666668,AMZN
2017-09-06,48.41600036621094,48.59199905395508,48.029998779296875,48.38999938964844,42598000,0.09388892215568863,AMZN
2017-09-07,48.70000076293945,49.02949905395508,48.627498626708984,48.9734992980957,51336000,0.18239313725490197,AMZN
2017-09-08,48.95500183105469,48.99399948120117,48.173500061035156,48.29499816894531,52106000,0.14924505119453924,AMZN
2017-09-11,48.722999572753906,49.09700012207031,48.71099853515625,48.89799880981445,43734000,0.09133162544169611,AMZN
2017-09-12,49.16350173950195,49.23350143432617,48.7760009765625,49.12900161743164,49622000,0.12136503067484664,AMZN
2017-09-13,49.19850158691406,50.0,48.97100067138672,49.97999954223633,67494000,0.17282047619047622,AMZN
2017-09-14,49.84000015258789,49.928001403808594,49.387001037597656,49.61050033569336,78266000,0.15060607287449393,AMZN
2017-09-15,49.6505012512207,49.8125,49.201499938964844,49.339500427246094,75204000,0.14972003367003367,AMZN
2017-09-18,49.52000045776367,49.63949966430664,48.40850067138672,48.70949935913086,68226000,0.12989347536617843,AMZN
2017-09-19,48.86249923706055,48.9119987487793,48.37300109863281,48.49300003051758,53422000,0.12423109017496636,AMZN
2017-09-20,48.589500427246094,48.740501403808594,48.108001708984375,48.660499572753906,57776000,0.22810109289617486,AMZN
2017-09-21,48.56549835205078,48.584999084472656,48.10100173950195,48.23249816894531,46752000,0.19544962962962964,AMZN
2017-09-22,48.050498962402344,48.28049850463867,47.72100067138672,47.755001068115234,52836000,0.18608610478359908,AMZN
2017-09-25,47.46549987792969,47.47100067138672,46.644500732421875,46.989498138427734,102480000,0.11662604340567614,AMZN
2017-09-26,47.27450180053711,47.43149948120117,46.587501525878906,46.93000030517578,71296000,0.17214935064935064,AMZN
2017-09-27,47.400001525878906,47.76499938964844,47.165000915527344,47.54349899291992,62978000,0.18309928443649376,AMZN
2017-09-28,47.59299850463867,47.98500061035156,47.505001068115234,47.81999969482422,50452000,0.19782574468085107,AMZN
2017-09-29,48.00550079345703,48.24150085449219,47.91899871826172,48.067501068115234,50876000,0.15808426966292133,AMZN
2017-10-02,48.20000076293945,48.365501403808594,47.60599899291992,47.95949935913086,48858000,0.20150348525469172,AMZN
2017-10-03,47.900001525878906,48.18450164794922,47.51850128173828,47.85499954223633,53332000,0.1584057142857143,AMZN
2017-10-04,47.71049880981445,48.38949966430664,47.70249938964844,48.272499084472656,50548000,0.1374170955882353,AMZN
2017-10-05,48.5,49.07550048828125,48.481998443603516,49.04249954223633,64584000,0.15711238938053096,AMZN
2017-10-06,48.78200149536133,49.787498474121094,48.78200149536133,49.479000091552734,75642000,0.18561512125534949,AMZN
2017-10-09,49.6619987487793,49.92499923706055,49.375,49.54949951171875,58772000,0.18266339066339068,AMZN
2017-10-10,49.833499908447266,49.897499084472656,49.005001068115234,49.36000061035156,61698000,0.19422629558541268,AMZN
2017-10-11,49.563499450683594,49.775001525878906,49.334999084472656,49.75,46742000,0.22153178694158077,AMZN
2017-10-12,49.84049987792969,50.422000885009766,49.619998931884766,50.04650115966797,81346000,0.19817963246554365,AMZN
2017-10-13,50.349998474121094,50.38850021362305,50.05149841308594,50.14699935913086,48630000,0.16392795138888888,AMZN
2017-10-16,50.422000885009766,50.47850036621094,50.051998138427734,50.31700134277344,40178000,0.24351699029126214,AMZN
2017-10-17,50.27949905395508,50.57350158691406,50.21900177001953,50.45650100708008,46394000,0.21313991596638654,AMZN
2017-10-18,50.4635009765625,51.115501403808594,49.82749938964844,49.849998474121094,49994000,0.05160000000000001,AMZN
2017-10-19,49.5,49.5525016784668,49.012001037597656,49.330501556396484,62164000,0.178479324055666,AMZN
2017-10-20,49.67649841308594,49.73099899291992,49.099998474121094,49.14550018310547,47302000,0.2206301886792453,AMZN
2017-10-23,49.33649826049805,49.3390007019043,48.125,48.314998626708984,69882000,0.2136252427184466,AMZN
2017-10-24,48.45000076293945,48.99250030517578,48.25,48.79499816894531,54478000,0.20530196721311475,AMZN
2017-10-25,48.900001525878906,49.22200012207031,48.3120002746582,48.64550018310547,60662000,0.19388013698630135,AMZN
2017-10-26,49.01649856567383,49.14500045776367,48.4275016784668,48.621498107910156,112374000,0.32413358778625956,AMZN
2017-10-27,52.90700149536133,55.27899932861328,52.52750015258789,55.04750061035156,331300000,0.24868082045817796,AMZN
2017-10-30,54.7504997253418,56.13949966430664,54.678001403808594,55.54249954223633,132262000,0.2328624347826087,AMZN
2017-10-31,55.45000076293945,55.527000427246094,55.055999755859375,55.263999938964844,69540000,0.2518918316831683,AMZN
2017-11-01,55.27000045776367,55.44850158691406,54.83700180053711,55.183998107910156,75110000,0.22743457330415756,AMZN
2017-11-02,54.890499114990234,55.09700012207031,54.34349822998047,54.71099853515625,73698000,0.20962222222222224,AMZN
2017-11-03,54.557498931884766,55.63399887084961,54.42599868774414,55.58000183105469,75030000,0.20341297872340425,AMZN
2017-11-06,55.45750045776367,56.27050018310547,55.438499450683594,56.03300094604492,67622000,0.19337029702970296,AMZN
2017-11-07,56.23699951171875,56.529998779296875,55.875,56.15850067138672,53780000,0.19409110576923078,AMZN
2017-11-08,56.14099884033203,56.777000427246094,55.955501556396484,56.64400100708008,51630000,0.25113105882352943,AMZN
2017-11-09,56.29800033569336,56.48099899291992,55.78850173950195,56.45650100708008,74654000,0.15681182572614108,AMZN
2017-11-10,56.30500030517578,56.587501525878906,56.202999114990234,56.26750183105469,43598000,0.1505716589861751,AMZN
2017-11-13,56.150001525878906,56.994998931884766,56.117000579833984,56.458499908447266,58368000,0.193120987654321,AMZN
2017-11-14,56.50550079345703,56.900001525878906,56.19449996948242,56.84199905395508,62768000,0.19416608695652174,AMZN
2017-11-15,56.35049819946289,56.587501525878906,56.08150100708008,56.33449935913086,78574000,0.1839657608695652,AMZN
2017-11-16,56.507999420166016,56.90800094604492,56.502498626708984,56.864498138427734,44266000,0.32097290836653386,AMZN
2017-11-17,56.91400146484375,56.939998626708984,56.29050064086914,56.49399948120117,48268000,0.21838878326996197,AMZN
2017-11-20,56.48849868774414,56.67100143432617,56.127498626708984,56.31549835205078,43278000,0.18307771535580525,AMZN
2017-11-21,56.643001556396484,57.0,56.40999984741211,56.9744987487793,49588000,0.2331880733944954,AMZN
2017-11-22,57.04999923706055,58.01350021362305,57.04999923706055,57.80799865722656,71106000,0.2198013986013986,AMZN
2017-11-24,58.03499984741211,59.34199905395508,58.03499984741211,59.29999923706055,70560000,0.2648914046121593,AMZN
2017-11-27,60.132999420166016,60.670501708984375,59.557498931884766,59.791500091552734,134880000,0.13670410596026492,AMZN
2017-11-28,60.24399948120117,60.266998291015625,59.42599868774414,59.68000030517578,91188000,0.17740898716119827,AMZN
2017-11-29,59.7400016784668,59.7400016784668,57.259498596191406,58.063499450683594,185150000,0.14140025873221218,AMZN
2017-11-30,58.35499954223633,58.92850112915039,58.0,58.837501525878906,90184000,0.19123306709265175,AMZN
2017-12-01,58.602500915527344,58.98249816894531,57.599998474121094,58.11750030517578,82142000,0.15199462365591399,AMZN
2017-12-04,58.692501068115234,58.7599983215332,56.400001525878906,56.6974983215332,118638000,0.15505354838709678,AMZN
2017-12-05,56.41299819946289,57.9635009765625,56.23699951171875,57.07849884033203,81596000,0.14439584026622299,AMZN
2017-12-06,56.89950180053711,57.794498443603516,56.80400085449219,57.61750030517578,57066000,0.14187568555758687,AMZN
2017-12-07,57.829498291015625,58.15950012207031,57.54999923706055,57.989498138427734,50232000,0.15103365155131265,AMZN
2017-12-08,58.52000045776367,58.63949966430664,57.85499954223633,58.099998474121094,61002000,0.17707454545454546,AMZN
2017-12-11,58.22999954223633,58.494998931884766,57.849998474121094,58.44599914550781,47270000,0.22555236486486488,AMZN
2017-12-12,58.32550048828125,58.68000030517578,58.080501556396484,58.25400161743164,44718000,0.1881965909090909,AMZN
2017-12-13,58.5,58.54349899291992,58.01350021362305,58.20650100708008,52336000,0.2844008064516129,AMZN
2017-12-14,58.18550109863281,58.89649963378906,58.122501373291016,58.7130012512207,64286000,0.2151076666666667,AMZN
2017-12-15,58.951499938964844,59.13750076293945,58.46649932861328,58.957000732421875,95572000,0.19551731843575418,AMZN
2017-12-18,59.368499755859375,59.73899841308594,59.045501708984375,59.52899932861328,58952000,0.2219687878787879,AMZN
2017-12-19,59.45750045776367,59.64849853515625,58.957000732421875,59.36899948120117,51756000,0.3113314516129032,AMZN
2017-12-20,59.525001525878906,59.54999923706055,58.79999923706055,58.88100051879883,47424000,0.24193333333333333,AMZN
2017-12-21,58.79499816894531,58.958499908447266,58.38199996948242,58.737998962402344,42462000,0.18001223958333334,AMZN
2017-12-22,58.604000091552734,58.73099899291992,58.39149856567383,58.417999267578125,31702000,0.2699544910179641,AMZN
2017-12-26,58.417999267578125,58.91600036621094,58.02750015258789,58.8380012512207,40104000,0.3085290909090909,AMZN
2017-12-27,58.99549865722656,59.364498138427734,58.78049850463867,59.112998962402344,37344000,0.27343342696629214,AMZN
2017-12-28,59.45000076293945,59.505001068115234,59.21900177001953,59.30500030517578,36834000,0.2088079800498753,AMZN
2017-12-29,59.11750030517578,59.20000076293945,58.375,58.4734992980957,53768000,0.2189747016706444,AMZN
2018-01-02,58.599998474121094,59.5,58.5255012512207,59.45050048828125,53890000,0.23361504065040653,AMZN
2018-01-03,59.415000915527344,60.27450180053711,59.415000915527344,60.209999084472656,62176000,0.22055691056910567,AMZN
2018-01-04,60.25,60.79349899291992,60.233001708984375,60.47949981689453,60442000,0.27255662393162394,AMZN
2018-01-05,60.8754997253418,61.457000732421875,60.5,61.457000732421875,70894000,0.20756276771004942,AMZN
2018-01-08,61.79999923706055,62.65399932861328,61.60150146484375,62.34349822998047,85590000,0.24609021739130435,AMZN
2018-01-09,62.845001220703125,62.96649932861328,62.0880012512207,62.6349983215332,73226000,0.19656394129979035,AMZN
2018-01-10,62.25749969482422,62.71649932861328,61.86149978637695,62.71649932861328,53720000,0.23537654986522913,AMZN
2018-01-11,62.98699951171875,63.8385009765625,62.823001861572266,63.83399963378906,62500000,0.23704742063492065,AMZN
2018-01-12,63.669498443603516,65.28800201416016,63.669498443603516,65.26000213623047,108874000,0.24088978873239436,AMZN
2018-01-16,66.1500015258789,66.99700164794922,64.61499786376953,65.24299621582031,144414000,0.2633918200408998,AMZN
2018-01-17,65.61199951171875,65.69999694824219,64.04399871826172,64.75,105076000,0.29918297872340427,AMZN
2018-01-18,64.69750213623047,65.2300033569336,64.20099639892578,64.66600036621094,80538000,0.24276952662721893,AMZN
2018-01-19,65.5999984741211,65.6500015258789,64.64949798583984,64.72899627685547,91570000,0.20017669902912624,AMZN
2018-01-22,64.8584976196289,66.37249755859375,64.83300018310547,66.3655014038086,82802000,0.22385957854406133,AMZN
2018-01-23,66.90450286865234,68.24500274658203,66.86699676513672,68.12699890136719,103386000,0.2686061752988048,AMZN
2018-01-24,68.74099731445312,69.40799713134766,66.9000015258789,67.87550354003906,136150000,0.18923150105708245,AMZN
2018-01-25,68.4000015258789,68.91699981689453,67.88099670410156,68.89749908447266,95060000,0.20025413223140495,AMZN
2018-01-26,69.60050201416016,70.12650299072266,69.04550170898438,70.10250091552734,97146000,0.25900018832391714,AMZN
2018-01-29,70.45899963378906,71.56950378417969,70.02200317382812,70.88400268554688,114038000,0.2674018867924528,AMZN
2018-01-30,70.15850067138672,71.9625015258789,69.5999984741211,71.89099884033203,117438000,0.241732340862423,AMZN
2018-01-31,72.56500244140625,73.62899780273438,72.50199890136719,72.54450225830078,128494000,0.24388333333333334,AMZN
2018-02-01,72.25,72.99400329589844,69.25700378417969,69.5,182276000,0.2549311209439528,AMZN
2018-02-02,73.86949920654297,74.9000015258789,70.69999694824219,71.49749755859375,222514000,0.22744740406320543,AMZN
2018-02-05,70.13099670410156,72.9489974975586,66.03600311279297,69.5,229900000,0.20730422322775263,AMZN
2018-02-06,68.072998046875,72.19950103759766,67.5895004272461,72.14199829101562,221336000,0.19620094786729858,AMZN
2018-02-07,72.44999694824219,73.04949951171875,70.75749969482422,70.83899688720703,143254000,0.210663567839196,AMZN
2018-02-08,71.48400115966797,71.6875,67.49700164794922,67.5250015258789,171572000,0.19973745454545455,AMZN
2018-02-09,68.67449951171875,69.17500305175781,63.29650115966797,66.9800033569336,282830000,0.1725496083550914,AMZN
2018-02-12,68.2334976196289,69.69049835205078,67.20050048828125,69.3115005493164,134778000,0.26168,AMZN
2018-02-13,69.29650115966797,70.98600006103516,69.17649841308594,70.72550201416016,118358000,0.20527490196078432,AMZN
2018-02-14,70.3125,72.60299682617188,70.16799926757812,72.55249786376953,119184000,0.2331225352112676,AMZN
2018-02-15,73.34449768066406,73.4469985961914,71.84200286865234,73.08799743652344,113054000,0.20571853448275862,AMZN
2018-02-16,72.86849975585938,73.29000091552734,72.3280029296875,72.43450164794922,89452000,0.19216004842615012,AMZN
2018-02-20,72.32450103759766,74.4384994506836,72.32450103759766,73.4175033569336,129984000,0.24905000000000002,AMZN
2018-02-21,74.25,75.17449951171875,73.94599914550781,74.14600372314453,126088000,0.1898683089214381,AMZN
2018-02-22,74.76799774169922,75.12699890136719,73.78800201416016,74.26699829101562,97162000,0.18090195035460993,AMZN
2018-02-23,74.76699829101562,75.0,74.32499694824219,75.0,88362000,0.17891382978723405,AMZN
2018-02-26,75.45999908447266,76.14199829101562,75.3499984741211,76.09750366210938,99100000,0.2102189090909091,AMZN
2018-02-27,76.2249984741211,76.33899688720703,75.3604965209961,75.5989990234375,96176000,0.24164980988593154,AMZN
2018-02-28,75.97550201416016,76.43499755859375,75.5999984741211,75.62249755859375,90300000,0.20637781350482315,AMZN
2018-03-01,75.68000030517578,75.92449951171875,73.25,74.67250061035156,136704000,0.12823538767395629,AMZN
2018-03-02,73.45500183105469,75.05249786376953,72.75050354003906,75.01249694824219,131752000,0.11549244060475161,AMZN
2018-03-05,74.71199798583984,76.26899719238281,74.05000305175781,76.18049621582031,104678000,0.20883485401459856,AMZN
2018-03-06,76.66000366210938,77.10649871826172,76.4000015258789,76.88200378417969,91234000,0.23120036363636365,AMZN
2018-03-07,76.32599639892578,77.29499816894531,76.12550354003906,77.25,83482000,0.21614356223175965,AMZN
2018-03-08,77.5,77.74400329589844,77.26249694824219,77.59300231933594,77252000,0.2305235164835165,AMZN
2018-03-09,78.17500305175781,78.9469985961914,77.9540023803711,78.94450378417969,90686000,0.19901647509578543,AMZN
2018-03-12,79.62999725341797,80.2665023803711,79.33499908447266,79.91950225830078,103484000,0.271960594795539,AMZN
2018-03-13,80.7979965209961,80.87699890136719,78.90049743652344,79.40899658203125,130638000,0.21189682242990654,AMZN
2018-03-14,79.8499984741211,80.3219985961914,79.54450225830078,79.55000305175781,85188000,0.2036184824902724,AMZN
2018-03-15,79.75,79.84549713134766,78.90550231933594,79.11599731445312,81394000,0.15182186978297163,AMZN
2018-03-16,79.17250061035156,79.47200012207031,78.375,78.58399963378906,108500000,0.20988219512195122,AMZN
2018-03-19,77.72650146484375,78.08300018310547,76.26750183105469,77.24649810791016,131616000,0.18267173144876325,AMZN
2018-03-20,77.51699829101562,79.3499984741211,77.27050018310547,79.32550048828125,91632000,0.21861933962264152,AMZN
2018-03-21,79.32250213623047,79.5,78.15850067138672,79.09300231933594,95016000,0.2757928205128205,AMZN
2018-03-22,78.27349853515625,78.69249725341797,77.12000274658203,77.24600219726562,126412000,0.22795980198019802,AMZN
2018-03-23,76.95050048828125,77.45099639892578,74.76799774169922,74.77799987792969,160120000,0.18446924603174603,AMZN
2018-03-26,76.5,77.84950256347656,74.9625015258789,77.79299926757812,112494000,0.17965420560747664,AMZN
2018-03-27,78.62000274658203,78.79850006103516,74.11599731445312,74.85250091552734,139992000,0.21930676982591876,AMZN
2018-03-28,72.3499984741211,72.79499816894531,69.30850219726562,71.57099914550781,274106000,0.1223352156862745,AMZN
2018-03-29,70.30000305175781,72.77349853515625,68.26000213623047,72.36699676513672,251622000,0.1227144376899696,AMZN
2018-04-02,70.88099670410156,71.06800079345703,67.75,68.59950256347656,209272000,0.05597712215320911,AMZN
2018-04-03,69.56900024414062,70.69999694824219,67.7665023803711,69.60250091552734,204624000,0.07754435087719298,AMZN
2018-04-04,67.91200256347656,70.76950073242188,67.64399719238281,70.52850341796875,139646000,0.1563019495412844,AMZN
2018-04-05,72.09950256347656,72.97799682617188,71.35350036621094,72.5875015258789,128270000,0.17065979073243648,AMZN
2018-04-06,71.49849700927734,72.625,70.01300048828125,70.2614974975586,117646000,0.10667586206896552,AMZN
2018-04-09,71.25150299072266,71.92400360107422,70.12850189208984,70.30400085449219,84164000,0.17560095465393796,AMZN
2018-04-10,71.59950256347656,71.91899871826172,70.78500366210938,71.81099700927734,85082000,0.18514126984126986,AMZN
2018-04-11,71.97200012207031,72.43900299072266,71.24449920654297,71.35250091552734,71650000,0.2690676274944568,AMZN
2018-04-12,71.9749984741211,72.60600280761719,71.75299835205078,72.42500305175781,62700000,0.30442883817427385,AMZN
2018-04-13,72.45700073242188,72.98899841308594,71.22599792480469,71.53949737548828,73706000,0.268651632970451,AMZN
2018-04-16,72.25,72.3499984741211,71.3740005493164,72.07499694824219,56172000,0.1862542654028436,AMZN
2018-04-17,73.11499786376953,75.3594970703125,72.85099792480469,75.19149780273438,102288000,0.25450372670807453,AMZN
2018-04-18,75.73249816894531,76.69000244140625,75.20549774169922,76.39199829101562,104550000,0.250619298245614,AMZN
2018-04-19,77.16100311279297,78.4260025024414,76.9530029296875,77.84549713134766,130474000,0.19493543046357617,AMZN
2018-04-20,78.05999755859375,78.05999755859375,75.80449676513672,76.37449645996094,110832000,0.20813009708737865,AMZN
2018-04-23,77.33450317382812,77.4000015258789,75.17050170898438,75.89299774169922,89308000,0.2751651911468813,AMZN
2018-04-24,76.79000091552734,76.9749984741211,72.42250061035156,73.00450134277344,149894000,0.26623578595317726,AMZN
2018-04-25,72.9000015258789,73.49949645996094,70.7509994506836,73.00849914550781,131746000,0.17859667896678968,AMZN
2018-04-26,74.25050354003906,76.47100067138672,73.92500305175781,75.89800262451172,176022000,0.28819400778210114,AMZN
2018-04-27,81.70050048828125,81.90499877929688,78.36949920654297,78.63099670410156,261064000,0.2558117994100295,AMZN
2018-04-30,79.125,79.80000305175781,78.0469970703125,78.30650329589844,109282000,0.23226242171189979,AMZN
2018-05-01,78.16100311279297,79.25,77.60900115966797,79.11299896240234,91442000,0.27147038539553753,AMZN
2018-05-02,79.04900360107422,79.42500305175781,78.31800079345703,78.48400115966797,87206000,0.21827696629213483,AMZN
2018-05-03,78.00050354003906,78.73999786376953,77.3010025024414,78.60399627685547,85038000,0.3123270967741935,AMZN
2018-05-04,78.12249755859375,79.24500274658203,78.1094970703125,79.04750061035156,68872000,0.28769783653846154,AMZN
2018-05-07,79.46700286865234,80.34750366210938,79.3915023803711,80.00700378417969,76038000,0.28003178294573644,AMZN
2018-05-08,79.75,79.84400177001953,79.12550354003906,79.61949920654297,61358000,0.24441221198156682,AMZN
2018-05-09,80.0,80.4000015258789,79.5999984741211,80.4000015258789,72746000,0.24270692717584372,AMZN
2018-05-10,80.42400360107422,80.77999877929688,80.1719970703125,80.4540023803711,56350000,0.23253827956989248,AMZN
2018-05-11,80.54949951171875,80.55500030517578,79.89450073242188,80.14550018310547,45278000,0.3087913551401869,AMZN
2018-05-14,80.19999694824219,80.55899810791016,80.00250244140625,80.0770034790039,50190000,0.21408657718120808,AMZN
2018-05-15,79.38999938964844,79.38999938964844,78.26100158691406,78.80599975585938,101550000,0.26031003937007874,AMZN
2018-05-16,78.875,79.72149658203125,78.83350372314453,79.36399841308594,51412000,0.23984004282655247,AMZN
2018-05-17,79.02799987792969,79.7020034790039,78.6500015258789,79.08799743652344,42952000,0.26289929906542053,AMZN
2018-05-18,79.06649780273438,79.17949676513672,78.6050033569336,78.71849822998047,52852000,0.2476002512562814,AMZN
2018-05-21,79.25,79.60250091552734,78.75,79.27300262451172,58504000,0.2908204545454546,AMZN
2018-05-22,79.49449920654297,79.49449920654297,78.76249694824219,79.06999969482422,42312000,0.21873082524271847,AMZN
2018-05-23,78.55249786376953,80.09300231933594,78.31700134277344,80.09300231933594,67238000,0.31760813186813186,AMZN
2018-05-24,79.90149688720703,80.41200256347656,79.41899871826172,80.15350341796875,68600000,0.30194189814814815,AMZN
2018-05-25,80.1500015258789,80.70600128173828,80.02249908447266,80.50749969482422,53968000,0.2702547727272727,AMZN
2018-05-29,80.0354995727539,81.0895004272461,80.00749969482422,80.64350128173828,76930000,0.3131669703872437,AMZN
2018-05-30,80.90499877929688,81.30000305175781,80.64649963378906,81.24449920654297,58148000,0.24960650887573965,AMZN
2018-05-31,81.1500015258789,81.75,81.06749725341797,81.48100280761719,63326000,0.19969771784232365,AMZN
2018-06-01,81.85150146484375,82.33650207519531,81.75450134277344,82.0770034790039,66268000,0.279105954825462,AMZN
2018-06-04,82.44499969482422,83.28399658203125,82.27449798583984,83.26349639892578,63754000,0.26397943548387093,AMZN
2018-06-05,83.64949798583984,84.94999694824219,83.50299835205078,84.81749725341797,95644000,0.2172539385847797,AMZN
2018-06-06,85.22550201416016,85.7249984741211,84.32350158691406,84.7874984741211,109464000,0.1896903281519862,AMZN
2018-06-07,84.9280014038086,84.99500274658203,83.80549621582031,84.46499633789062,75314000,0.2563164989939638,AMZN
2018-06-08,84.05599975585938,84.47200012207031,83.65049743652344,84.19950103759766,59102000,0.30529593908629443,AMZN
2018-06-11,84.07550048828125,84.71199798583984,84.02950286865234,84.45600128173828,46710000,0.23885609137055838,AMZN
2018-06-12,84.6500015258789,84.97550201416016,84.57599639892578,84.9375,45184000,0.23576423357664233,AMZN
2018-06-13,85.1405029296875,85.6875,85.00599670410156,85.24299621582031,66550000,0.24034074844074843,AMZN
2018-06-14,85.67400360107422,86.23999786376953,85.44349670410156,86.19300079345703,63488000,0.2464813725490196,AMZN
2018-06-15,85.69999694824219,86.04350280761719,85.4260025024414,85.79850006103516,95552000,0.25857427884615386,AMZN
2018-06-18,85.31300354003906,86.33699798583984,85.12799835205078,86.18949890136719,62154000,0.32499029850746264,AMZN
2018-06-19,85.4520034790039,86.80549621582031,85.01950073242188,86.73899841308594,85802000,0.2616158823529412,AMZN
2018-06-20,87.125,88.14649963378906,87.06800079345703,87.50399780273438,86652000,0.2459692857142857,AMZN
2018-06-21,88.0,88.15499877929688,85.87799835205078,86.51100158691406,98822000,0.23301477832512316,AMZN
2018-06-22,87.13099670410156,87.1500015258789,85.59500122070312,85.78350067138672,81502000,0.05987402862985685,AMZN
2018-06-25,85.12550354003906,85.25,82.31549835205078,83.15750122070312,150224000,0.16274429133858268,AMZN
2018-06-26,83.61849975585938,85.07849884033203,83.16699981689453,84.55449676513672,87732000,0.3187788944723618,AMZN
2018-06-27,85.40550231933594,85.59750366210938,83.0,83.02549743652344,97444000,0.1661305489260143,AMZN
2018-06-28,83.62699890136719,85.2750015258789,83.05850219726562,85.07250213623047,90594000,0.22487895902547064,AMZN
2018-06-29,85.8499984741211,86.17050170898438,84.71600341796875,84.98999786376953,90870000,0.20364825174825174,AMZN
2018-07-02,84.13500213623047,85.69450378417969,83.90299987792969,85.68900299072266,63714000,0.2672726775956284,AMZN
2018-07-03,86.197998046875,86.25,84.6240005493164,84.697998046875,43546000,0.24472624584717606,AMZN
2018-07-05,85.26899719238281,85.53450012207031,84.10749816894531,84.98650360107422,59662000,0.24312037533512063,AMZN
2018-07-06,84.80000305175781,85.76349639892578,84.58350372314453,85.53150177001953,53006000,0.2614348837209302,AMZN
2018-07-09,86.20249938964844,86.97799682617188,85.8115005493164,86.95099639892578,60240000,0.27206953781512605,AMZN
2018-07-10,86.92649841308594,87.5,86.55000305175781,87.15350341796875,60058000,0.2564137019230769,AMZN
2018-07-11,86.89949798583984,87.8479995727539,86.69999694824219,87.75,64196000,0.2250704387990762,AMZN
2018-07-12,88.22550201416016,89.9000015258789,88.10900115966797,89.83100128173828,90654000,0.2700677777777778,AMZN
2018-07-13,90.19650268554688,90.76499938964844,89.7614974975586,90.65149688720703,87664000,0.23179954268292682,AMZN
2018-07-16,91.09750366210938,92.09750366210938,90.72250366210938,91.12449645996094,109324000,0.2011671679197995,AMZN
2018-07-17,90.5780029296875,92.58450317382812,89.86900329589844,92.19650268554688,113658000,0.2103555187637969,AMZN
2018-07-18,92.4000015258789,92.94400024414062,91.5634994506836,92.14600372314453,97238000,0.21998808510638299,AMZN
2018-07-19,91.4729995727539,92.05000305175781,90.5634994506836,90.64849853515625,93538000,0.21079066213921901,AMZN
2018-07-20,91.25050354003906,91.74199676513672,90.50299835205078,90.68499755859375,77688000,0.2590683982683983,AMZN
2018-07-23,90.6104965209961,90.94999694824219,88.49949645996094,90.0999984741211,77770000,0.2518487132352941,AMZN
2018-07-24,91.45050048828125,92.0,90.46900177001953,91.46199798583984,85574000,0.27282579281183933,AMZN
2018-07-25,91.46499633789062,93.19200134277344,91.13200378417969,93.18049621582031,74764000,0.23189875886524822,AMZN
2018-07-26,91.94999694824219,92.23400115966797,90.2249984741211,90.4000015258789,198488000,0.2697132110091743,AMZN
2018-07-27,93.80249786376953,94.00250244140625,90.32649993896484,90.8635025024414,193620000,0.23639957805907172,AMZN
2018-07-30,91.36650085449219,91.4749984741211,88.3010025024414,88.96099853515625,131246000,0.13710502692998205,AMZN
2018-07-31,89.32450103759766,90.09149932861328,86.96600341796875,88.87200164794922,114774000,0.23940620689655173,AMZN
2018-08-01,89.19999694824219,89.9219970703125,88.8010025024414,89.8584976196289,83062000,0.23243142329020333,AMZN
2018-08-02,89.4384994506836,91.8280029296875,89.30000305175781,91.71649932861328,87094000,0.23062706093189964,AMZN
2018-08-03,91.88700103759766,92.05000305175781,91.07499694824219,91.16449737548828,69210000,0.2415705426356589,AMZN
2018-08-06,91.29049682617188,92.38849639892578,90.94599914550781,92.38749694824219,67836000,0.2480795518207283,AMZN
2018-08-07,92.72650146484375,93.48600006103516,92.3134994506836,93.1240005493164,67550000,0.23495362694300517,AMZN
2018-08-08,93.05000305175781,94.57550048828125,92.7249984741211,94.32599639892578,79260000,0.2858199592668025,AMZN
2018-08-09,94.0999984741211,95.72850036621094,93.8740005493164,94.9260025024414,97208000,0.20317486033519552,AMZN
2018-08-10,94.42549896240234,94.9749984741211,93.9104995727539,94.31500244140625,72798000,0.19143633802816903,AMZN
2018-08-13,94.92500305175781,96.25,94.68350219726562,94.80999755859375,110630000,0.2717145454545455,AMZN
2018-08-14,95.96949768066406,96.05049896240234,95.0,95.98249816894531,79722000,0.19067715430861726,AMZN
2018-08-15,95.47750091552734,95.81050109863281,93.489501953125,94.13099670410156,154014000,0.22811041666666668,AMZN
2018-08-16,95.1969985961914,95.25,94.17749786376953,94.32599639892578,79142000,0.2396960167714885,AMZN
2018-08-17,94.29000091552734,94.4000015258789,92.77749633789062,94.11100006103516,82086000,0.19251645833333333,AMZN
2018-08-20,94.52850341796875,94.5875015258789,93.3030014038086,93.83550262451172,57240000,0.27281468926553676,AMZN
2018-08-21,94.0,94.88749694824219,93.72049713134766,94.1709976196289,62112000,0.29669823677581864,AMZN
2018-08-22,93.83200073242188,95.29000091552734,93.83200073242188,95.24500274658203,61610000,0.2849805104408353,AMZN
2018-08-23,95.3584976196289,95.9749984741211,95.03800201416016,95.1449966430664,71260000,0.2537891959798995,AMZN
2018-08-24,95.52549743652344,95.80049896240234,95.12699890136719,95.26950073242188,56018000,0.2750649006622517,AMZN
2018-08-27,95.75,96.38500213623047,95.46399688720703,96.38400268554688,71380000,0.26552422802850356,AMZN
2018-08-28,96.8864974975586,97.08899688720703,96.44100189208984,96.64099884033203,62014000,0.23909778672032195,AMZN
2018-08-29,97.67250061035156,99.93450164794922,97.4469985961914,99.90499877929688,130636000,0.20839862660944206,AMZN
2018-08-30,99.87100219726562,101.27850341796875,99.34500122070312,100.11900329589844,145546000,0.26729,AMZN
2018-08-31,100.3499984741211,101.11900329589844,100.23699951171875,100.635498046875,84088000,0.21805742424242425,AMZN
2018-09-04,101.32499694824219,102.5250015258789,100.6500015258789,101.97550201416016,114422000,0.2534476279069768,AMZN
2018-09-05,101.90550231933594,102.01899719238281,99.49449920654297,99.74099731445312,164412000,0.17162809248554914,AMZN
2018-09-06,100.32550048828125,100.375,96.760498046875,97.91549682617188,149774000,0.16817751060820368,AMZN
2018-09-07,96.93550109863281,98.76000213623047,96.86750030517578,97.60350036621094,97852000,0.1917445520581114,AMZN
2018-09-10,98.55000305175781,98.6520004272461,96.57599639892578,96.95050048828125,90896000,0.19479367346938778,AMZN
2018-09-11,96.41349792480469,99.44400024414062,95.8499984741211,99.35749816894531,100672000,0.22153067092651757,AMZN
2018-09-12,99.69999694824219,100.0,98.12200164794922,99.5,88280000,0.20190860655737705,AMZN
2018-09-13,100.0,100.43800354003906,99.10150146484375,99.49349975585938,72430000,0.27081624472573845,AMZN
2018-09-14,99.64649963378906,99.68250274658203,97.96099853515625,98.5094985961914,72840000,0.20673591549295775,AMZN
2018-09-17,97.73650360107422,97.84100341796875,94.37049865722656,95.40149688720703,141004000,0.1833376766091052,AMZN
2018-09-18,95.93250274658203,97.91000366210938,95.77200317382812,97.05249786376953,85374000,0.19062141491395795,AMZN
2018-09-19,97.0250015258789,97.04149627685547,95.24500274658203,96.32099914550781,81136000,0.17648397887323944,AMZN
2018-09-20,96.92900085449219,97.75,96.61250305175781,97.21499633789062,63098000,0.19700783699059563,AMZN
2018-09-21,97.71099853515625,97.8655014038086,95.5250015258789,95.75050354003906,137118000,0.17320476190476192,AMZN
2018-09-24,95.18949890136719,96.84400177001953,93.25,96.71800231933594,84274000,0.2438054644808743,AMZN
2018-09-25,97.1449966430664,98.79550170898438,96.94249725341797,98.72750091552734,90768000,0.24968972602739728,AMZN
2018-09-26,98.42500305175781,99.76249694824219,98.07599639892578,98.74250030517578,86270000,0.21451247524752476,AMZN
2018-09-27,99.66200256347656,100.80799865722656,99.42900085449219,100.64900207519531,86588000,0.23663821138211383,AMZN
2018-09-28,100.22049713134766,101.32599639892578,99.822998046875,100.1500015258789,81702000,0.24123530864197532,AMZN
2018-10-01,101.09950256347656,101.65950012207031,100.18000030517578,100.21800231933594,69210000,0.19910801033591732,AMZN
2018-10-02,99.99949645996094,100.66950225830078,98.28849792480469,98.56549835205078,108014000,0.19558827493261455,AMZN
2018-10-03,99.08499908447266,99.48500061035156,97.4905014038086,97.63800048828125,105062000,0.18321024890190335,AMZN
2018-10-04,97.44999694824219,97.80000305175781,94.82849884033203,95.47100067138672,145140000,0.1468186928104575,AMZN
2018-10-05,95.89949798583984,96.4540023803711,93.1415023803711,94.48249816894531,136446000,0.165706960950764,AMZN
2018-10-08,93.69999694824219,95.0999984741211,91.53299713134766,93.22100067138672,147864000,0.1446377703826955,AMZN
2018-10-09,92.99949645996094,94.83399963378906,92.61599731445312,93.51599884033203,95458000,0.17999707495429615,AMZN
2018-10-10,92.89450073242188,92.9280014038086,87.72049713134766,87.76249694824219,219778000,0.1342027808676307,AMZN
2018-10-11,86.19999694824219,87.7699966430664,84.25499725341797,85.96800231933594,278718000,0.1650718592964824,AMZN
2018-10-12,90.4000015258789,90.44750213623047,87.12650299072266,89.43049621582031,188892000,0.21869080996884732,AMZN
2018-10-15,89.75,89.75250244140625,86.71150207519531,88.04750061035156,128744000,0.19440604982206408,AMZN
2018-10-16,89.17500305175781,91.19400024414062,88.07749938964844,90.99800109863281,117198000,0.2125327615780446,AMZN
2018-10-17,92.1395034790039,92.25,90.3499984741211,91.58650207519531,105904000,0.22040985221674878,AMZN
2018-10-18,91.07450103759766,91.50749969482422,88.39350128173828,88.53600311279297,117480000,0.10545882352941176,AMZN
2018-10-19,89.25800323486328,90.45500183105469,87.6500015258789,88.20149993896484,118144000,0.16115466377440346,AMZN
2018-10-22,89.19999694824219,90.4749984741211,87.80000305175781,89.46499633789062,90000000,0.24380653846153846,AMZN
2018-10-23,87.11199951171875,88.81700134277344,85.69999694824219,88.43499755859375,134478000,0.20402638655462185,AMZN
2018-10-24,88.68499755859375,88.885498046875,82.8280029296875,83.20999908447266,138568000,0.24795755102040815,AMZN
2018-10-25,85.16699981689453,89.7405014038086,84.60050201416016,89.1084976196289,205714000,0.15908665480427048,AMZN
2018-10-26,82.47949981689453,84.9229965209961,80.1500015258789,82.1405029296875,299276000,0.15394608294930875,AMZN
2018-10-29,83.0,83.28700256347656,74.75,76.94400024414062,277322000,0.11285165319617929,AMZN
2018-10-30,74.30799865722656,77.04949951171875,73.81800079345703,76.52100372314453,249202000,0.15575934579439252,AMZN
2018-10-31,78.49949645996094,81.19550323486328,78.25450134277344,79.90049743652344,187804000,0.21778273273273271,AMZN
2018-11-01,81.17649841308594,83.52249908447266,79.9219970703125,83.27649688720703,162710000,0.22000272851296043,AMZN
2018-11-02,83.92949676513672,84.87200164794922,82.59149932861328,83.27649688720703,139110000,0.2174532945736434,AMZN
2018-11-05,82.87850189208984,82.90450286865234,79.81800079345703,81.38999938964844,112494000,0.20599827833572454,AMZN
2018-11-06,80.9175033569336,83.25,80.72750091552734,82.1405029296875,85148000,0.17245833333333332,AMZN
2018-11-07,83.6500015258789,87.96150207519531,83.2040023803711,87.77449798583984,163844000,0.25418987915407854,AMZN
2018-11-08,87.75,89.19999694824219,86.25550079345703,87.74549865722656,130698000,0.2038328205128205,AMZN
2018-11-09,86.625,87.19599914550781,85.09349822998047,85.62149810791016,118044000,0.19114664371772805,AMZN
2018-11-12,84.91200256347656,85.42749786376953,81.50050354003906,81.84249877929688,136124000,0.13395975855130784,AMZN
2018-11-13,82.4645004272461,83.85299682617188,80.6875,81.55850219726562,118666000,0.19824330543933055,AMZN
2018-11-14,82.81600189208984,83.6500015258789,79.85350036621094,79.95050048828125,129738000,0.16733361581920905,AMZN
2018-11-15,79.05049896240234,81.24099731445312,77.32550048828125,80.97200012207031,168546000,0.10834663072776281,AMZN
2018-11-16,79.375,80.7239990234375,78.65599822998047,79.67050170898438,121322000,0.11546793587174348,AMZN
2018-11-19,78.85050201416016,79.05950164794922,75.16799926757812,75.614501953125,155800000,0.1316216393442623,AMZN
2018-11-20,71.875,76.73750305175781,71.0,74.77300262451172,217576000,0.12516928721174003,AMZN
2018-11-21,77.14949798583984,77.5,75.75,75.83650207519531,114336000,0.21125238095238097,AMZN
2018-11-23,75.8499984741211,76.80999755859375,75.09049987792969,75.10299682617188,54152000,0.18189972677595628,AMZN
2018-11-26,76.94999694824219,79.2405014038086,76.21099853515625,79.06649780273438,125154000,0.23162029950083196,AMZN
2018-11-27,78.79949951171875,79.88249969482422,77.90049743652344,79.07099914550781,115664000,0.20829498381877024,AMZN
2018-11-28,80.69599914550781,84.07250213623047,80.06099700927734,83.88749694824219,169174000,0.17951270440251574,AMZN
2018-11-29,83.74949645996094,84.49949645996094,82.61650085449219,83.67849731445312,132264000,0.2388878612716763,AMZN
2018-11-30,83.9749984741211,84.80000305175781,83.32499694824219,84.50849914550781,115236000,0.26841134903640257,AMZN
2018-12-03,88.4729995727539,88.91699981689453,86.5,88.61799621582031,137246000,0.21152393617021276,AMZN
2018-12-04,87.80000305175781,88.51699829101562,83.25,83.41999816894531,173890000,0.10106807131280389,AMZN
2018-12-06,80.74349975585938,85.05249786376953,80.49250030517578,84.95950317382812,175788000,0.09789779286926995,AMZN
2018-12-07,85.25350189208984,85.94650268554688,81.27300262451172,81.45649719238281,151522000,0.14841172707889128,AMZN
2018-12-10,81.19200134277344,82.89949798583984,79.54350280761719,82.05149841308594,149896000,0.15069730458221026,AMZN
2018-12-11,83.9000015258789,83.97350311279297,80.9800033569336,82.16200256347656,124894000,0.1250978494623656,AMZN
2018-12-12,83.44999694824219,85.24949645996094,83.01349639892578,83.177001953125,131960000,0.14855805825242718,AMZN
2018-12-13,84.0,84.60600280761719,82.07499694824219,82.91899871826172,105426000,0.1397538947368421,AMZN
2018-12-14,81.9000015258789,82.12850189208984,79.25,79.59549713134766,127344000,0.11198986083499006,AMZN
2018-12-17,78.30000305175781,78.80650329589844,75.25050354003906,76.04550170898438,176596000,0.11605297202797203,AMZN
2018-12-18,77.0,78.37750244140625,76.15049743652344,77.5739974975586,130460000,0.12243550724637682,AMZN
2018-12-19,77.15249633789062,79.22650146484375,74.15899658203125,74.75399780273438,175844000,0.15552923076923078,AMZN
2018-12-20,74.19999694824219,75.4749984741211,71.6344985961914,73.04149627685547,199836000,0.11820601265822785,AMZN
2018-12-21,73.24949645996094,74.0,68.197998046875,68.87249755859375,272806000,0.04913186813186813,AMZN
2018-12-24,67.30000305175781,69.80149841308594,65.3499984741211,67.197998046875,144400000,0.12784783427495294,AMZN
2018-12-26,68.44450378417969,73.65799713134766,68.15049743652344,73.54499816894531,208236000,0.24732277091906724,AMZN
2018-12-27,72.70999908447266,73.44999694824219,69.5155029296875,73.08200073242188,194440000,0.14131447368421052,AMZN
2018-12-28,73.6675033569336,75.67350006103516,72.44999694824219,73.9010009765625,176580000,0.16561084558823527,AMZN
2018-12-31,75.54000091552734,76.03800201416016,74.3499984741211,75.09850311279297,139090000,0.167087072243346,AMZN
2019-01-02,73.26000213623047,77.66799926757812,73.04650115966797,76.95649719238281,159662000,0.15021586826347305,AMZN
2019-01-03,76.00050354003906,76.9000015258789,74.85549926757812,75.01399993896484,139512000,0.16000896656534955,AMZN
2019-01-04,76.5,79.69999694824219,75.91549682617188,78.76950073242188,183652000,0.15505322338830585,AMZN
2019-01-07,80.1155014038086,81.72799682617188,79.45950317382812,81.47550201416016,159864000,0.24201418002466094,AMZN
2019-01-08,83.2344970703125,83.83049774169922,80.83049774169922,82.8290023803711,177628000,0.2239621037463977,AMZN
2019-01-09,82.64900207519531,83.38999938964844,82.06999969482422,82.97100067138672,126976000,0.1811634448574969,AMZN
2019-01-10,82.05049896240234,83.1624984741211,81.08100128173828,82.81099700927734,130154000,0.20788161925601753,AMZN
2019-01-11,82.02749633789062,83.0145034790039,81.81099700927734,82.02799987792969,93724000,0.17665274336283188,AMZN
2019-01-14,80.75,82.41000366210938,79.75749969482422,80.8604965209961,120118000,0.18118215859030837,AMZN
2019-01-15,81.5999984741211,83.75800323486328,81.30049896240234,83.72799682617188,119970000,0.25052064,AMZN
2019-01-16,84.21099853515625,85.25,83.79399871826172,84.18900299072266,127338000,0.19678754266211604,AMZN
2019-01-17,84.0,85.00849914550781,83.875,84.66100311279297,84178000,0.201815,AMZN
2019-01-18,85.5999984741211,85.80999755859375,84.5770034790039,84.80999755859375,120410000,0.19637904929577465,AMZN
2019-01-22,84.05000305175781,84.09349822998047,80.51000213623047,81.6084976196289,128336000,0.2357026929982047,AMZN
2019-01-23,82.80000305175781,82.87149810791016,80.5999984741211,82.0009994506836,104504000,0.22923356282271942,AMZN
2019-01-24,82.05349731445312,82.86299896240234,81.58899688720703,82.74649810791016,81798000,0.27864297693920337,AMZN
2019-01-25,83.5250015258789,84.17400360107422,83.08049774169922,83.52850341796875,98918000,0.2715978764478765,AMZN
2019-01-28,82.17949676513672,82.25,80.70449829101562,81.89450073242188,96754000,0.27458469184890655,AMZN
2019-01-29,81.5634994506836,81.61900329589844,79.53600311279297,79.69400024414062,92656000,0.271386432160804,AMZN
2019-01-30,81.1500015258789,83.84750366210938,80.98400115966797,83.52149963378906,115676000,0.33425561056105607,AMZN
2019-01-31,84.64250183105469,86.82050323486328,83.9540023803711,85.9365005493164,218206000,0.19273780918727915,AMZN
2019-02-01,81.94400024414062,83.65299987792969,81.10050201416016,81.3115005493164,230124000,0.1830169861202908,AMZN
2019-02-04,81.1500015258789,82.48149871826172,80.67500305175781,81.66549682617188,98582000,0.1883900542495479,AMZN
2019-02-05,82.16699981689453,83.26300048828125,82.125,82.94049835205078,89062000,0.23594157509157507,AMZN
2019-02-06,83.5374984741211,83.61299896240234,81.66699981689453,82.01300048828125,78798000,0.14908611764705884,AMZN
2019-02-07,81.25,81.2770004272461,79.64550018310547,80.71849822998047,92532000,0.12535484949832776,AMZN
2019-02-08,79.30000305175781,79.42949676513672,78.33799743652344,79.41100311279297,113150000,0.11208622009569377,AMZN
2019-02-11,80.04900360107422,80.4645004272461,79.30000305175781,79.55000305175781,66346000,0.20059697542533084,AMZN
2019-02-12,80.19999694824219,81.97000122070312,79.94400024414062,81.90049743652344,97172000,0.21938638573743924,AMZN
2019-02-13,82.3499984741211,82.81900024414062,81.85549926757812,82.0,71206000,0.23554246575342466,AMZN
2019-02-14,81.2249984741211,81.8949966430664,80.3030014038086,81.13249969482422,82410000,0.14934042918454937,AMZN
2019-02-15,81.39299774169922,81.44550323486328,80.2249984741211,80.39749908447266,86878000,0.15765,AMZN
2019-02-19,80.05000305175781,81.69999694824219,80.02799987792969,81.37899780273438,73634000,0.20975819819819821,AMZN
2019-02-20,81.5,81.74649810791016,80.50599670410156,81.1050033569336,66752000,0.20170431034482758,AMZN
2019-02-21,80.99250030517578,81.1780014038086,80.04550170898438,80.97200012207031,69668000,0.19467316561844863,AMZN
2019-02-22,81.17500305175781,81.74700164794922,81.05850219726562,81.5780029296875,61924000,0.2145930283224401,AMZN
2019-02-25,82.07250213623047,82.7300033569336,81.51950073242188,81.6500015258789,63690000,0.2064811138014528,AMZN
2019-02-26,81.29900360107422,81.99949645996094,80.80650329589844,81.81999969482422,53316000,0.2995472727272728,AMZN
2019-02-27,81.40899658203125,82.09049987792969,80.75499725341797,82.05449676513672,62976000,0.2078351288056206,AMZN
2019-02-28,81.76249694824219,82.5885009765625,81.69149780273438,81.99150085449219,60518000,0.18924458955223883,AMZN
2019-03-01,82.75650024414062,83.71299743652344,82.55000305175781,83.58650207519531,99498000,0.19491105919003116,AMZN
2019-03-04,84.25,85.47149658203125,83.71800231933594,84.80850219726562,123348000,0.23641150971599403,AMZN
2019-03-05,85.14749908447266,85.38999938964844,84.45050048828125,84.62149810791016,73630000,0.2085779174147217,AMZN
2019-03-06,84.79850006103516,84.88749694824219,83.41400146484375,83.44750213623047,79920000,0.18928019801980198,AMZN
2019-03-07,83.36849975585938,83.48750305175781,81.02549743652344,81.29750061035156,99140000,0.1899311077389985,AMZN
2019-03-08,80.20050048828125,81.13600158691406,79.32849884033203,81.04000091552734,93340000,0.2013998355263158,AMZN
2019-03-11,81.30599975585938,83.614501953125,81.30049896240234,83.53099822998047,77528000,0.225578,AMZN
2019-03-12,83.44999694824219,84.2135009765625,83.04900360107422,83.65499877929688,72290000,0.21387215189873418,AMZN
2019-03-13,84.1500015258789,85.0,83.96749877929688,84.54049682617188,71040000,0.2051951048951049,AMZN
2019-03-14,84.55999755859375,85.0999984741211,84.21700286865234,84.31099700927734,58932000,0.23446575342465753,AMZN
2019-03-15,85.1500015258789,85.94000244140625,84.65650177001953,85.61799621582031,151018000,0.22300739795918365,AMZN
2019-03-18,85.63500213623047,87.5,85.63150024414062,87.10749816894531,108582000,0.23085046012269939,AMZN
2019-03-19,87.67549896240234,89.20800018310547,87.67549896240234,88.09249877929688,127284000,0.22052830409356727,AMZN
2019-03-20,88.49700164794922,89.9749984741211,88.35150146484375,89.8635025024414,125312000,0.1947398260869565,AMZN
2019-03-21,89.81300354003906,91.1875,89.36399841308594,90.96299743652344,115356000,0.19898945205479454,AMZN
2019-03-22,90.50849914550781,90.9489974975586,88.15550231933594,88.2385025024414,127260000,0.18105922330097085,AMZN
2019-03-25,87.8895034790039,89.13400268554688,87.375,88.71299743652344,102076000,0.17386745362563236,AMZN
2019-03-26,89.6500015258789,90.28849792480469,88.66799926757812,89.18800354003906,97318000,0.21256486486486487,AMZN
2019-03-27,89.20649719238281,89.375,87.28399658203125,88.28500366210938,86496000,0.20128352180936995,AMZN
2019-03-28,88.5,88.89649963378906,87.67350006103516,88.6709976196289,60860000,0.20694032258064515,AMZN
2019-03-29,89.3290023803711,89.64299774169922,88.83149719238281,89.0374984741211,66416000,0.24572598130841122,AMZN
2019-04-01,90.00550079345703,90.78350067138672,89.9365005493164,90.70950317382812,84776000,0.1635553125,AMZN
2019-04-02,90.5510025024414,91.0,90.25599670410156,90.6989974975586,68962000,0.18542760834670946,AMZN
2019-04-03,91.33599853515625,91.5,90.48100280761719,91.03500366210938,78522000,0.1984569230769231,AMZN
2019-04-04,91.03250122070312,91.4375,90.20999908447266,90.94300079345703,72478000,0.21541908713692945,AMZN
2019-04-05,91.44999694824219,91.92900085449219,91.2594985961914,91.86399841308594,72810000,0.2018440366972477,AMZN
2019-04-08,91.6614990234375,92.51000213623047,91.25550079345703,92.49299621582031,75056000,0.2662363492063492,AMZN
2019-04-09,92.27449798583984,92.65450286865234,91.58899688720703,91.79199981689453,74288000,0.24365557432432433,AMZN
2019-04-10,92.05000305175781,92.4000015258789,91.44049835205078,92.36650085449219,59280000,0.1762295112781955,AMZN
2019-04-11,92.43499755859375,92.49749755859375,92.0155029296875,92.20349884033203,53096000,0.1865187323943662,AMZN
2019-04-12,92.41999816894531,92.57499694824219,92.06500244140625,92.15299987792969,62288000,0.21373900573613766,AMZN
2019-04-15,92.0999984741211,92.34249877929688,90.94499969482422,92.24349975585938,74488000,0.24840407830342578,AMZN
2019-04-16,92.56749725341797,93.4885025024414,92.4000015258789,93.1520004272461,60892000,0.2563135087719298,AMZN
2019-04-17,93.64949798583984,93.82350158691406,93.02200317382812,93.24099731445312,57870000,0.23069064220183486,AMZN
2019-04-18,93.43949890136719,93.54100036621094,92.9739990234375,93.08450317382812,54998000,0.22449979879275653,AMZN
2019-04-22,92.7699966430664,94.4209976196289,92.28199768066406,94.3655014038086,67476000,0.2641328922495274,AMZN
2019-04-23,94.55999755859375,96.46299743652344,94.47899627685547,96.1884994506836,92808000,0.3081343657817109,AMZN
2019-04-24,96.25,96.4844970703125,94.90799713134766,95.0875015258789,73516000,0.2778527027027027,AMZN
2019-04-25,95.8499984741211,96.12249755859375,95.0155029296875,95.11250305175781,121982000,0.5205761904761905,AMZN
2019-04-26,96.44999694824219,97.55000305175781,94.9000015258789,97.53150177001953,168652000,0.23068628158844767,AMZN
2019-04-29,97.44999694824219,97.81700134277344,96.70449829101562,96.92150115966797,80426000,0.22793984526112185,AMZN
2019-04-30,96.50499725341797,96.7854995727539,95.34750366210938,96.32599639892578,70120000,0.21747656529516995,AMZN
2019-05-01,96.65450286865234,97.18199920654297,95.52749633789062,95.57599639892578,62340000,0.17696285097192227,AMZN
2019-05-02,95.66649627685547,96.07749938964844,94.09349822998047,95.04100036621094,79258000,0.19905454545454546,AMZN
2019-05-03,97.44999694824219,98.22000122070312,96.80000305175781,98.12300109863281,127632000,0.23083057075840502,AMZN
2019-05-06,95.89900207519531,97.94999694824219,95.5250015258789,97.52749633789062,108356000,0.12068389955686855,AMZN
2019-05-07,96.99949645996094,97.45500183105469,95.16899871826172,96.05000305175781,118042000,0.1409840978593272,AMZN
2019-05-08,95.94349670410156,96.76850128173828,95.5,95.88849639892578,81572000,0.1276606418918919,AMZN
2019-05-09,95.0,95.47000122070312,93.80000305175781,94.99349975585938,106166000,0.14547018633540373,AMZN
2019-05-10,94.9000015258789,95.18949890136719,92.80000305175781,94.4990005493164,114360000,0.16314307228915662,AMZN
2019-05-13,91.8280029296875,92.3270034790039,90.9000015258789,91.13400268554688,115668000,0.1426247261345853,AMZN
2019-05-14,91.9749984741211,92.62200164794922,90.7874984741211,92.00599670410156,92582000,0.15529046762589926,AMZN
2019-05-15,91.39749908447266,93.72149658203125,91.1500015258789,93.55750274658203,93852000,0.19724380165289257,AMZN
2019-05-16,94.2969970703125,95.87550354003906,94.114501953125,95.37850189208984,94156000,0.20404959128065395,AMZN
2019-05-17,94.65249633789062,95.52649688720703,93.36650085449219,93.44999694824219,94732000,0.17029838187702265,AMZN
2019-05-20,92.6344985961914,93.38899993896484,91.7770004272461,92.94850158691406,75964000,0.1951217847769029,AMZN
2019-05-21,93.739501953125,93.94999694824219,92.30000305175781,92.8759994506836,80102000,0.17079368029739778,AMZN
2019-05-22,92.58899688720703,93.57450103759766,92.55000305175781,92.98400115966797,58732000,0.14570414593698175,AMZN
2019-05-23,91.82949829101562,92.19999694824219,90.20999908447266,90.77400207519531,88486000,0.13168130841121495,AMZN
2019-05-24,91.79450225830078,92.08799743652344,90.89250183105469,91.16400146484375,67394000,0.19051585127201565,AMZN
2019-05-28,91.63749694824219,92.4635009765625,91.36750030517578,91.82150268554688,64000000,0.2071875294117647,AMZN
2019-05-29,91.15599822998047,91.5,90.37650299072266,90.95950317382812,85580000,0.22789474747474747,AMZN
2019-05-30,91.27449798583984,91.47350311279297,90.3915023803711,90.81600189208984,62938000,0.22793444180522562,AMZN
2019-05-31,89.50050354003906,89.77950286865234,88.63500213623047,88.75350189208984,92376000,0.20745766550522646,AMZN
2019-06-03,88.00050354003906,88.31449890136719,83.5999984741211,84.6344985961914,181974000,0.07774224299065421,AMZN
2019-06-04,84.96199798583984,86.54100036621094,84.04450225830078,86.47799682617188,113582000,0.16639969742813918,AMZN
2019-06-05,87.4800033569336,87.5999984741211,85.76249694824219,86.92500305175781,84796000,0.16720766045548655,AMZN
2019-06-06,86.885498046875,88.0,86.30650329589844,87.71800231933594,73786000,0.16047573529411766,AMZN
2019-06-07,88.18499755859375,90.3125,87.97450256347656,90.20149993896484,96164000,0.1591978021978022,AMZN
2019-06-10,91.0999984741211,94.24349975585938,90.9000015258789,93.03150177001953,107420000,0.23339576612903226,AMZN
2019-06-11,94.1624984741211,94.68499755859375,92.9000015258789,93.18499755859375,80854000,0.17936044176706828,AMZN
2019-06-12,92.6989974975586,93.25,92.21900177001953,92.76599884033203,53566000,0.20221021276595744,AMZN
2019-06-13,93.33599853515625,94.15450286865234,93.11100006103516,93.51499938964844,55916000,0.15143324873096448,AMZN
2019-06-14,93.19999694824219,93.80000305175781,92.94999694824219,93.4834976196289,57024000,0.21201420454545455,AMZN
2019-06-17,93.82499694824219,94.78450012207031,93.77249908447266,94.30149841308594,52686000,0.2173697892271663,AMZN
2019-06-18,95.06749725341797,96.08350372314453,94.989501953125,95.06849670410156,77914000,0.18276396396396397,AMZN
2019-06-19,95.39199829101562,95.97899627685547,94.62349700927734,95.43949890136719,57906000,0.19986399999999999,AMZN
2019-06-20,96.66649627685547,96.76000213623047,95.29000091552734,95.90950012207031,64344000,0.2116245810055866,AMZN
2019-06-21,95.80500030517578,96.29750061035156,95.37899780273438,95.56500244140625,78672000,0.2237779527559055,AMZN
2019-06-24,95.63300323486328,95.84300231933594,95.06500244140625,95.69499969482422,45660000,0.20875906593406593,AMZN
2019-06-25,95.59200286865234,95.81950378417969,93.62100219726562,93.91349792480469,60246000,0.22498313253012048,AMZN
2019-06-26,94.6240005493164,95.19000244140625,94.36599731445312,94.8915023803711,48838000,0.22433090277777776,AMZN
2019-06-27,95.0999984741211,95.56199645996094,94.9020004272461,95.21399688720703,42834000,0.15889894459102905,AMZN
2019-06-28,95.45500183105469,95.64700317382812,94.19999694824219,94.68150329589844,60748000,0.2666232472324723,AMZN
2019-07-01,96.14900207519531,96.49099731445312,95.73300170898438,96.1094970703125,63842000,0.2371030640668524,AMZN
2019-07-02,95.96900177001953,96.739501953125,95.33149719238281,96.71549987792969,52918000,0.22805501222493887,AMZN
2019-07-03,96.79450225830078,97.07949829101562,96.5250015258789,96.94999694824219,33806000,0.20381229946524063,AMZN
2019-07-05,96.43000030517578,97.29499816894531,96.26499938964844,97.14550018310547,52568000,0.24624444444444446,AMZN
2019-07-08,96.70600128173828,97.80000305175781,96.4124984741211,97.61599731445312,57668000,0.2095267634854772,AMZN
2019-07-09,97.38999938964844,99.50050354003906,97.17400360107422,99.41500091552734,86914000,0.23603337950138503,AMZN
2019-07-10,99.82550048828125,101.24700164794922,99.7699966430664,100.87049865722656,98638000,0.2296067073170732,AMZN
2019-07-11,101.28099822998047,101.79000091552734,99.76499938964844,100.05349731445312,86356000,0.1722949177877429,AMZN
2019-07-12,100.41349792480469,100.8499984741211,100.19349670410156,100.55000305175781,50186000,0.2587671232876712,AMZN
2019-07-15,101.06999969482422,101.1449966430664,100.07749938964844,101.04949951171875,59626000,0.2605944444444444,AMZN
2019-07-16,100.52899932861328,101.31600189208984,100.06099700927734,100.49500274658203,52364000,0.3050985507246377,AMZN
2019-07-17,100.35250091552734,100.5999984741211,99.60150146484375,99.60150146484375,51176000,0.17260883280757097,AMZN
2019-07-18,99.00050354003906,99.375,97.57749938964844,98.8949966430664,69738000,0.16174902309058614,AMZN
2019-07-19,99.56050109863281,99.80000305175781,98.11150360107422,98.22599792480469,63712000,0.16244932249322494,AMZN
2019-07-22,98.55699920654297,99.44999694824219,97.91300201416016,99.28150177001953,58000000,0.23294504504504504,AMZN
2019-07-23,99.79949951171875,99.8895034790039,98.65650177001953,99.72450256347656,54070000,0.16831693693693692,AMZN
2019-07-24,98.46499633789062,100.06500244140625,98.29350280761719,100.04049682617188,52626000,0.1930594827586207,AMZN
2019-07-25,100.05000305175781,100.05999755859375,98.63600158691406,98.69100189208984,82730000,0.2938713389121339,AMZN
2019-07-26,97.0999984741211,97.54499816894531,96.22550201416016,97.15249633789062,98542000,0.22047876344086023,AMZN
2019-07-29,96.5,96.61150360107422,94.5270004272461,95.62249755859375,89864000,0.1975601145038168,AMZN
2019-07-30,94.55599975585938,95.49449920654297,94.17400360107422,94.92649841308594,58218000,0.21142860169491526,AMZN
2019-07-31,94.90550231933594,94.97750091552734,92.47200012207031,93.33899688720703,89414000,0.16685528634361235,AMZN
2019-08-01,93.58599853515625,94.89600372314453,92.20050048828125,92.76599884033203,94266000,0.1632321548821549,AMZN
2019-08-02,92.25350189208984,92.31800079345703,90.4010009765625,91.16200256347656,99124000,0.14230480167014614,AMZN
2019-08-05,88.51100158691406,89.43350219726562,87.43900299072266,88.25650024414062,121164000,0.16887373737373737,AMZN
2019-08-06,89.61150360107422,89.6884994506836,87.66999816894531,89.3915023803711,101406000,0.17012105263157895,AMZN
2019-08-07,88.69950103759766,89.94650268554688,87.8499984741211,89.66999816894531,90538000,0.17184,AMZN
2019-08-08,90.30000305175781,91.71299743652344,89.90550231933594,91.64450073242188,74024000,0.2040882063882064,AMZN
2019-08-09,91.44750213623047,91.55449676513672,90.11100006103516,90.37899780273438,57596000,0.1749816199376947,AMZN
2019-08-12,89.79949951171875,90.04900360107422,88.8499984741211,89.24600219726562,58110000,0.23305941558441562,AMZN
2019-08-13,89.1500015258789,91.58699798583984,89.0,91.21700286865234,79880000,0.20651376811594205,AMZN
2019-08-14,89.65049743652344,89.78250122070312,87.86100006103516,88.14800262451172,97872000,0.1938736596736597,AMZN
2019-08-15,89.09950256347656,89.4000015258789,88.0979995727539,88.80599975585938,75182000,0.19137226720647774,AMZN
2019-08-16,89.64450073242188,90.14550018310547,89.22750091552734,89.62850189208984,60360000,0.1615,AMZN
2019-08-19,90.90399932861328,91.30000305175781,90.63050079345703,90.80599975585938,56326000,0.15308522427440632,AMZN
2019-08-20,90.7249984741211,90.84100341796875,89.99400329589844,90.06900024414062,38590000,0.11258417968750001,AMZN
2019-08-21,90.96949768066406,91.47899627685547,90.75,91.177001953125,40636000,0.19731101694915254,AMZN
2019-08-22,91.4000015258789,91.47049713134766,90.00499725341797,90.23300170898438,53070000,0.20108030592734227,AMZN
2019-08-23,89.65149688720703,90.24500274658203,87.2614974975586,87.48100280761719,105416000,0.12372391304347827,AMZN
2019-08-26,88.34549713134766,88.5,87.17549896240234,88.44349670410156,61600000,0.1870497382198953,AMZN
2019-08-27,88.7864990234375,88.97000122070312,87.33399963378906,88.09149932861328,60394000,0.11292958057395143,AMZN
2019-08-28,87.75,88.39299774169922,87.20249938964844,88.2125015258789,48394000,0.11232769230769232,AMZN
2019-08-29,89.1500015258789,89.92749786376953,88.86250305175781,89.31999969482422,60302000,0.18189951298701298,AMZN
2019-08-30,89.87449645996094,89.98699951171875,88.22850036621094,88.81449890136719,61174000,0.14207224080267558,AMZN
2019-09-03,88.5,90.04000091552734,88.4000015258789,89.49199676513672,70860000,0.15147132243684994,AMZN
2019-09-04,90.25,90.38150024414062,89.8115005493164,90.03099822998047,46482000,0.19343880070546737,AMZN
2019-09-05,91.09750366210938,92.0999984741211,90.77899932861328,92.03600311279297,66216000,0.1877820678513732,AMZN
2019-09-06,91.91100311279297,92.03250122070312,91.31999969482422,91.67549896240234,49938000,0.19958011472275333,AMZN
2019-09-09,92.05000305175781,92.5,91.23049926757812,91.56749725341797,59990000,0.16272331606217616,AMZN
2019-09-10,91.13749694824219,91.29049682617188,90.26699829101562,91.02749633789062,52278000,0.20725379146919432,AMZN
2019-09-11,90.60700225830078,91.6709976196289,90.4540023803711,91.14949798583984,48656000,0.15294289693593316,AMZN
2019-09-12,91.88150024414062,92.68299865722656,91.71399688720703,92.17749786376953,56470000,0.19870251889168766,AMZN
2019-09-13,92.10050201416016,92.30599975585938,91.75849914550781,91.96700286865234,39426000,0.17835992907801418,AMZN
2019-09-16,91.20099639892578,91.28450012207031,90.01000213623047,90.39199829101562,73510000,0.22577322404371583,AMZN
2019-09-17,90.35399627685547,91.19950103759766,90.20500183105469,91.12750244140625,39648000,0.1648753125,AMZN
2019-09-18,90.85199737548828,91.10299682617188,89.7750015258789,90.87300109863281,50112000,0.21335437665782495,AMZN
2019-09-19,91.0510025024414,91.62850189208984,90.8949966430664,91.07499694824219,40630000,0.2307983293556086,AMZN
2019-09-20,91.08550262451172,91.53150177001953,89.0459976196289,89.70800018310547,106838000,0.1299249406175772,AMZN
2019-09-23,88.8499984741211,89.63500213623047,88.36599731445312,89.26499938964844,58446000,0.16595936170212766,AMZN
2019-09-24,89.53050231933594,89.7854995727539,86.77749633789062,87.08049774169922,92320000,0.14238704663212437,AMZN
2019-09-25,87.36799621582031,88.6500015258789,86.1500015258789,88.41649627685547,69864000,0.1736477495107632,AMZN
2019-09-26,88.1395034790039,88.16850280761719,86.57499694824219,86.99199676513672,70736000,0.1427175799086758,AMZN
2019-09-27,87.4000015258789,87.45600128173828,85.69100189208984,86.27249908447266,78144000,0.07812944038929441,AMZN
2019-09-30,86.34950256347656,86.87300109863281,85.46099853515625,86.79550170898438,52894000,0.1321849765258216,AMZN
2019-10-01,87.30000305175781,87.77999877929688,86.42050170898438,86.78250122070312,61690000,0.18551831896551724,AMZN
2019-10-02,86.38700103759766,86.44450378417969,85.25,85.6614990234375,66022000,0.15609828080229227,AMZN
2019-10-03,85.6500015258789,86.25,84.25299835205078,86.22100067138672,69364000,0.15913828125,AMZN
2019-10-04,86.3010025024414,87.02899932861328,85.96150207519531,86.98249816894531,49438000,0.19146887159533074,AMZN
2019-10-07,86.58149719238281,87.3915023803711,86.18499755859375,86.63300323486328,43094000,0.1502496062992126,AMZN
2019-10-08,86.12449645996094,86.3499984741211,85.25,85.27549743652344,50840000,0.20661504178272982,AMZN
2019-10-09,85.98049926757812,86.49749755859375,85.71800231933594,86.09950256347656,40870000,0.1497743243243243,AMZN
2019-10-10,86.26200103759766,86.91449737548828,85.6875,86.01300048828125,51504000,0.15252094395280236,AMZN
2019-10-11,87.14600372314453,87.27249908447266,86.49299621582031,86.59600067138672,65100000,0.20823505434782608,AMZN
2019-10-14,86.44550323486328,87.09449768066406,86.0999984741211,86.82150268554688,38204000,0.19384924242424242,AMZN
2019-10-15,87.10700225830078,88.82250213623047,87.03099822998047,88.36900329589844,62234000,0.23144219512195122,AMZN
2019-10-16,88.66649627685547,89.31199645996094,88.5260009765625,88.87149810791016,55268000,0.22096009732360097,AMZN
2019-10-17,89.82450103759766,89.94249725341797,89.10099792480469,89.3740005493164,52948000,0.2132768637532134,AMZN
2019-10-18,89.38999938964844,89.6989974975586,87.45999908447266,87.87550354003906,67250000,0.19477039999999998,AMZN
2019-10-21,88.48300170898438,89.29399871826172,88.25,89.28299713134766,42608000,0.2733385802469136,AMZN
2019-10-22,89.40750122070312,89.48899841308594,88.0999984741211,88.2864990234375,42234000,0.13031772151898735,AMZN
2019-10-23,88.06500244140625,88.50250244140625,87.0999984741211,88.1084976196289,42764000,0.2553572093023256,AMZN
2019-10-24,88.55449676513672,89.41699981689453,88.01349639892578,89.03900146484375,88922000,0.2058669914738124,AMZN
2019-10-25,84.87750244140625,88.21050262451172,84.75,88.06649780273438,192528000,0.22097667304015298,AMZN
2019-10-28,87.40299987792969,88.93499755859375,87.125,88.85399627685547,74178000,0.2628251984126984,AMZN
2019-10-29,88.7405014038086,88.8499984741211,87.79049682617188,88.135498046875,45538000,0.2544366310160428,AMZN
2019-10-30,88.01200103759766,89.11900329589844,87.95600128173828,88.99949645996094,48988000,0.19789058171745152,AMZN
2019-10-31,88.79949951171875,89.5999984741211,88.5739974975586,88.83300018310547,55624000,0.22173451957295373,AMZN
2019-11-01,89.40049743652344,89.87249755859375,89.260498046875,89.5719985961914,55808000,0.20336608996539793,AMZN
2019-11-04,90.05049896240234,90.75299835205078,90.05049896240234,90.23300170898438,55438000,0.21630246153846153,AMZN
2019-11-05,90.45800018310547,90.51249694824219,89.69999694824219,90.08550262451172,37710000,0.2630282798833819,AMZN
2019-11-06,90.05000305175781,90.125,89.42900085449219,89.78849792480469,40596000,0.2904597014925373,AMZN
2019-11-07,90.18800354003906,90.29499816894531,89.17400360107422,89.41000366210938,53022000,0.17958894601542416,AMZN
2019-11-08,89.39450073242188,89.49400329589844,88.7020034790039,89.29399871826172,42466000,0.19231734104046241,AMZN
2019-11-11,88.9000015258789,89.0,88.35649871826172,88.5824966430664,38920000,0.1593570945945946,AMZN
2019-11-12,88.73300170898438,89.31099700927734,88.59549713134766,88.9000015258789,40752000,0.21093519061583577,AMZN
2019-11-13,88.66950225830078,88.75,87.36599731445312,87.65550231933594,59790000,0.10191488469601677,AMZN
2019-11-14,87.57150268554688,88.32949829101562,87.47799682617188,87.7300033569336,45296000,0.18837345537757436,AMZN
2019-11-15,88.00250244140625,88.08399963378906,86.64299774169922,86.97450256347656,78552000,0.105918669527897,AMZN
2019-11-18,86.91500091552734,87.68499755859375,86.135498046875,87.62650299072266,56790000,0.18788787878787877,AMZN
2019-11-19,87.84950256347656,88.03399658203125,87.15149688720703,87.6395034790039,45416000,0.17304447174447177,AMZN
2019-11-20,87.45700073242188,88.1259994506836,86.70600128173828,87.27649688720703,55800000,0.19495092165898617,AMZN
2019-11-21,87.1500015258789,87.34349822998047,86.51799774169922,86.7354965209961,53258000,0.13369855072463768,AMZN
2019-11-22,86.95099639892578,87.32150268554688,86.55000305175781,87.28600311279297,49582000,0.19831625,AMZN
2019-11-25,87.6624984741211,88.87100219726562,87.66200256347656,88.69200134277344,69724000,0.24965717761557177,AMZN
2019-11-26,88.99600219726562,89.85150146484375,88.9175033569336,89.84700012207031,63624000,0.21487276688453158,AMZN
2019-11-27,90.05000305175781,91.2249984741211,89.8655014038086,90.92549896240234,60512000,0.27427897435897436,AMZN
2019-11-29,90.88899993896484,91.2344970703125,90.03949737548828,90.04000091552734,38468000,0.2549728813559322,AMZN
2019-12-02,90.22000122070312,90.27749633789062,88.13400268554688,89.08000183105469,78512000,0.23659578544061302,AMZN
2019-12-03,88.0,88.64350128173828,87.36150360107422,88.49800109863281,67618000,0.22519700787401575,AMZN
2019-12-04,88.70050048828125,89.45449829101562,88.01100158691406,88.03450012207031,53402000,0.19946543478260867,AMZN
2019-12-05,88.17500305175781,88.17500305175781,87.0,87.02400207519531,56476000,0.1797180293501048,AMZN
2019-12-06,87.55999755859375,87.72000122070312,87.00650024414062,87.58000183105469,62348000,0.15792678185745143,AMZN
2019-12-09,87.53299713134766,88.34449768066406,87.28050231933594,87.47550201416016,48856000,0.19012030848329048,AMZN
2019-12-10,87.37000274658203,87.53350067138672,86.75,86.96050262451172,50286000,0.28135405405405406,AMZN
2019-12-11,87.08350372314453,87.5,86.7854995727539,87.43599700927734,41952000,0.19571696832579186,AMZN
2019-12-12,87.5,88.19999694824219,87.27200317382812,88.0165023803711,61918000,0.26660646766169155,AMZN
2019-12-13,88.25,88.44950103759766,87.75,88.0469970703125,54914000,0.2673518105849582,AMZN
2019-12-16,88.3499984741211,88.4749984741211,87.85250091552734,88.46050262451172,62904000,0.21188803921568627,AMZN
2019-12-17,88.90049743652344,89.5999984741211,88.86949920654297,89.53299713134766,72888000,0.2712011713030747,AMZN
2019-12-18,89.7509994506836,89.91000366210938,89.11799621582031,89.20149993896484,67028000,0.24211586452762923,AMZN
2019-12-19,89.0250015258789,89.64949798583984,88.7030029296875,89.61399841308594,53056000,0.21474172335600905,AMZN
2019-12-20,89.98100280761719,90.14849853515625,89.12249755859375,89.32499694824219,103016000,0.2022388157894737,AMZN
2019-12-23,89.41300201416016,89.6500015258789,89.22550201416016,89.6500015258789,42728000,0.16779812734082397,AMZN
2019-12-24,89.69049835205078,89.77850341796875,89.37899780273438,89.46050262451172,17626000,0.25783291139240505,AMZN
2019-12-26,90.05049896240234,93.52300262451172,89.9749984741211,93.4384994506836,120108000,0.2582505401234568,AMZN
2019-12-27,94.14600372314453,95.06999969482422,93.30049896240234,93.48999786376953,123732000,0.26633665966386555,AMZN
2019-12-30,93.69999694824219,94.19999694824219,92.03099822998047,92.34449768066406,73494000,0.2457411089866157,AMZN
2019-12-31,92.0999984741211,92.66300201416016,91.61150360107422,92.39199829101562,50130000,0.2526793248945148,AMZN
2015-01-02,26.6299991607666,26.790000915527344,26.393999099731445,26.477500915527344,26480000,0.16935225225225226,GOOGL
2015-01-05,26.357500076293945,26.399499893188477,25.887500762939453,25.972999572753906,41182000,0.36271558441558444,GOOGL
2015-01-06,26.024999618530273,26.06049919128418,25.27750015258789,25.332000732421875,54456000,0.3825081850533808,GOOGL
2015-01-07,25.547500610351562,25.574499130249023,25.1825008392334,25.25749969482422,46918000,0.32885095541401277,GOOGL
2015-01-08,25.07550048828125,25.375,24.750999450683594,25.345500946044922,73054000,0.28792909441233144,GOOGL
2015-01-09,25.409000396728516,25.43000030517578,24.9325008392334,25.035999298095703,42000000,0.22739857142857145,GOOGL
2015-01-12,24.961999893188477,25.013999938964844,24.545499801635742,24.85300064086914,57138000,0.177931914893617,GOOGL
2015-01-13,25.12849998474121,25.43000030517578,24.863000869750977,25.09000015258789,60958000,0.24472437810945272,GOOGL
2015-01-14,25.020999908447266,25.413000106811523,24.908000946044922,25.296499252319336,52800000,0.16119299065420561,GOOGL
2015-01-15,25.444499969482422,25.487499237060547,25.100500106811523,25.20050048828125,51068000,0.19009947643979055,GOOGL
2015-01-16,25.157499313354492,25.542499542236328,25.154499053955078,25.523000717163086,49658000,0.1287609929078014,GOOGL
2015-01-20,25.638500213623047,25.780500411987305,25.4685001373291,25.496999740600586,46796000,0.2749671875,GOOGL
2015-01-21,25.54199981689453,26.092500686645508,25.47949981689453,26.019500732421875,46356000,0.25916174242424245,GOOGL
2015-01-22,26.149999618530273,26.941999435424805,26.095500946044922,26.864999771118164,56068000,0.24230137931034487,GOOGL
2015-01-23,26.901500701904297,27.27050018310547,26.787500381469727,27.09749984741211,45966000,0.29244934497816594,GOOGL
2015-01-26,27.075000762939453,27.075000762939453,26.603500366210938,26.836000442504883,30932000,0.36063897435897435,GOOGL
2015-01-27,26.56999969482422,26.638999938964844,26.042999267578125,26.059499740600586,39148000,0.37865047619047615,GOOGL
2015-01-28,26.25,26.284500122070312,25.61750030517578,25.62150001525879,35822000,0.3689158139534884,GOOGL
2015-01-29,25.645000457763672,25.75950050354004,25.173999786376953,25.661500930786133,79018000,0.2507544494720965,GOOGL
2015-01-30,25.950000762939453,27.155000686645508,25.909000396728516,26.877500534057617,121108000,0.2450126865671642,GOOGL
2015-02-02,26.715999603271484,26.825000762939453,26.086000442504883,26.610000610351562,75378000,0.31779158415841585,GOOGL
2015-02-03,26.496999740600586,26.872499465942383,26.340499877929688,26.665000915527344,47062000,0.3502525,GOOGL
2015-02-04,26.656999588012695,26.837499618530273,26.25149917602539,26.30500030517578,33896000,0.3828517482517483,GOOGL
2015-02-05,26.396499633789062,26.534500122070312,26.281999588012695,26.491500854492188,33176000,0.29703943089430895,GOOGL
2015-02-06,26.550500869750977,27.01099967956543,26.4325008392334,26.694000244140625,42938000,0.3005908675799087,GOOGL
2015-02-09,26.55299949645996,26.694000244140625,26.377500534057617,26.464000701904297,30314000,0.36941521739130434,GOOGL
2015-02-10,26.607500076293945,27.049999237060547,26.458499908447266,27.007999420166016,47430000,0.359392972972973,GOOGL
2015-02-11,26.986499786376953,27.09749984741211,26.799999237060547,26.899999618530273,38306000,0.28697740384615383,GOOGL
2015-02-12,26.982999801635742,27.41699981689453,26.850000381469727,27.300500869750977,48590000,0.23828633333333335,GOOGL
2015-02-13,27.375499725341797,27.62700080871582,27.329999923706055,27.558000564575195,47382000,0.2671149122807018,GOOGL
2015-02-17,27.558000564575195,27.649999618530273,27.163000106811523,27.250499725341797,39174000,0.21825935828877008,GOOGL
2015-02-18,27.19099998474121,27.377500534057617,26.977500915527344,27.13249969482422,31164000,0.34153882978723404,GOOGL
2015-02-19,27.12350082397461,27.343000411987305,27.037500381469727,27.322500228881836,30834000,0.3117957055214724,GOOGL
2015-02-20,27.378999710083008,27.378999710083008,26.905000686645508,27.09000015258789,38234000,0.24202803347280336,GOOGL
2015-02-23,26.950000762939453,26.96500015258789,26.600000381469727,26.75,32906000,0.32659337349397594,GOOGL
2015-02-24,26.577499389648438,26.969999313354492,26.549999237060547,26.9325008392334,28406000,0.24131265306122449,GOOGL
2015-02-25,26.922000885009766,27.478500366210938,26.90049934387207,27.366500854492188,40836000,0.2500287719298246,GOOGL
2015-02-26,27.28700065612793,28.006500244140625,27.254499435424805,27.964500427246094,54032000,0.18340172786177109,GOOGL
2015-02-27,27.907499313354492,28.47100067138672,27.851499557495117,28.131500244140625,68328000,0.22970703703703704,GOOGL
2015-03-02,28.350000381469727,28.79949951171875,28.157499313354492,28.750999450683594,50406000,0.24390978835978838,GOOGL
2015-03-03,28.8174991607666,29.042499542236328,28.524999618530273,28.93950080871582,50526000,0.18018098765432097,GOOGL
2015-03-04,28.848499298095703,29.081499099731445,28.625999450683594,28.916500091552734,37964000,0.21657759197324414,GOOGL
2015-03-05,28.981000900268555,29.15999984741211,28.911500930786133,29.071500778198242,35918000,0.2345036496350365,GOOGL
2015-03-06,29.100000381469727,29.138999938964844,28.60300064086914,28.645000457763672,37592000,0.23250669144981412,GOOGL
2015-03-09,28.54599952697754,28.772499084472656,28.452499389648438,28.704999923706055,23478000,0.2731663414634146,GOOGL
2015-03-10,28.423999786376953,28.488000869750977,27.990999221801758,27.99250030517578,40080000,0.23987947598253276,GOOGL
2015-03-11,27.989999771118164,28.208999633789062,27.77050018310547,27.784500122070312,40524000,0.21952875536480687,GOOGL
2015-03-12,27.923999786376953,28.091999053955078,27.776500701904297,28.058500289916992,35602000,0.25207267441860465,GOOGL
2015-03-13,27.96150016784668,28.218000411987305,27.51650047302246,27.649999618530273,35428000,0.23566214953271028,GOOGL
2015-03-16,27.846500396728516,28.1875,27.56599998474121,28.082000732421875,36856000,0.2785445945945946,GOOGL
2015-03-17,27.914499282836914,28.031999588012695,27.720500946044922,27.88050079345703,28892000,0.24331554054054055,GOOGL
2015-03-18,27.886499404907227,28.32550048828125,27.674999237060547,28.308000564575195,35324000,0.3035333333333333,GOOGL
2015-03-19,28.22599983215332,28.347999572753906,28.106000900268555,28.183500289916992,24660000,0.28979495798319327,GOOGL
2015-03-20,28.335500717163086,28.354999542236328,28.224000930786133,28.247499465942383,44320000,0.3132533333333334,GOOGL
2015-03-23,28.299999237060547,28.48200035095215,28.152999877929688,28.26849937438965,30234000,0.28571702127659576,GOOGL
2015-03-24,28.427000045776367,29.0939998626709,28.404499053955078,28.87700080871582,79156000,0.26705590717299577,GOOGL
2015-03-25,28.87849998474121,29.00349998474121,28.350000381469727,28.350000381469727,53070000,0.2595375,GOOGL
2015-03-26,28.232500076293945,28.359500885009766,27.91550064086914,28.18199920654297,49842000,0.30774810810810815,GOOGL
2015-03-27,28.09149932861328,28.203500747680664,27.846500396728516,27.877500534057617,34552000,0.3181712041884817,GOOGL
2015-03-30,28.012500762939453,28.107999801635742,27.839500427246094,28.05699920654297,24788000,0.2586613259668508,GOOGL
2015-03-31,27.89699935913086,28.122499465942383,27.73349952697754,27.735000610351562,34932000,0.28481057692307693,GOOGL
2015-04-01,27.741500854492188,27.924999237060547,27.30150032043457,27.47450065612793,38902000,0.2939784753363228,GOOGL
2015-04-02,27.370500564575195,27.399999618530273,27.02199935913086,27.065500259399414,47760000,0.2050835341365462,GOOGL
2015-04-06,26.941999435424805,27.277000427246094,26.78499984741211,27.197500228881836,33718000,0.3402893617021277,GOOGL
2015-04-07,27.249500274658203,27.507999420166016,27.179500579833984,27.243000030517578,27318000,0.17112828282828282,GOOGL
2015-04-08,27.299999237060547,27.575000762939453,27.299999237060547,27.441999435424805,28386000,0.2739820895522388,GOOGL
2015-04-09,27.460500717163086,27.4685001373291,27.09749984741211,27.400999069213867,32366000,0.22570698924731186,GOOGL
2015-04-10,27.478500366210938,27.49250030517578,27.249000549316406,27.427000045776367,26104000,0.1870303191489362,GOOGL
2015-04-13,27.352500915527344,27.66349983215332,27.315000534057617,27.43199920654297,29326000,0.17306382978723406,GOOGL
2015-04-14,27.328500747680664,27.328500747680664,26.78700065612793,26.98900032043457,47206000,0.16166157205240175,GOOGL
2015-04-15,26.898000717163086,27.159500122070312,26.618499755859375,27.052000045776367,46962000,0.16241616161616163,GOOGL
2015-04-16,26.917499542236328,27.261499404907227,26.905000686645508,27.176000595092773,31722000,0.23985367965367965,GOOGL
2015-04-17,26.86549949645996,26.989999771118164,26.450000762939453,26.636999130249023,49234000,0.31166666666666665,GOOGL
2015-04-20,26.6875,27.290000915527344,26.667499542236328,27.226499557495117,38508000,0.2852401459854015,GOOGL
2015-04-21,27.315500259399414,27.388500213623047,27.11050033569336,27.145999908447266,29128000,0.3337090909090909,GOOGL
2015-04-22,27.152999877929688,27.549999237060547,27.06599998474121,27.458999633789062,31806000,0.237768,GOOGL
2015-04-23,27.52050018310547,28.058500289916992,27.503999710083008,27.87299919128418,78184000,0.24098961988304096,GOOGL
2015-04-24,29.002500534057617,29.235000610351562,28.417499542236328,28.683000564575195,92168000,0.22430553435114506,GOOGL
2015-04-27,28.638500213623047,28.775999069213867,28.114999771118164,28.305999755859375,48062000,0.24089384615384618,GOOGL
2015-04-28,28.215999603271484,28.39150047302246,28.04800033569336,28.2185001373291,37178000,0.2834159090909091,GOOGL
2015-04-29,28.02549934387207,28.29199981689453,27.950000762939453,28.069499969482422,33622000,0.26659853658536586,GOOGL
2015-04-30,27.92799949645996,28.055500030517578,27.336000442504883,27.438499450683594,47240000,0.24004819277108433,GOOGL
2015-05-01,27.52549934387207,27.56100082397461,27.1924991607666,27.558000564575195,36572000,0.22364161490683232,GOOGL
2015-05-04,27.54949951171875,27.83449935913086,27.36949920654297,27.642000198364258,35260000,0.1168685534591195,GOOGL
2015-05-05,27.507999420166016,27.63050079345703,27.118499755859375,27.152000427246094,28528000,0.11861117318435754,GOOGL
2015-05-06,27.131999969482422,27.196500778198242,26.61199951171875,26.753999710083008,39034000,0.13323400000000002,GOOGL
2015-05-07,26.795000076293945,27.260000228881836,26.672500610351562,27.101999282836914,31844000,0.14293394495412845,GOOGL
2015-05-08,27.443500518798828,27.639999389648438,27.401500701904297,27.447500228881836,28226000,0.19144912280701754,GOOGL
2015-05-11,27.42449951171875,27.668500900268555,27.280000686645508,27.288999557495117,21858000,0.050202366863905334,GOOGL
2015-05-12,27.140499114990234,27.148000717163086,26.75,26.936500549316406,35282000,0.10800129870129871,GOOGL
2015-05-13,27.023500442504883,27.191999435424805,26.948999404907227,26.97450065612793,24238000,0.11967857142857145,GOOGL
2015-05-14,27.19849967956543,27.484500885009766,27.125,27.459999084472656,31736000,0.07800828729281768,GOOGL
2015-05-15,27.519500732421875,27.530000686645508,27.125,27.324499130249023,33440000,0.06670452261306532,GOOGL
2015-05-18,27.19099998474121,27.41699981689453,27.112499237060547,27.333499908447266,26706000,0.13412903225806452,GOOGL
2015-05-19,27.399999618530273,27.670000076293945,27.356000900268555,27.464000701904297,47126000,0.1037652380952381,GOOGL
2015-05-20,27.54599952697754,27.803499221801758,27.2549991607666,27.625499725341797,30840000,0.08193076923076922,GOOGL
2015-05-21,27.510000228881836,27.88050079345703,27.46500015258789,27.840499877929688,34170000,0.08311297709923664,GOOGL
2015-05-22,27.722999572753906,27.91200065612793,27.680999755859375,27.72599983215332,24266000,0.07341861471861473,GOOGL
2015-05-26,27.628999710083008,27.666500091552734,27.148500442504883,27.359500885009766,37474000,0.0589317689530686,GOOGL
2015-05-27,27.43400001525879,27.76449966430664,27.32900047302246,27.712499618530273,34844000,0.10475973154362415,GOOGL
2015-05-28,27.68950080871582,27.788000106811523,27.540000915527344,27.708999633789062,23544000,0.12127677725118484,GOOGL
2015-05-29,27.65999984741211,27.69700050354004,27.25200080871582,27.266000747680664,43446000,0.11382999999999999,GOOGL
2015-06-01,27.436500549316406,27.528499603271484,27.179000854492188,27.460500717163086,33210000,0.13529135802469136,GOOGL
2015-06-02,27.37150001525879,27.93950080871582,27.327499389648438,27.697500228881836,31842000,0.09103381088825216,GOOGL
2015-06-03,27.7549991607666,27.899499893188477,27.607500076293945,27.76449966430664,26710000,0.08914604105571848,GOOGL
2015-06-04,27.608999252319336,27.79800033569336,27.45599937438965,27.58449935913086,26866000,0.08007530120481927,GOOGL
2015-06-05,27.600000381469727,27.666500091552734,27.368999481201172,27.476499557495117,24396000,0.07308818181818182,GOOGL
2015-06-08,27.480499267578125,27.493499755859375,27.147499084472656,27.173999786376953,27336000,0.07544590163934425,GOOGL
2015-06-09,27.17099952697754,27.242000579833984,26.9424991607666,27.107999801635742,30016000,0.0315814465408805,GOOGL
2015-06-10,27.28499984741211,27.73900032043457,27.25550079345703,27.6299991607666,30316000,0.05621371237458194,GOOGL
2015-06-11,27.72450065612793,27.741500854492188,27.458499908447266,27.50200080871582,25872000,0.07903935018050541,GOOGL
2015-06-12,27.357500076293945,27.4424991607666,27.2814998626709,27.37350082397461,25468000,0.04054200626959248,GOOGL
2015-06-15,27.136499404907227,27.202499389648438,26.960500717163086,27.149999618530273,27150000,0.04591388888888889,GOOGL
2015-06-16,27.224000930786133,27.33449935913086,27.078500747680664,27.243499755859375,32526000,0.1325698113207547,GOOGL
2015-06-17,27.270999908447266,27.417999267578125,27.090499877929688,27.329999923706055,24440000,0.10527928571428571,GOOGL
2015-06-18,27.399999618530273,27.862499237060547,27.399999618530273,27.80900001525879,41192000,0.0782329931972789,GOOGL
2015-06-19,27.826000213623047,27.89550018310547,27.613000869750977,27.875999450683594,59290000,0.04602361111111111,GOOGL
2015-06-22,27.970500946044922,28.280500411987305,27.945499420166016,27.983999252319336,34752000,0.07119183673469388,GOOGL
2015-06-23,27.989500045776367,28.2450008392334,27.857500076293945,28.16950035095215,31396000,0.05595206349206349,GOOGL
2015-06-24,28.124000549316406,28.131999969482422,27.840499877929688,27.928499221801758,28924000,0.07683620178041543,GOOGL
2015-06-25,28.014999389648438,28.156999588012695,27.87299919128418,27.897499084472656,26684000,0.0834942105263158,GOOGL
2015-06-26,27.98550033569336,28.0,27.592500686645508,27.652999877929688,43676000,0.09424890510948905,GOOGL
2015-06-29,27.337499618530273,27.545000076293945,27.011999130249023,27.0625,37756000,0.060250000000000005,GOOGL
2015-06-30,27.254499435424805,27.295000076293945,26.976999282836914,27.00200080871582,34510000,0.10280563002680965,GOOGL
2015-07-01,27.183000564575195,27.29050064086914,26.988000869750977,27.165000915527344,30760000,0.10750659722222222,GOOGL
2015-07-02,27.23699951171875,27.399999618530273,27.178499221801758,27.367000579833984,28124000,0.10729548872180451,GOOGL
2015-07-06,27.112499237060547,27.429000854492188,27.104999542236328,27.2810001373291,25614000,0.10659154929577465,GOOGL
2015-07-07,27.37150001525879,27.549999237060547,26.99250030517578,27.50149917602539,33578000,0.1330867924528302,GOOGL
2015-07-08,27.280000686645508,27.413999557495117,27.059999465942383,27.084999084472656,27662000,0.20699247311827956,GOOGL
2015-07-09,27.4325008392334,27.444000244140625,27.231000900268555,27.232500076293945,29766000,0.14790389610389612,GOOGL
2015-07-10,27.68549919128418,27.964500427246094,27.600000381469727,27.805500030517578,43436000,0.14611318327974276,GOOGL
2015-07-13,27.975500106811523,28.642499923706055,27.934999465942383,28.58650016784668,41792000,0.29794492753623186,GOOGL
2015-07-14,28.725000381469727,29.48550033569336,28.708499908447266,29.208999633789062,74832000,0.2324100806451613,GOOGL
2015-07-15,29.187000274658203,29.434499740600586,29.010499954223633,29.197999954223633,41466000,0.15863220858895707,GOOGL
2015-07-16,29.475000381469727,30.225000381469727,29.395999908447266,30.089000701904297,112642000,0.23892639691714837,GOOGL
2015-07-17,34.0,35.150001525878906,33.900001525878906,34.98099899291992,257162000,0.2608467446964155,GOOGL
2015-07-20,34.44900131225586,34.88999938964844,34.0885009765625,34.641998291015625,102436000,0.1344252676659529,GOOGL
2015-07-21,34.24399948120117,35.279998779296875,34.20750045776367,34.76750183105469,75604000,0.1953098121085595,GOOGL
2015-07-22,34.70100021362305,35.666500091552734,34.58100128173828,34.755001068115234,83100000,0.10263844537815126,GOOGL
2015-07-23,34.592498779296875,34.80350112915039,33.579498291015625,33.73649978637695,76232000,0.07500560165975104,GOOGL
2015-07-24,33.8385009765625,33.88949966430664,32.659000396728516,32.73849868774414,82622000,0.08174409799554566,GOOGL
2015-07-27,32.57849884033203,33.35350036621094,32.57749938964844,32.91350173950195,58382000,0.1662251101321586,GOOGL
2015-07-28,33.0880012512207,33.20500183105469,32.670501708984375,32.983001708984375,34364000,0.11946749999999999,GOOGL
2015-07-29,33.112998962402344,33.166500091552734,32.641998291015625,33.07149887084961,36756000,0.05281666666666668,GOOGL
2015-07-30,32.87200164794922,33.40250015258789,32.58449935913086,33.22800064086914,39606000,0.08788051282051283,GOOGL
2015-07-31,33.23500061035156,33.25,32.86000061035156,32.875,34922000,0.03768517587939699,GOOGL
2015-08-03,32.882999420166016,33.333499908447266,32.882999420166016,33.236000061035156,31348000,0.09535709876543211,GOOGL
2015-08-04,33.21699905395508,33.400001525878906,33.0255012512207,33.06399917602539,26188000,0.12278666666666667,GOOGL
2015-08-05,33.287498474121094,33.99549865722656,33.27899932861328,33.66450119018555,36448000,0.1383594827586207,GOOGL
2015-08-06,33.699501037597656,33.73749923706055,33.0364990234375,33.50749969482422,40660000,0.043231733333333335,GOOGL
2015-08-07,33.388999938964844,33.439998626708984,32.94350051879883,33.21950149536133,27544000,0.14491613588110402,GOOGL
2015-08-10,33.35449981689453,33.58100128173828,33.01150131225586,33.15700149536133,34458000,0.17454244482173173,GOOGL
2015-08-11,34.979000091552734,35.20000076293945,34.215999603271484,34.51499938964844,109880000,0.17505395061728396,GOOGL
2015-08-12,34.7244987487793,34.79999923706055,34.0255012512207,34.57350158691406,58498000,0.15870388059701493,GOOGL
2015-08-13,34.459999084472656,34.701499938964844,34.10900115966797,34.32550048828125,36354000,0.06006612903225807,GOOGL
2015-08-14,34.20199966430664,34.612998962402344,34.14500045776367,34.46849822998047,27598000,0.10039430604982208,GOOGL
2015-08-17,34.402000427246094,34.73699951171875,34.15299987792969,34.705501556396484,24680000,0.1658813471502591,GOOGL
2015-08-18,34.55350112915039,34.78799819946289,34.26599884033203,34.436500549316406,27710000,0.10844969325153374,GOOGL
2015-08-19,34.50550079345703,35.0099983215332,34.34000015258789,34.70199966430664,50194000,0.1426813664596273,GOOGL
2015-08-20,34.45500183105469,34.80799865722656,33.763999938964844,33.9739990234375,57798000,0.1827207920792079,GOOGL
2015-08-21,33.551998138427734,33.644500732421875,32.154998779296875,32.201499938964844,91880000,0.061577852348993295,GOOGL
2015-08-24,30.030000686645508,31.384000778198242,29.654499053955078,30.905500411987305,129788000,0.09531250000000001,GOOGL
2015-08-25,32.32350158691406,32.349998474121094,30.583499908447266,30.62350082397461,71430000,0.11764794007490637,GOOGL
2015-08-26,32.154998779296875,33.124000549316406,31.51849937438965,32.98699951171875,87740000,0.1307712979890311,GOOGL
2015-08-27,33.5994987487793,33.69900131225586,32.55500030517578,33.39799880981445,58974000,0.0652243735763098,GOOGL
2015-08-28,33.28799819946289,33.349998474121094,32.6875,32.984500885009766,38836000,0.07814323040380047,GOOGL
2015-08-31,32.71699905395508,33.22050094604492,32.317501068115234,32.39099884033203,38936000,0.08869508928571428,GOOGL
2015-09-01,31.690500259399414,32.22200012207031,31.253000259399414,31.47800064086914,51458000,0.09037897727272727,GOOGL
2015-09-02,31.899999618530273,32.25299835205078,31.531999588012695,32.24549865722656,37630000,0.057300000000000004,GOOGL
2015-09-03,32.39649963378906,32.5625,31.690500259399414,31.852500915527344,34572000,0.12023458646616542,GOOGL
2015-09-04,31.485000610351562,31.725000381469727,31.325000762939453,31.447999954223633,40478000,0.07307519379844961,GOOGL
2015-09-08,32.04999923706055,32.25199890136719,31.645000457763672,32.194000244140625,39092000,0.06218,GOOGL
2015-09-09,32.59400177001953,32.86800003051758,32.04499816894531,32.170501708984375,40978000,0.0674103825136612,GOOGL
2015-09-10,32.19499969482422,32.744998931884766,32.084999084472656,32.55400085449219,27850000,0.033546759259259255,GOOGL
2015-09-11,32.510501861572266,32.765499114990234,32.37049865722656,32.76499938964844,34892000,0.044898997493734334,GOOGL
2015-09-14,32.78150177001953,32.79600143432617,32.474998474121094,32.62350082397461,29942000,0.04291779661016949,GOOGL
2015-09-15,32.83549880981445,33.442501068115234,32.66699981689453,33.253501892089844,35546000,0.11663333333333334,GOOGL
2015-09-16,33.27750015258789,33.403499603271484,33.11000061035156,33.2760009765625,26252000,0.17082884615384616,GOOGL
2015-09-17,33.3745002746582,34.0994987487793,33.25,33.583499908447266,47752000,0.10794480000000001,GOOGL
2015-09-18,33.25299835205078,33.492000579833984,33.00149917602539,33.04600143432617,72544000,0.03317751479289941,GOOGL
2015-09-21,33.2755012512207,33.45000076293945,32.900001525878906,33.3489990234375,39094000,0.08134961240310079,GOOGL
2015-09-22,32.87350082397461,32.941001892089844,32.25149917602539,32.65999984741211,54362000,0.123315,GOOGL
2015-09-23,32.64500045776367,33.013999938964844,32.5364990234375,32.66450119018555,29160000,0.13983975155279504,GOOGL
2015-09-24,32.44850158691406,32.8385009765625,32.10850143432617,32.74549865722656,38692000,0.012014373088685021,GOOGL
2015-09-25,32.92900085449219,32.92900085449219,31.982999801635742,32.00749969482422,48480000,0.06658790322580646,GOOGL
2015-09-28,31.952499389648438,32.14250183105469,30.892000198364258,31.212499618530273,47646000,0.06589764397905759,GOOGL
2015-09-29,31.274999618530273,31.733999252319336,30.901500701904297,31.13050079345703,42130000,0.09213715846994536,GOOGL
2015-09-30,31.59149932861328,31.965499877929688,31.457500457763672,31.918500900268555,52954000,0.10513181818181819,GOOGL
2015-10-01,31.89699935913086,32.19200134277344,31.555999755859375,32.099998474121094,42506000,0.1309168316831683,GOOGL
2015-10-02,31.90049934387207,32.849998474121094,31.674999237060547,32.8494987487793,48788000,0.07057763157894738,GOOGL
2015-10-05,33.08000183105469,33.6515007019043,32.79349899291992,33.58399963378906,37960000,0.07905225988700565,GOOGL
2015-10-06,33.467498779296875,33.939998626708984,33.15399932861328,33.582000732421875,42774000,0.11776097560975611,GOOGL
2015-10-07,33.869998931884766,33.9370002746582,32.90549850463867,33.5,44354000,0.12203469387755102,GOOGL
2015-10-08,33.47249984741211,33.59450149536133,32.7244987487793,33.349998474121094,39308000,0.10731294498381877,GOOGL
2015-10-09,33.3745002746582,33.704498291015625,33.11800003051758,33.5620002746582,32124000,0.14500923694779116,GOOGL
2015-10-12,33.45949935913086,33.89899826049805,33.36199951171875,33.82149887084961,26684000,0.16516106870229008,GOOGL
2015-10-13,33.7130012512207,34.42300033569336,33.65549850463867,34.15850067138672,42446000,0.2286962732919255,GOOGL
2015-10-14,34.186500549316406,34.50199890136719,33.94499969482422,34.02050018310547,31292000,0.11768290398126463,GOOGL
2015-10-15,34.26250076293945,34.70800018310547,34.21950149536133,34.6510009765625,47156000,0.09285252225519287,GOOGL
2015-10-16,34.77000045776367,34.81100082397461,34.45500183105469,34.76599884033203,36316000,0.10382436974789916,GOOGL
2015-10-19,34.70000076293945,35.012001037597656,34.61050033569336,34.997501373291016,30172000,0.17139406779661018,GOOGL
2015-10-20,34.894500732421875,34.900001525878906,33.683998107910156,34.0,52434000,0.23632295514511872,GOOGL
2015-10-21,34.160499572753906,34.244998931884766,33.53499984741211,33.59000015258789,31952000,0.17818847583643124,GOOGL
2015-10-22,33.77199935913086,34.40250015258789,33.584999084472656,34.05699920654297,88632000,0.2941958495460441,GOOGL
2015-10-23,37.50299835205078,37.625,35.89699935913086,35.96649932861328,126726000,0.299673474801061,GOOGL
2015-10-26,36.000999450683594,36.747501373291016,36.000999450683594,36.555999755859375,48776000,0.15462941176470588,GOOGL
2015-10-27,36.32849884033203,36.79800033569336,36.207000732421875,36.64099884033203,38778000,0.17702598870056496,GOOGL
2015-10-28,36.650001525878906,36.868499755859375,36.36349868774414,36.84600067138672,39604000,0.1371568075117371,GOOGL
2015-10-29,36.83150100708008,37.339500427246094,36.757999420166016,37.24250030517578,36520000,0.16037800829875518,GOOGL
2015-10-30,37.27799987792969,37.31549835205078,36.826499938964844,36.86949920654297,39984000,0.11138938053097346,GOOGL
2015-11-02,36.72650146484375,37.409000396728516,36.5724983215332,37.387001037597656,39914000,0.14046385542168674,GOOGL
2015-11-03,37.27149963378906,37.584999084472656,37.05799865722656,37.441001892089844,36306000,0.04868659793814433,GOOGL
2015-11-04,37.494998931884766,37.994998931884766,37.459999084472656,37.765499114990234,41840000,0.16179463087248322,GOOGL
2015-11-05,37.94049835205078,38.317501068115234,37.87350082397461,38.03350067138672,45486000,0.16122298136645963,GOOGL
2015-11-06,37.96950149536133,38.1510009765625,37.75149917602539,38.08000183105469,33544000,0.09399650655021835,GOOGL
2015-11-09,37.92599868774414,38.165000915527344,37.455501556396484,37.73849868774414,35538000,0.10093452380952381,GOOGL
2015-11-10,37.67399978637695,38.029998779296875,37.420501708984375,37.91299819946289,29798000,0.12900588235294116,GOOGL
2015-11-11,38.11899948120117,38.45399856567383,37.98749923706055,38.26250076293945,41866000,0.1877693181818182,GOOGL
2015-11-12,38.00899887084961,38.290000915527344,37.792999267578125,37.826499938964844,35452000,0.13652608695652174,GOOGL
2015-11-13,37.70199966430664,37.76649856567383,36.9734992980957,37.003501892089844,48188000,0.09020125786163523,GOOGL
2015-11-16,37.010501861572266,37.58549880981445,36.71649932861328,37.520999908447266,50704000,0.17005094339622642,GOOGL
2015-11-17,37.62350082397461,37.747501373291016,37.20249938964844,37.29899978637695,38864000,0.12308630136986302,GOOGL
2015-11-18,37.47850036621094,38.05500030517578,37.36949920654297,38.0004997253418,36266000,0.15356937799043063,GOOGL
2015-11-19,37.98899841308594,38.1614990234375,37.86149978637695,37.99700164794922,28078000,0.08986206896551725,GOOGL
2015-11-20,38.46500015258789,38.965999603271484,38.20500183105469,38.849998474121094,55478000,0.16906031746031747,GOOGL
2015-11-23,38.87350082397461,39.14500045776367,38.675498962402344,38.834999084472656,34648000,0.15252546583850932,GOOGL
2015-11-24,38.64799880981445,38.79949951171875,37.90549850463867,38.48149871826172,47880000,0.17738466666666666,GOOGL
2015-11-25,38.58449935913086,38.650001525878906,38.326499938964844,38.4630012512207,23612000,0.15708175675675676,GOOGL
2015-11-27,38.45800018310547,38.70000076293945,38.349998474121094,38.5984992980957,14434000,0.17039255319148935,GOOGL
2015-11-30,38.59349822998047,38.75149917602539,38.055999755859375,38.14250183105469,33586000,0.165306993006993,GOOGL
2015-12-01,38.34700012207031,39.25,38.29750061035156,39.18949890136719,40398000,0.16882678571428572,GOOGL
2015-12-02,39.26250076293945,39.65250015258789,38.82149887084961,38.89250183105469,46876000,0.13136153846153847,GOOGL
2015-12-03,39.02799987792969,39.2239990234375,38.122501373291016,38.40999984741211,41950000,0.16286602564102565,GOOGL
2015-12-04,38.48550033569336,39.12099838256836,38.2755012512207,38.96049880981445,49800000,0.16925841584158413,GOOGL
2015-12-07,39.00299835205078,39.04999923706055,38.33599853515625,38.64950180053711,36626000,0.10855971223021584,GOOGL
2015-12-08,38.224998474121094,38.932498931884766,38.125999450683594,38.75699996948242,31082000,0.1316360248447205,GOOGL
2015-12-09,38.55500030517578,38.804500579833984,37.60049819946289,38.127498626708984,46550000,0.11808128078817734,GOOGL
2015-12-10,38.179500579833984,38.30350112915039,37.75,38.00199890136719,32458000,0.14207375886524823,GOOGL
2015-12-11,37.45000076293945,37.87200164794922,37.432498931884766,37.520999908447266,43184000,0.07578630952380953,GOOGL
2015-12-14,37.5629997253418,38.20750045776367,36.8129997253418,38.12699890136719,53864000,0.15117932960893854,GOOGL
2015-12-15,38.38949966430664,38.73749923706055,37.900001525878906,38.00450134277344,49386000,0.15655892857142856,GOOGL
2015-12-16,38.32849884033203,39.07500076293945,37.852500915527344,38.829498291015625,53120000,0.13909896373056996,GOOGL
2015-12-17,39.05799865722656,39.079498291015625,38.46500015258789,38.49150085449219,36510000,0.1041175,GOOGL
2015-12-18,38.36149978637695,38.707000732421875,37.829498291015625,37.842498779296875,67794000,0.13134135338345865,GOOGL
2015-12-21,38.15250015258789,38.317501068115234,37.70750045776367,38.040000915527344,34848000,0.10337704918032786,GOOGL
2015-12-22,38.2135009765625,38.516998291015625,38.060001373291016,38.35649871826172,36338000,0.11412173913043479,GOOGL
2015-12-23,38.53450012207031,38.595001220703125,37.88249969482422,38.425498962402344,30594000,0.04893429951690821,GOOGL
2015-12-24,38.42599868774414,38.459999084472656,38.21950149536133,38.29199981689453,10412000,0.04740085470085471,GOOGL
2015-12-28,38.5,39.14099884033203,38.38650131225586,39.11199951171875,31156000,0.18714059040590406,GOOGL
2015-12-29,39.3494987487793,39.93450164794922,39.310001373291016,39.698001861572266,38430000,0.17355219941348973,GOOGL
2015-12-30,39.698001861572266,39.823001861572266,39.36000061035156,39.51499938964844,28566000,0.12312227272727273,GOOGL
2015-12-31,39.39099884033203,39.416500091552734,38.86600112915039,38.9005012512207,32752000,0.14952727272727273,GOOGL
2016-01-04,38.11000061035156,38.11000061035156,37.37699890136719,37.97200012207031,67382000,0.13626695278969958,GOOGL
2016-01-05,38.20500183105469,38.459999084472656,37.782501220703125,38.076499938964844,45216000,0.05314134615384615,GOOGL
2016-01-06,37.51850128173828,38.2864990234375,37.400001525878906,37.96649932861328,48206000,0.07414080459770116,GOOGL
2016-01-07,37.324501037597656,37.765499114990234,36.763999938964844,37.04999923706055,63132000,0.05512672413793104,GOOGL
2016-01-08,37.38999938964844,37.50600051879883,36.44599914550781,36.545501708984375,47506000,0.10870818713450293,GOOGL
2016-01-11,36.59749984741211,36.75400161743164,35.97800064086914,36.653499603271484,50896000,0.09947324840764331,GOOGL
2016-01-12,37.037498474121094,37.41699981689453,36.82149887084961,37.266998291015625,46816000,0.014523214285714283,GOOGL
2016-01-13,37.46699905395508,37.650001525878906,35.8390007019043,35.97850036621094,51728000,0.078852,GOOGL
2016-01-14,36.22200012207031,36.99449920654297,35.25,36.56949996948242,55558000,0.08921737288135592,GOOGL
2016-01-15,35.4995002746582,36.20800018310547,35.07550048828125,35.52450180053711,76676000,0.077756,GOOGL
2016-01-19,36.00749969482422,36.26750183105469,35.49250030517578,35.95399856567383,48724000,0.13882638036809816,GOOGL
2016-01-20,35.29499816894531,36.34749984741211,34.388999938964844,35.928001403808594,82440000,-0.021272727272727276,GOOGL
2016-01-21,36.00849914550781,36.88349914550781,35.55550003051758,36.333499908447266,51938000,0.1423507462686567,GOOGL
2016-01-22,37.099998474121094,37.428001403808594,37.025001525878906,37.27299880981445,47146000,0.1813067901234568,GOOGL
2016-01-25,37.19200134277344,37.62300109863281,36.625,36.680999755859375,45340000,0.13660530303030302,GOOGL
2016-01-26,36.760501861572266,36.972999572753906,36.3484992980957,36.68949890136719,30940000,0.13491719745222933,GOOGL
2016-01-27,36.794498443603516,36.794498443603516,35.67250061035156,35.87900161743164,42428000,0.1517559585492228,GOOGL
2016-01-28,36.90950012207031,37.55799865722656,36.529998779296875,37.415000915527344,62104000,0.23398675213675216,GOOGL
2016-01-29,37.448001861572266,38.25550079345703,37.209999084472656,38.067501068115234,75808000,0.1765462686567164,GOOGL
2016-02-01,38.5629997253418,38.87950134277344,38.069000244140625,38.53850173950195,111522000,0.2794271540469974,GOOGL
2016-02-02,40.025001525878906,40.51750183105469,39.029998779296875,39.045501708984375,135846000,0.23640173611111112,GOOGL
2016-02-03,39.31399917602539,39.57149887084961,36.8129997253418,37.46900177001953,131114000,0.1628450431034483,GOOGL
2016-02-04,37.22949981689453,37.262001037597656,36.130001068115234,36.50149917602539,104922000,0.14847790262172283,GOOGL
2016-02-05,36.275001525878906,36.33599853515625,35.00699996948242,35.1879997253418,109556000,0.08374702194357368,GOOGL
2016-02-08,34.38399887084961,35.22600173950195,34.10049819946289,35.20800018310547,89410000,0.12000285714285715,GOOGL
2016-02-09,34.647499084472656,36.04800033569336,34.42499923706055,35.05099868774414,84300000,0.13742098214285714,GOOGL
2016-02-10,35.589500427246094,36.1609992980957,35.269500732421875,35.342498779296875,60314000,0.08990479041916168,GOOGL
2016-02-11,34.81700134277344,35.61600112915039,34.55950164794922,35.31800079345703,65004000,0.11973505747126437,GOOGL
2016-02-12,35.61050033569336,35.79999923706055,35.07899856567383,35.34450149536133,46538000,0.06297536231884057,GOOGL
2016-02-16,35.932498931884766,36.14400100708008,35.50899887084961,35.88199996948242,43444000,0.126249358974359,GOOGL
2016-02-17,36.349998474121094,36.6879997253418,35.830501556396484,36.5984992980957,49154000,0.089875,GOOGL
2016-02-18,36.698001861572266,36.79999923706055,35.77750015258789,35.8754997253418,47276000,0.07080078125,GOOGL
2016-02-19,35.79499816894531,36.201499938964844,35.65599822998047,36.105499267578125,34918000,0.10037758620689656,GOOGL
2016-02-22,36.47549819946289,36.74250030517578,36.17250061035156,36.45249938964844,37516000,0.048099090909090904,GOOGL
2016-02-23,36.30500030517578,36.54499816894531,35.78350067138672,35.864498138427734,41332000,0.05620748299319728,GOOGL
2016-02-24,35.53049850463867,36.06100082397461,35.10100173950195,36.04499816894531,37092000,0.1222276836158192,GOOGL
2016-02-25,36.14649963378906,36.47549819946289,35.6614990234375,36.45600128173828,36146000,0.07480055555555555,GOOGL
2016-02-26,36.68000030517578,36.80799865722656,36.09700012207031,36.24300003051758,42474000,0.09692934131736528,GOOGL
2016-02-29,36.04999923706055,36.529998779296875,35.84199905395508,35.861000061035156,45068000,0.05974090909090909,GOOGL
2016-03-01,36.064998626708984,37.11650085449219,35.93199920654297,37.10850143432617,60112000,0.06751363636363637,GOOGL
2016-03-02,37.14350128173828,37.15599822998047,36.662498474121094,36.9739990234375,36292000,0.14743576158940397,GOOGL
2016-03-03,36.9739990234375,37.04999923706055,36.48149871826172,36.579498291015625,40534000,0.07312384105960265,GOOGL
2016-03-04,36.7400016784668,36.75,36.28099822998047,36.51100158691406,48516000,0.1407201923076923,GOOGL
2016-03-07,36.25749969482422,36.36050033569336,35.25699996948242,35.63999938964844,61690000,0.061985981308411216,GOOGL
2016-03-08,35.419498443603516,36.11249923706055,35.20000076293945,35.67649841308594,52530000,0.1844138157894737,GOOGL
2016-03-09,35.75849914550781,36.3120002746582,35.632999420166016,36.27050018310547,39544000,0.125447972972973,GOOGL
2016-03-10,36.38949966430664,36.82699966430664,36.16450119018555,36.60850143432617,44616000,0.19709361702127662,GOOGL
2016-03-11,36.997501373291016,37.244998931884766,36.834999084472656,37.243499755859375,35380000,0.11762299999999999,GOOGL
2016-03-14,37.24850082397461,37.7130012512207,37.18299865722656,37.512001037597656,32824000,0.21083416666666668,GOOGL
2016-03-15,37.30099868774414,37.6505012512207,37.141998291015625,37.528499603271484,29832000,0.11824176470588237,GOOGL
2016-03-16,37.45249938964844,37.95000076293945,37.32500076293945,37.86800003051758,29306000,0.19331056338028169,GOOGL
2016-03-17,37.88249969482422,38.266998291015625,37.86800003051758,37.92399978637695,44564000,0.099256875,GOOGL
2016-03-18,38.08150100708008,38.106998443603516,37.590999603271484,37.77050018310547,56222000,0.11601637931034484,GOOGL
2016-03-21,37.695499420166016,38.16699981689453,37.563499450683594,38.108001708984375,28774000,0.17864358974358974,GOOGL
2016-03-22,37.922000885009766,38.25,37.89400100708008,38.002498626708984,22096000,0.07695242718446602,GOOGL
2016-03-23,38.16749954223633,38.269500732421875,37.80149841308594,37.87799835205078,24678000,0.12188923076923078,GOOGL
2016-03-24,37.560001373291016,37.87799835205078,37.525001525878906,37.742000579833984,31116000,0.11234247787610618,GOOGL
2016-03-28,37.80849838256836,37.915000915527344,37.60200119018555,37.66400146484375,21676000,0.12208362068965517,GOOGL
2016-03-29,37.683998107910156,38.35900115966797,37.41450119018555,38.294498443603516,40062000,0.17395028901734103,GOOGL
2016-03-30,38.410499572753906,38.865501403808594,38.37900161743164,38.41699981689453,40396000,0.16834067796610172,GOOGL
2016-03-31,38.41699981689453,38.45399856567383,37.912498474121094,38.14500045776367,32554000,0.13288695652173912,GOOGL
2016-04-01,37.858001708984375,38.50199890136719,37.7599983215332,38.48350143432617,31674000,0.13596923076923076,GOOGL
2016-04-04,38.47549819946289,38.62200164794922,38.089500427246094,38.25600051879883,26924000,0.11143388429752067,GOOGL
2016-04-05,37.90650177001953,38.14350128173828,37.779998779296875,37.92850112915039,24478000,0.11035473684210527,GOOGL
2016-04-06,37.891998291015625,38.42100143432617,37.814998626708984,38.403499603271484,25312000,0.16916000000000003,GOOGL
2016-04-07,38.26599884033203,38.46799850463867,37.875,38.00600051879883,25498000,0.15680390625,GOOGL
2016-04-08,38.29349899291992,38.35649871826172,37.78850173950195,37.9734992980957,23434000,0.1076157894736842,GOOGL
2016-04-11,38.272499084472656,38.361000061035156,37.867000579833984,37.87699890136719,31774000,0.23756477987421387,GOOGL
2016-04-12,37.92150115966797,38.24599838256836,37.57849884033203,38.215999603271484,27388000,0.18746802721088435,GOOGL
2016-04-13,38.515499114990234,38.787498474121094,38.22949981689453,38.59550094604492,35426000,0.19123488372093023,GOOGL
2016-04-14,38.768001556396484,38.980499267578125,38.6609992980957,38.769500732421875,26992000,0.2047857142857143,GOOGL
2016-04-15,38.775001525878906,39.04650115966797,38.746498107910156,39.0,31712000,0.18802265625,GOOGL
2016-04-18,39.009498596191406,39.4275016784668,38.88050079345703,39.38399887084961,33540000,0.17099590643274853,GOOGL
2016-04-19,39.525001525878906,39.54750061035156,38.51350021362305,38.8125,43952000,0.20164484304932734,GOOGL
2016-04-20,38.95800018310547,38.983001708984375,38.563499450683594,38.74599838256836,34262000,0.13908823529411765,GOOGL
2016-04-21,38.865501403808594,39.08399963378906,38.57749938964844,39.0,77628000,0.18959352617079892,GOOGL
2016-04-22,37.195499420166016,37.69599914550781,36.51850128173828,36.88850021362305,140798000,0.1601301204819277,GOOGL
2016-04-25,36.76750183105469,37.24399948120117,36.755001068115234,37.11050033569336,49442000,0.23244921465968588,GOOGL
2016-04-26,37.22100067138672,37.27949905395508,36.01599884033203,36.26850128173828,55864000,0.0902235294117647,GOOGL
2016-04-27,36.26599884033203,36.35749816894531,35.45399856567383,36.073001861572266,66262000,0.1680658064516129,GOOGL
2016-04-28,36.16450119018555,36.4630012512207,35.15999984741211,35.25299835205078,62590000,0.16113367003367005,GOOGL
2016-04-29,35.20600128173828,35.605499267578125,35.18899917602539,35.39400100708008,58278000,0.16798714285714286,GOOGL
2016-05-02,35.59600067138672,35.77050018310547,35.31800079345703,35.72050094604492,33476000,0.11860526315789473,GOOGL
2016-05-03,35.625,35.66849899291992,35.36650085449219,35.422000885009766,38620000,0.1301125748502994,GOOGL
2016-05-04,35.3385009765625,35.752498626708984,35.20249938964844,35.56850051879883,34172000,0.16230105263157896,GOOGL
2016-05-05,35.75,35.877498626708984,35.47249984741211,35.73550033569336,29668000,0.13227204968944098,GOOGL
2016-05-06,35.61000061035156,36.29949951171875,35.59749984741211,36.25899887084961,39952000,0.08780285714285714,GOOGL
2016-05-09,36.334999084472656,36.714500427246094,36.17499923706055,36.45650100708008,38074000,0.1108346590909091,GOOGL
2016-05-10,36.74800109863281,37.0,36.580501556396484,36.96900177001953,32634000,0.1483594285714286,GOOGL
2016-05-11,37.0260009765625,37.040000915527344,36.39500045776367,36.52750015258789,29834000,0.09382803738317758,GOOGL
2016-05-12,36.599998474121094,36.76850128173828,36.2135009765625,36.403499603271484,27094000,0.15964198113207545,GOOGL
2016-05-13,36.33100128173828,36.56449890136719,36.175498962402344,36.24150085449219,25244000,0.21183740458015268,GOOGL
2016-05-16,36.215999603271484,36.63399887084961,36.0,36.51499938964844,22538000,0.20264574468085106,GOOGL
2016-05-17,36.553001403808594,36.79249954223633,35.900001525878906,36.009498596191406,33404000,0.10319282296650717,GOOGL
2016-05-18,35.92499923706055,36.278499603271484,35.750999450683594,36.0890007019043,32536000,0.14442142857142856,GOOGL
2016-05-19,35.915000915527344,36.025001525878906,35.515499114990234,35.765499114990234,30598000,0.18739400921658989,GOOGL
2016-05-20,35.823001861572266,36.3849983215332,35.7504997253418,36.08549880981445,34798000,0.14504093264248705,GOOGL
2016-05-23,35.999000549316406,36.17499923706055,35.84700012207031,35.86249923706055,24816000,0.144418115942029,GOOGL
2016-05-24,35.99250030517578,36.709999084472656,35.98249816894531,36.6515007019043,37884000,0.09752695035460993,GOOGL
2016-05-25,36.75,36.99449920654297,36.630001068115234,36.904998779296875,32216000,0.1815469135802469,GOOGL
2016-05-26,36.79999923706055,37.05500030517578,36.650001525878906,36.846500396728516,27202000,0.07071530054644808,GOOGL
2016-05-27,36.8754997253418,37.39550018310547,36.85049819946289,37.380001068115234,34802000,0.13705224719101122,GOOGL
2016-05-31,37.4379997253418,37.67399978637695,37.278499603271484,37.442501068115234,42484000,0.1611336,GOOGL
2016-06-01,37.423500061035156,37.56850051879883,37.21699905395508,37.42300033569336,20788000,0.1436676923076923,GOOGL
2016-06-02,37.30500030517578,37.3650016784668,36.849998474121094,37.2135009765625,33916000,0.07523395061728395,GOOGL
2016-06-03,37.074501037597656,37.074501037597656,36.695499420166016,36.792999267578125,24608000,0.17063698630136986,GOOGL
2016-06-06,36.92499923706055,36.92499923706055,36.41450119018555,36.50299835205078,29992000,0.03378988095238095,GOOGL
2016-06-07,36.66350173950195,36.83549880981445,36.540000915527344,36.554500579833984,24314000,0.16335987654320988,GOOGL
2016-06-08,36.974998474121094,37.19049835205078,36.78850173950195,37.14649963378906,32314000,0.1695232283464567,GOOGL
2016-06-09,36.85350036621094,37.19649887084961,36.82500076293945,37.125999450683594,19180000,0.15424876847290642,GOOGL
2016-06-10,36.79750061035156,36.981998443603516,36.5255012512207,36.65950012207031,29050000,0.107449375,GOOGL
2016-06-13,36.49100112915039,36.95000076293945,36.49100112915039,36.59400177001953,23354000,0.19890285714285716,GOOGL
2016-06-14,36.46549987792969,36.79999923706055,36.32500076293945,36.662498474121094,26584000,0.06976690647482016,GOOGL
2016-06-15,36.74599838256836,36.85749816894531,36.56549835205078,36.609500885009766,23234000,0.0784359375,GOOGL
2016-06-16,36.39799880981445,36.519500732421875,35.777000427246094,36.212501525878906,45002000,0.062444852941176465,GOOGL
2016-06-17,36.06949996948242,36.06949996948242,35.055999755859375,35.212501525878906,82262000,0.0705088888888889,GOOGL
2016-06-20,35.515499114990234,35.79349899291992,35.27050018310547,35.30649948120117,45654000,0.08093892617449663,GOOGL
2016-06-21,35.502498626708984,35.76900100708008,35.233001708984375,35.444000244140625,30318000,0.0701,GOOGL
2016-06-22,35.70249938964844,35.71049880981445,35.29399871826172,35.52349853515625,29058000,0.09656611570247933,GOOGL
2016-06-23,35.52750015258789,35.74399948120117,35.01250076293945,35.743499755859375,42500000,0.17171965317919075,GOOGL
2016-06-24,34.50849914550781,35.25,34.24549865722656,34.2599983215332,95436000,0.08542675159235669,GOOGL
2016-06-27,34.1245002746582,34.166500091552734,33.632999420166016,34.05699920654297,58146000,0.04500134228187919,GOOGL
2016-06-28,34.56850051879883,34.637001037597656,34.24250030517578,34.5629997253418,38246000,0.0902575221238938,GOOGL
2016-06-29,34.7130012512207,34.974998474121094,34.63399887084961,34.759498596191406,43124000,0.07601788079470198,GOOGL
2016-06-30,34.88249969482422,35.188499450683594,34.744998931884766,35.17649841308594,42250000,0.19347990430622009,GOOGL
2016-07-01,35.255001068115234,35.62649917602539,35.186500549316406,35.51250076293945,30984000,0.13871140350877192,GOOGL
2016-07-05,35.2504997253418,35.40599822998047,34.95650100708008,35.24449920654297,28440000,0.1044387755102041,GOOGL
2016-07-06,34.992000579833984,35.650001525878906,34.95000076293945,35.44850158691406,28902000,0.1162857142857143,GOOGL
2016-07-07,35.50550079345703,35.50849914550781,35.03350067138672,35.362998962402344,21174000,0.1310712,GOOGL
2016-07-08,35.52799987792969,35.89500045776367,35.40549850463867,35.888999938964844,29946000,0.12131596638655462,GOOGL
2016-07-11,35.97100067138672,36.44649887084961,35.94350051879883,36.36000061035156,28822000,0.19744310344827587,GOOGL
2016-07-12,36.59600067138672,36.779998779296875,36.375,36.6254997253418,26468000,0.09375300546448087,GOOGL
2016-07-13,36.7760009765625,36.7760009765625,36.45100021362305,36.4739990234375,20436000,0.09517398843930636,GOOGL
2016-07-14,36.696998596191406,36.80699920654297,36.52949905395508,36.790000915527344,21408000,0.1084395,GOOGL
2016-07-15,37.04999923706055,37.04999923706055,36.731998443603516,36.78150177001953,32342000,0.09213680555555555,GOOGL
2016-07-18,36.89550018310547,37.75699996948242,36.82550048828125,37.65999984741211,38698000,0.15024198473282444,GOOGL
2016-07-19,37.493499755859375,37.829498291015625,37.42449951171875,37.670501708984375,30436000,0.1455668918918919,GOOGL
2016-07-20,37.70249938964844,38.03200149536133,37.70249938964844,37.854000091552734,22502000,0.16664901960784312,GOOGL
2016-07-21,37.849998474121094,37.907501220703125,37.57600021362305,37.72050094604492,19062000,0.11831385542168675,GOOGL
2016-07-22,37.86600112915039,37.97249984741211,37.632999420166016,37.9640007019043,20920000,0.13751393442622953,GOOGL
2016-07-25,37.88399887084961,37.99100112915039,37.70349884033203,37.875999450683594,21466000,0.2048824817518248,GOOGL
2016-07-26,37.875999450683594,37.9630012512207,37.63750076293945,37.88249969482422,23792000,0.21366264367816093,GOOGL
2016-07-27,37.94850158691406,38.22249984741211,37.79650115966797,38.0984992980957,32172000,0.2893818930041152,GOOGL
2016-07-28,38.44200134277344,38.44850158691406,37.954498291015625,38.29199981689453,73464000,0.2747493261455526,GOOGL
2016-07-29,39.885501861572266,40.196998596191406,39.5,39.56700134277344,101810000,0.2688474074074074,GOOGL
2016-08-01,39.333499908447266,40.3745002746582,39.25199890136719,40.047000885009766,60594000,0.15196625514403295,GOOGL
2016-08-02,39.86650085449219,40.11600112915039,39.72650146484375,40.00600051879883,39928000,0.1109526717557252,GOOGL
2016-08-03,39.82350158691406,39.97700119018555,39.6510009765625,39.94599914550781,29206000,0.13630629921259843,GOOGL
2016-08-04,39.9119987487793,40.0099983215332,39.69599914550781,39.86249923706055,21520000,0.13635496688741722,GOOGL
2016-08-05,40.00550079345703,40.361000061035156,39.890499114990234,40.346500396728516,36146000,0.13735064102564104,GOOGL
2016-08-08,40.29999923706055,40.380001068115234,40.08449935913086,40.26150131225586,24426000,0.1009239520958084,GOOGL
2016-08-09,40.2244987487793,40.666500091552734,40.202999114990234,40.374000549316406,32154000,0.10623854748603352,GOOGL
2016-08-10,40.352500915527344,40.54399871826172,40.324501037597656,40.42449951171875,18370000,0.06928057553956835,GOOGL
2016-08-11,40.52349853515625,40.694000244140625,40.29999923706055,40.40999984741211,25646000,0.1261860606060606,GOOGL
2016-08-12,40.25450134277344,40.359500885009766,40.18199920654297,40.352500915527344,17946000,0.10229340659340659,GOOGL
2016-08-15,40.36050033569336,40.56800079345703,40.201499938964844,40.29800033569336,18596000,0.043113592233009715,GOOGL
2016-08-16,40.17499923706055,40.2130012512207,39.849998474121094,40.05950164794922,21158000,0.11016756756756757,GOOGL
2016-08-17,40.0,40.28150177001953,39.814998626708984,40.270999908447266,21322000,0.12399941860465116,GOOGL
2016-08-18,40.268001556396484,40.400001525878906,40.08150100708008,40.13750076293945,17292000,0.2037975,GOOGL
2016-08-19,39.989498138427734,40.061500549316406,39.84400177001953,39.98249816894531,22416000,0.10416296296296297,GOOGL
2016-08-22,39.925498962402344,39.96500015258789,39.71649932861328,39.84749984741211,17056000,0.1129,GOOGL
2016-08-23,40.02399826049805,40.04999923706055,39.79949951171875,39.829498291015625,18350000,0.15341884057971014,GOOGL
2016-08-24,39.84299850463867,39.92300033569336,39.53799819946289,39.68000030517578,25672000,0.14010983606557378,GOOGL
2016-08-25,39.599998474121094,39.736000061035156,39.36149978637695,39.564998626708984,24054000,0.1619013071895425,GOOGL
2016-08-26,39.6245002746582,39.970001220703125,39.47050094604492,39.6609992980957,24978000,0.18770234375,GOOGL
2016-08-29,39.65250015258789,39.92599868774414,39.51599884033203,39.79100036621094,15474000,0.11293333333333333,GOOGL
2016-08-30,39.64400100708008,39.900001525878906,39.4734992980957,39.59600067138672,23348000,0.12225393258426967,GOOGL
2016-08-31,39.47999954223633,39.57849884033203,39.36000061035156,39.49250030517578,21428000,0.09959776536312849,GOOGL
2016-09-01,39.5989990234375,39.644500732421875,39.31650161743164,39.56999969482422,26070000,0.09741780821917809,GOOGL
2016-09-02,39.76350021362305,39.85499954223633,39.66299819946289,39.84349822998047,26998000,0.11186038961038962,GOOGL
2016-09-06,39.919498443603516,40.544498443603516,39.77149963378906,40.4010009765625,39790000,0.175515625,GOOGL
2016-09-07,40.39649963378906,40.529998779296875,40.18600082397461,40.39950180053711,22906000,0.15180700636942676,GOOGL
2016-09-08,40.26100158691406,40.42100143432617,40.050498962402344,40.141998291015625,23554000,0.10375742574257425,GOOGL
2016-09-09,39.938499450683594,40.087501525878906,39.40250015258789,39.42399978637695,37752000,0.09307328767123288,GOOGL
2016-09-12,39.22600173950195,40.00849914550781,39.17499923706055,39.941001892089844,37274000,0.07415056818181819,GOOGL
2016-09-13,39.70050048828125,39.78950119018555,39.21649932861328,39.43600082397461,36180000,0.09883194444444444,GOOGL
2016-09-14,39.37649917602539,39.81650161743164,39.37649917602539,39.52299880981445,25842000,0.0753377049180328,GOOGL
2016-09-15,39.5004997253418,40.182498931884766,39.43299865722656,40.061500549316406,31144000,0.16013555555555556,GOOGL
2016-09-16,39.95100021362305,39.95100021362305,39.680999755859375,39.89849853515625,42612000,0.16883522012578617,GOOGL
2016-09-19,40.05550003051758,40.199501037597656,39.678001403808594,39.769500732421875,22990000,0.1347338383838384,GOOGL
2016-09-20,40.0,40.13750076293945,39.91299819946289,39.98899841308594,20984000,0.16480722222222224,GOOGL
2016-09-21,40.0629997253418,40.295501708984375,39.80149841308594,40.25149917602539,26970000,0.12364827586206897,GOOGL
2016-09-22,40.5,40.952999114990234,40.385501861572266,40.79750061035156,35186000,0.20617248677248676,GOOGL
2016-09-23,40.75699996948242,40.849998474121094,40.63650131225586,40.74800109863281,28234000,0.1318294642857143,GOOGL
2016-09-26,40.49100112915039,40.50400161743164,40.022499084472656,40.13249969482422,29454000,0.17285287958115186,GOOGL
2016-09-27,40.09149932861328,40.67449951171875,40.09149932861328,40.5364990234375,27346000,0.18799532710280373,GOOGL
2016-09-28,40.20399856567383,40.51250076293945,40.138999938964844,40.50299835205078,29406000,0.09474744186046512,GOOGL
2016-09-29,40.36149978637695,40.695499420166016,40.042999267578125,40.13199996948242,27000000,0.16778055555555554,GOOGL
2016-09-30,40.18000030517578,40.40449905395508,40.07500076293945,40.202999114990234,33204000,0.09445083798882682,GOOGL
2016-10-03,40.127498626708984,40.176998138427734,39.811500549316406,40.01900100708008,29784000,0.10185652173913044,GOOGL
2016-10-04,40.25,40.32500076293945,39.98350143432617,40.13949966430664,25174000,0.11623655913978495,GOOGL
2016-10-05,40.29999923706055,40.42499923706055,40.035499572753906,40.061500549316406,24276000,0.15964565217391305,GOOGL
2016-10-06,40.20399856567383,40.34749984741211,40.0255012512207,40.15399932861328,21998000,0.10521733333333333,GOOGL
2016-10-07,40.29650115966797,40.297000885009766,39.840999603271484,40.035499572753906,23262000,0.08466163793103448,GOOGL
2016-10-10,40.19649887084961,40.86899948120117,40.11199951171875,40.708499908447266,29922000,0.13845589519650656,GOOGL
2016-10-11,40.708499908447266,40.99300003051758,40.368499755859375,40.47850036621094,34432000,0.08431710526315789,GOOGL
2016-10-12,40.597999572753906,40.724998474121094,40.4275016784668,40.5885009765625,18158000,0.15644019607843138,GOOGL
2016-10-13,40.30350112915039,40.327999114990234,39.930999755859375,40.20399856567383,27380000,0.09866374269005848,GOOGL
2016-10-14,40.372501373291016,40.50450134277344,40.11600112915039,40.22999954223633,22238000,0.09394632352941176,GOOGL
2016-10-17,40.29949951171875,40.67449951171875,40.19150161743164,40.34199905395508,21128000,0.22794615384615383,GOOGL
2016-10-18,40.71049880981445,41.44049835205078,40.666500091552734,41.074501037597656,45786000,0.19954704049844235,GOOGL
2016-10-19,41.14400100708008,41.4900016784668,41.14400100708008,41.34199905395508,30002000,0.17632697674418604,GOOGL
2016-10-20,41.37799835205078,41.423500061035156,41.02750015258789,41.08150100708008,27878000,0.2151240506329114,GOOGL
2016-10-21,41.0,41.214500427246094,40.91550064086914,41.202999114990234,32316000,0.10788163265306122,GOOGL
2016-10-24,41.50450134277344,41.89699935913086,41.45199966430664,41.7869987487793,28952000,0.18864386617100373,GOOGL
2016-10-25,41.92499923706055,41.92499923706055,41.26499938964844,41.4275016784668,37814000,0.1567989010989011,GOOGL
2016-10-26,41.35599899291992,41.385501861572266,40.817501068115234,41.10499954223633,35898000,0.1781691780821918,GOOGL
2016-10-27,41.1505012512207,41.32899856567383,40.730499267578125,40.86750030517578,59470000,0.292677619047619,GOOGL
2016-10-28,41.49700164794922,41.95000076293945,40.849998474121094,40.97800064086914,87098000,0.18760841836734696,GOOGL
2016-10-31,41.121498107910156,41.131500244140625,40.400001525878906,40.494998931884766,44854000,0.17318840579710146,GOOGL
2016-11-01,40.54349899291992,40.698001861572266,39.91299819946289,40.27399826049805,47118000,0.14952456896551725,GOOGL
2016-11-02,40.3380012512207,40.3380012512207,39.25,39.42100143432617,47014000,0.06832256637168142,GOOGL
2016-11-03,39.224998474121094,39.5,38.93149948120117,39.109500885009766,43504000,0.11630881057268723,GOOGL
2016-11-04,38.564998626708984,39.42399978637695,38.54999923706055,39.05500030517578,39412000,0.07467212121212122,GOOGL
2016-11-07,39.747501373291016,40.25,39.64500045776367,40.10150146484375,39852000,0.13174245810055865,GOOGL
2016-11-08,40.10150146484375,40.801998138427734,39.98099899291992,40.5989990234375,35382000,0.153896,GOOGL
2016-11-09,40.09149932861328,40.58549880981445,39.60200119018555,40.27949905395508,61970000,0.11996758620689654,GOOGL
2016-11-10,40.5,40.50299835205078,38.4114990234375,39.01449966430664,118192000,0.099739446366782,GOOGL
2016-11-11,38.84049987792969,38.864498138427734,38.277000427246094,38.587501525878906,71852000,0.03241045751633987,GOOGL
2016-11-14,38.5880012512207,38.5890007019043,37.179500579833984,37.6609992980957,73766000,0.07892317596566523,GOOGL
2016-11-15,38.27349853515625,39.012001037597656,38.26100158691406,38.757999420166016,58878000,0.048198760330578516,GOOGL
2016-11-16,38.520999908447266,39.17499923706055,38.31650161743164,38.999000549316406,35968000,0.10447912087912088,GOOGL
2016-11-17,39.125,39.44499969482422,38.99250030517578,39.30799865722656,30674000,0.12644972067039106,GOOGL
2016-11-18,39.35850143432617,39.56449890136719,38.76750183105469,38.798500061035156,36126000,0.18740064102564102,GOOGL
2016-11-21,38.904998779296875,39.32749938964844,38.814998626708984,39.2400016784668,32616000,0.16275070422535212,GOOGL
2016-11-22,39.449501037597656,39.688499450683594,39.1870002746582,39.25,27884000,0.13319310344827587,GOOGL
2016-11-23,39.47600173950195,39.47600173950195,38.63249969482422,38.95000076293945,26260000,0.11960467289719627,GOOGL
2016-11-25,39.13050079345703,39.14500045776367,38.90950012207031,39.01150131225586,12270000,0.10322567567567567,GOOGL
2016-11-28,38.91749954223633,39.98699951171875,38.904998779296875,39.28950119018555,51508000,0.14397333333333334,GOOGL
2016-11-29,39.41899871826172,39.821998596191406,39.266998291015625,39.47200012207031,31240000,0.15123892215568863,GOOGL
2016-11-30,39.45500183105469,39.57550048828125,38.657501220703125,38.79399871826172,45582000,0.12486089743589744,GOOGL
2016-12-01,38.9275016784668,38.93000030517578,37.667999267578125,38.21649932861328,57342000,0.12838149779735683,GOOGL
2016-12-02,38.095001220703125,38.525001525878906,37.95000076293945,38.222999572753906,34376000,0.0721108108108108,GOOGL
2016-12-05,38.5,39.0,38.3484992980957,38.9109992980957,33770000,0.11272142857142858,GOOGL
2016-12-06,39.009498596191406,39.263999938964844,38.66600036621094,38.808998107910156,34682000,0.07553175675675676,GOOGL
2016-12-07,38.997501373291016,39.599998474121094,38.67649841308594,39.57350158691406,40588000,0.1325632911392405,GOOGL
2016-12-08,39.647499084472656,39.95000076293945,39.39550018310547,39.75849914550781,32250000,0.12221082802547771,GOOGL
2016-12-09,39.96500015258789,40.497501373291016,39.90250015258789,40.47249984741211,38090000,0.16399452054794522,GOOGL
2016-12-12,40.24100112915039,40.567501068115234,40.22650146484375,40.39500045776367,32572000,0.18903688524590165,GOOGL
2016-12-13,40.61949920654297,41.21500015258789,40.59700012207031,40.766998291015625,42564000,0.14489406392694062,GOOGL
2016-12-14,40.79600143432617,41.2130012512207,40.638999938964844,40.894500732421875,35994000,0.1684135294117647,GOOGL
2016-12-15,40.86800003051758,41.150001525878906,40.599998474121094,40.782501220703125,35394000,0.09263152173913043,GOOGL
2016-12-16,40.91550064086914,40.959999084472656,40.40599822998047,40.492000579833984,51978000,0.11124942528735633,GOOGL
2016-12-19,40.4640007019043,40.81100082397461,40.224998474121094,40.625,25272000,0.16944045801526716,GOOGL
2016-12-20,40.66849899291992,40.824501037597656,40.54999923706055,40.7599983215332,25438000,0.13255696202531647,GOOGL
2016-12-21,40.7859992980957,40.7859992980957,40.255001068115234,40.61000061035156,29192000,0.21220598290598294,GOOGL
2016-12-22,40.45500183105469,40.55350112915039,40.30149841308594,40.48400115966797,22632000,0.1310728,GOOGL
2016-12-23,40.4005012512207,40.548500061035156,40.25550079345703,40.38999938964844,15310000,0.19267974683544303,GOOGL
2016-12-27,40.433998107910156,40.79999923706055,40.290000915527344,40.496498107910156,19520000,0.22142612612612614,GOOGL
2016-12-28,40.666500091552734,40.666500091552734,40.12200164794922,40.22850036621094,24296000,0.13547254901960784,GOOGL
2016-12-29,40.11650085449219,40.287498474121094,39.90700149536133,40.14400100708008,21148000,0.12476516853932586,GOOGL
2016-12-30,40.160499572753906,40.16450119018555,39.48099899291992,39.622501373291016,34718000,0.041650476190476196,GOOGL
2017-01-03,40.03099822998047,40.571998596191406,39.84450149536133,40.4005012512207,39180000,0.2514841379310345,GOOGL
2017-01-04,40.49449920654297,40.67150115966797,40.205501556396484,40.38850021362305,30306000,0.1678607476635514,GOOGL
2017-01-05,40.375,40.6870002746582,40.29600143432617,40.6510009765625,26810000,0.150756875,GOOGL
2017-01-06,40.7495002746582,41.448001861572266,40.57500076293945,41.260501861572266,40342000,0.25196129032258063,GOOGL
2017-01-09,41.31850051879883,41.52149963378906,41.08100128173828,41.35900115966797,28178000,0.15474850299401197,GOOGL
2017-01-10,41.35350036621094,41.47050094604492,41.15700149536133,41.300498962402344,23948000,0.12327403314917126,GOOGL
2017-01-11,41.33100128173828,41.494998931884766,41.07350158691406,41.49300003051758,26508000,0.21749538461538462,GOOGL
2017-01-12,41.41899871826172,41.51900100708008,41.050498962402344,41.47650146484375,26990000,0.16050259740259742,GOOGL
2017-01-13,41.54999923706055,41.73249816894531,41.47600173950195,41.547000885009766,25804000,0.1981325581395349,GOOGL
2017-01-17,41.5,41.50899887084961,41.15999984741211,41.37300109863281,28818000,0.243112,GOOGL
2017-01-18,41.4900016784668,41.490501403808594,41.20399856567383,41.45100021362305,20554000,0.12201910112359551,GOOGL
2017-01-19,41.45000076293945,41.650001525878906,41.198001861572266,41.21849822998047,21410000,0.14128235294117647,GOOGL
2017-01-20,41.454498291015625,41.46200180053711,41.22999954223633,41.40850067138672,26124000,0.1311006711409396,GOOGL
2017-01-23,41.580501556396484,42.277000427246094,41.435001373291016,42.221500396728516,49148000,0.29626426229508196,GOOGL
2017-01-24,42.3489990234375,42.57600021362305,42.11399841308594,42.47650146484375,33768000,0.28123157894736844,GOOGL
2017-01-25,42.6775016784668,42.93949890136719,42.48699951171875,42.92250061035156,33108000,0.2145550925925926,GOOGL
2017-01-26,42.95249938964844,43.04999923706055,42.5260009765625,42.8489990234375,69866000,0.27135777777777775,GOOGL
2017-01-27,42.95000076293945,43.349998474121094,42.095001220703125,42.25149917602539,75050000,0.23788303249097476,GOOGL
2017-01-30,41.85300064086914,41.86149978637695,41.05149841308594,41.19150161743164,70338000,0.16404576923076922,GOOGL
2017-01-31,40.974998474121094,41.153499603271484,40.66999816894531,41.009498596191406,40404000,0.07742285714285715,GOOGL
2017-02-01,41.20000076293945,41.20000076293945,40.61249923706055,40.762001037597656,45020000,0.1921719576719577,GOOGL
2017-02-02,40.75,41.22800064086914,40.602500915527344,40.91299819946289,33784000,0.1383363184079602,GOOGL
2017-02-03,41.15650177001953,41.30649948120117,40.967498779296875,41.006500244140625,30562000,0.14477156862745097,GOOGL
2017-02-06,41.04600143432617,41.11949920654297,40.714500427246094,41.08100128173828,27018000,0.09365827814569537,GOOGL
2017-02-07,41.275001525878906,41.59600067138672,41.16450119018555,41.46149826049805,33332000,0.20689756097560974,GOOGL
2017-02-08,41.5265007019043,41.712501525878906,41.25550079345703,41.49399948120117,26044000,0.21049191176470589,GOOGL
2017-02-09,41.58649826049805,41.5989990234375,41.32500076293945,41.50299835205078,23884000,0.17749214285714285,GOOGL
2017-02-10,41.647499084472656,41.85749816894531,41.5255012512207,41.74250030517578,28302000,0.08823076923076924,GOOGL
2017-02-13,41.8849983215332,42.08700180053711,41.8125,41.948001861572266,25914000,0.22496275862068965,GOOGL
2017-02-14,41.98849868774414,42.099998474121094,41.791500091552734,42.00149917602539,27266000,0.18721040000000003,GOOGL
2017-02-15,41.94049835205078,42.0885009765625,41.81100082397461,41.86600112915039,27144000,0.15433798449612404,GOOGL
2017-02-16,41.92499923706055,42.134498596191406,41.862998962402344,42.10850143432617,20102000,0.1599051282051282,GOOGL
2017-02-17,42.06549835205078,42.34700012207031,41.98899841308594,42.32749938964844,29224000,0.2554423611111111,GOOGL
2017-02-21,42.39950180053711,42.61000061035156,42.32749938964844,42.4635009765625,25206000,0.29861044776119405,GOOGL
2017-02-22,42.400001525878906,42.68949890136719,42.33549880981445,42.56800079345703,24488000,0.22485,GOOGL
2017-02-23,42.55400085449219,42.63100051879883,42.125,42.54999923706055,27734000,0.16981504424778762,GOOGL
2017-02-24,42.38249969482422,42.417999267578125,42.14799880981445,42.390499114990234,26924000,0.0977410447761194,GOOGL
2017-02-27,42.247501373291016,42.53350067138672,42.1505012512207,42.48350143432617,20206000,0.18457573529411764,GOOGL
2017-02-28,42.36750030517578,42.44150161743164,42.071998596191406,42.246498107910156,27662000,0.17516264367816092,GOOGL
2017-03-01,42.569000244140625,42.900001525878906,42.45100021362305,42.837501525878906,36374000,0.18136685714285714,GOOGL
2017-03-02,42.81549835205078,42.824501037597656,42.43600082397461,42.49250030517578,25018000,0.08290384615384615,GOOGL
2017-03-03,42.446998596191406,42.54100036621094,42.23550033569336,42.45399856567383,20100000,0.15731869158878506,GOOGL
2017-03-06,42.34299850463867,42.446998596191406,42.05849838256836,42.36349868774414,20958000,0.15971487603305787,GOOGL
2017-03-07,42.362998962402344,42.666500091552734,42.2760009765625,42.557498931884766,20774000,0.1648640522875817,GOOGL
2017-03-08,42.65599822998047,42.846500396728516,42.5625,42.68199920654297,20576000,0.08852406417112299,GOOGL
2017-03-09,42.68450164794922,43.035499572753906,42.63349914550781,42.891998291015625,26954000,0.1806758241758242,GOOGL
2017-03-10,43.1349983215332,43.21149826049805,42.88050079345703,43.070499420166016,26732000,0.17800852713178295,GOOGL
2017-03-13,43.041500091552734,43.35649871826172,43.04100036621094,43.229000091552734,23332000,0.15266698113207547,GOOGL
2017-03-14,43.1875,43.37900161743164,43.006500244140625,43.295501708984375,21234000,0.10897246376811594,GOOGL
2017-03-15,43.39699935913086,43.49399948120117,43.064998626708984,43.419498443603516,26658000,0.24437083333333331,GOOGL
2017-03-16,43.5265007019043,43.635501861572266,43.375999450683594,43.5,22090000,0.11079024390243902,GOOGL
2017-03-17,43.683998107910156,43.72100067138672,43.41849899291992,43.618499755859375,37366000,0.14701167883211677,GOOGL
2017-03-20,43.4739990234375,43.516998291015625,43.23350143432617,43.39550018310547,30844000,0.20975140845070422,GOOGL
2017-03-21,43.50299835205078,43.673500061035156,42.384498596191406,42.50699996948242,50760000,0.1611025641025641,GOOGL
2017-03-22,42.4739990234375,42.76750183105469,42.349998474121094,42.4900016784668,27334000,0.1490145299145299,GOOGL
2017-03-23,42.06949996948242,42.08449935913086,41.650001525878906,41.98249816894531,65754000,0.0808176724137931,GOOGL
2017-03-24,42.099998474121094,42.20000076293945,41.45500183105469,41.75699996948242,42114000,0.09650052631578948,GOOGL
2017-03-27,41.40449905395508,42.069000244140625,41.21500015258789,41.925498962402344,38692000,0.12912597402597403,GOOGL
2017-03-28,41.984500885009766,42.27000045776367,41.61349868774414,42.03150177001953,30384000,0.17355962732919256,GOOGL
2017-03-29,42.13750076293945,42.579498291015625,42.069000244140625,42.493499755859375,29146000,0.10205,GOOGL
2017-03-30,42.5989990234375,42.599998474121094,42.3385009765625,42.4739990234375,18988000,0.20678181818181818,GOOGL
2017-03-31,42.34149932861328,42.47800064086914,42.262001037597656,42.38999938964844,28820000,0.18621186440677967,GOOGL
2017-04-03,42.4375,42.95000076293945,42.37649917602539,42.837501525878906,39388000,0.1873278787878788,GOOGL
2017-04-04,42.400001525878906,42.650001525878906,42.3754997253418,42.628501892089844,26970000,0.14830728155339806,GOOGL
2017-04-05,42.73550033569336,43.02949905395508,42.375999450683594,42.445499420166016,37104000,0.16752425742574256,GOOGL
2017-04-06,42.474998474121094,42.679500579833984,42.20000076293945,42.255001068115234,30672000,0.04264592592592593,GOOGL
2017-04-07,42.25,42.29399871826172,41.8650016784668,42.10499954223633,22232000,0.07501151515151516,GOOGL
2017-04-10,42.07699966430664,42.33700180053711,42.03950119018555,42.084999084472656,20924000,0.1604963503649635,GOOGL
2017-04-11,42.084999084472656,42.23149871826172,41.72999954223633,41.99399948120117,19486000,0.08422792792792792,GOOGL
2017-04-12,41.92300033569336,42.18600082397461,41.87950134277344,42.073001861572266,22716000,0.13605504587155964,GOOGL
2017-04-13,42.051998138427734,42.186500549316406,41.89250183105469,42.00899887084961,21474000,0.1585791666666667,GOOGL
2017-04-17,42.069000244140625,42.78200149536133,42.05149841308594,42.756500244140625,20982000,0.17141172413793104,GOOGL
2017-04-18,42.62699890136719,42.86949920654297,42.5625,42.699501037597656,18724000,0.2086230215827338,GOOGL
2017-04-19,42.86949920654297,43.0099983215332,42.67649841308594,42.82550048828125,21606000,0.1365769911504425,GOOGL
2017-04-20,42.98699951171875,43.19649887084961,42.875,43.00400161743164,23776000,0.24180731707317074,GOOGL
2017-04-21,43.03099822998047,43.12200164794922,42.88650131225586,42.9474983215332,23458000,0.12714166666666665,GOOGL
2017-04-24,43.422000885009766,43.99800109863281,43.30550003051758,43.94649887084961,33930000,0.1506122807017544,GOOGL
2017-04-25,44.112998962402344,44.61249923706055,43.9640007019043,44.44200134277344,40760000,0.18833531746031748,GOOGL
2017-04-26,44.56949996948242,44.64950180053711,44.25749969482422,44.457000732421875,26466000,0.2505211009174312,GOOGL
2017-04-27,44.5,44.66899871826172,44.35900115966797,44.571998596191406,46846000,0.30991964285714285,GOOGL
2017-04-28,46.45000076293945,46.79499816894531,46.1609992980957,46.22600173950195,76918000,0.2638928315412187,GOOGL
2017-05-01,46.20750045776367,46.79100036621094,46.040000915527344,46.64099884033203,46556000,0.2593644736842105,GOOGL
2017-05-02,46.66350173950195,47.14950180053711,46.54999923706055,46.85449981689453,35026000,0.2586353211009174,GOOGL
2017-05-03,46.8025016784668,47.5099983215332,46.760501861572266,47.42250061035156,36496000,0.2209525,GOOGL
2017-05-04,47.51449966430664,47.957000732421875,47.368499755859375,47.736000061035156,38752000,0.19910150753768846,GOOGL
2017-05-05,47.83599853515625,47.922000885009766,47.404998779296875,47.513999938964844,32310000,0.1780867724867725,GOOGL
2017-05-08,47.372501373291016,48.04949951171875,47.369998931884766,47.93450164794922,37534000,0.19000432432432435,GOOGL
2017-05-09,48.06650161743164,48.11000061035156,47.720001220703125,47.83549880981445,33758000,0.1499767123287671,GOOGL
2017-05-10,47.81100082397461,47.83549880981445,47.492000579833984,47.742000579833984,22920000,0.16277894736842105,GOOGL
2017-05-11,47.56449890136719,47.89950180053711,47.43050003051758,47.794498443603516,20622000,0.15400204081632654,GOOGL
2017-05-12,47.89250183105469,47.89899826049805,47.60300064086914,47.75699996948242,24298000,0.14365786163522012,GOOGL
2017-05-15,47.76449966430664,48.1349983215332,47.64099884033203,47.96099853515625,26754000,0.12582849162011175,GOOGL
2017-05-16,48.1775016784668,48.29499816894531,48.01750183105469,48.230499267578125,22030000,0.17498562874251497,GOOGL
2017-05-17,47.98500061035156,48.04949951171875,47.00299835205078,47.10850143432617,48982000,0.09088240740740741,GOOGL
2017-05-18,47.15999984741211,47.70899963378906,47.063499450683594,47.525001525878906,36010000,0.1320191616766467,GOOGL
2017-05-19,47.64099884033203,47.97800064086914,47.599998474121094,47.73249816894531,27206000,0.12968532608695654,GOOGL
2017-05-22,47.849998474121094,48.24100112915039,47.827999114990234,48.20349884033203,27748000,0.1641967320261438,GOOGL
2017-05-23,48.49800109863281,48.72549819946289,48.224998474121094,48.52750015258789,30908000,0.19618008130081302,GOOGL
2017-05-24,48.76300048828125,48.90599822998047,48.58150100708008,48.88050079345703,22660000,0.1799789156626506,GOOGL
2017-05-25,48.95000076293945,49.78900146484375,48.89099884033203,49.59299850463867,39082000,0.17252929292929295,GOOGL
2017-05-26,49.599998474121094,49.81949996948242,49.36800003051758,49.66350173950195,32728000,0.14377562724014337,GOOGL
2017-05-30,49.625,49.88100051879883,49.56800079345703,49.80849838256836,30324000,0.2262818181818182,GOOGL
2017-05-31,49.81050109863281,49.97999954223633,49.08399963378906,49.35449981689453,34482000,0.18436056910569104,GOOGL
2017-06-01,49.54800033569336,49.65700149536133,49.06449890136719,49.41450119018555,26128000,0.21863617021276596,GOOGL
2017-06-02,49.429500579833984,49.82400131225586,49.35350036621094,49.805999755859375,34710000,0.17441415525114154,GOOGL
2017-06-05,49.894500732421875,50.369998931884766,49.772499084472656,50.194000244140625,27578000,0.1779842857142857,GOOGL
2017-06-06,50.16550064086914,50.43050003051758,49.7400016784668,49.83399963378906,31042000,0.1557662447257384,GOOGL
2017-06-07,49.954498291015625,50.195499420166016,49.79349899291992,50.07500076293945,27482000,0.18406046511627908,GOOGL
2017-06-08,50.21149826049805,50.279998779296875,49.83100128173828,50.2140007019043,33758000,0.18797238805970148,GOOGL
2017-06-09,50.27450180053711,50.275001525878906,47.66849899291992,48.50600051879883,72958000,0.14711049562682216,GOOGL
2017-06-12,47.93600082397461,48.400001525878906,46.84000015258789,48.09049987792969,84042000,0.13279390681003586,GOOGL
2017-06-13,48.60200119018555,48.89550018310547,48.10049819946289,48.525001525878906,40108000,-0.016665625,GOOGL
2017-06-14,48.775001525878906,48.98500061035156,47.97549819946289,48.39649963378906,30110000,0.14155168539325844,GOOGL
2017-06-15,47.4010009765625,48.034000396728516,47.01850128173828,48.00899887084961,48552000,0.12964705882352942,GOOGL
2017-06-16,47.89550018310547,47.997501373291016,47.435001373291016,47.930999755859375,51184000,0.11792209302325583,GOOGL
2017-06-19,48.48249816894531,48.96500015258789,48.40999984741211,48.76100158691406,29376000,0.11637674418604652,GOOGL
2017-06-20,48.765499114990234,49.03950119018555,48.40999984741211,48.449501037597656,25946000,0.12953239436619718,GOOGL
2017-06-21,48.53950119018555,48.977500915527344,48.47249984741211,48.929500579833984,23232000,0.2256105633802817,GOOGL
2017-06-22,48.84349822998047,49.025001525878906,48.66550064086914,48.83100128173828,20190000,0.29213970588235294,GOOGL
2017-06-23,48.775001525878906,49.33100128173828,48.722999572753906,49.304500579833984,31280000,0.13276833333333332,GOOGL
2017-06-26,49.5,49.699501037597656,48.51649856567383,48.60449981689453,30358000,0.15579274809160307,GOOGL
2017-06-27,48.08000183105469,48.361000061035156,47.35449981689453,47.40449905395508,48872000,0.16351776859504133,GOOGL
2017-06-28,47.53300094604492,48.1619987487793,46.80799865722656,48.050498962402344,54912000,0.15554946996466432,GOOGL
2017-06-29,47.567501068115234,47.58300018310547,46.47999954223633,46.89099884033203,64134000,0.15342342342342344,GOOGL
2017-06-30,47.199501037597656,47.25,46.480499267578125,46.48400115966797,45754000,0.25141404494382025,GOOGL
2017-07-03,46.6609992980957,46.71200180053711,45.765499114990234,45.972999572753906,33896000,0.29773787234042554,GOOGL
2017-07-05,46.209999084472656,46.81449890136719,45.93149948120117,46.612998962402344,41882000,0.24194457831325303,GOOGL
2017-07-06,46.25,46.80699920654297,45.99250030517578,46.384498596191406,40298000,0.2277949579831933,GOOGL
2017-07-07,46.54949951171875,47.233001708984375,46.489498138427734,47.04050064086914,33266000,0.3873017647058824,GOOGL
2017-07-10,47.09749984741211,47.65650177001953,47.09749984741211,47.54999923706055,29030000,0.29046037735849056,GOOGL
2017-07-11,47.5260009765625,47.74449920654297,47.25600051879883,47.67649841308594,29224000,0.3274891191709845,GOOGL
2017-07-12,48.042999267578125,48.48149871826172,47.85200119018555,48.382999420166016,32042000,0.27284752851711025,GOOGL
2017-07-13,48.540000915527344,48.935001373291016,48.2400016784668,48.442501068115234,30492000,0.259751,GOOGL
2017-07-14,48.70000076293945,48.87699890136719,48.50749969482422,48.84550094604492,21592000,0.3349813186813187,GOOGL
2017-07-17,48.816001892089844,49.16749954223633,48.540000915527344,48.79800033569336,33210000,0.1569343949044586,GOOGL
2017-07-18,48.667999267578125,49.54249954223633,48.60200119018555,49.34749984741211,28266000,0.22524038461538462,GOOGL
2017-07-19,49.5004997253418,49.779998779296875,49.35049819946289,49.63850021362305,28242000,0.31000785340314135,GOOGL
2017-07-20,49.849998474121094,49.933998107910156,49.23099899291992,49.609500885009766,28368000,0.32613349514563106,GOOGL
2017-07-21,49.45000076293945,49.75550079345703,49.208499908447266,49.69200134277344,29266000,0.33204655172413794,GOOGL
2017-07-24,49.70500183105469,50.30950164794922,49.51350021362305,49.91550064086914,79690000,0.31655758354755786,GOOGL
2017-07-25,48.53499984741211,48.83649826049805,48.189998626708984,48.451499938964844,118672000,0.2861668154761905,GOOGL
2017-07-26,48.638999938964844,48.6974983215332,48.01150131225586,48.265499114990234,44432000,0.3667283911671924,GOOGL
2017-07-27,48.45899963378906,48.47600173950195,46.85300064086914,47.6254997253418,74358000,0.321394578313253,GOOGL
2017-07-28,47.39950180053711,48.089500427246094,47.265499114990234,47.916500091552734,36276000,0.24337381974248926,GOOGL
2017-07-31,48.0,48.05950164794922,47.08649826049805,47.275001525878906,45670000,0.1118581081081081,GOOGL
2017-08-01,47.390499114990234,47.7244987487793,47.24800109863281,47.327999114990234,28052000,0.25058453038674033,GOOGL
2017-08-02,47.41849899291992,47.45500183105469,46.625999450683594,47.38199996948242,40788000,0.24696363636363639,GOOGL
2017-08-03,47.45500183105469,47.5,46.97200012207031,47.01499938964844,22478000,0.30675862068965515,GOOGL
2017-08-04,47.1974983215332,47.37699890136719,46.9900016784668,47.28950119018555,25092000,0.2713063953488372,GOOGL
2017-08-07,47.375999450683594,47.448001861572266,47.17499923706055,47.287498474121094,28916000,0.2390305,GOOGL
2017-08-08,47.214500427246094,47.6245002746582,47.124000549316406,47.20949935913086,30102000,0.155841,GOOGL
2017-08-09,46.92250061035156,47.1879997253418,46.69599914550781,47.00400161743164,28018000,0.20762415730337078,GOOGL
2017-08-10,46.75,46.814998626708984,46.0890007019043,46.179500579833984,54148000,0.22359529914529916,GOOGL
2017-08-11,46.18550109863281,46.667999267578125,46.06100082397461,46.50450134277344,32334000,0.14406814159292033,GOOGL
2017-08-14,46.95349884033203,47.051998138427734,46.7244987487793,46.94649887084961,23012000,0.23693656387665196,GOOGL
2017-08-15,47.05149841308594,47.153499603271484,46.832000732421875,46.90399932861328,22130000,0.31491542288557217,GOOGL
2017-08-16,47.0625,47.494998931884766,47.00199890136719,47.2135009765625,26906000,0.2959597285067873,GOOGL
2017-08-17,47.147499084472656,47.19049835205078,46.38199996948242,46.382999420166016,33914000,0.24107703349282297,GOOGL
2017-08-18,46.3489990234375,46.55099868774414,46.17250061035156,46.308998107910156,26748000,0.2715491124260355,GOOGL
2017-08-21,46.28850173950195,46.412498474121094,45.93000030517578,46.04349899291992,26024000,0.2936779761904762,GOOGL
2017-08-22,46.347999572753906,47.097999572753906,46.30849838256836,47.02000045776367,35502000,0.34197848101265826,GOOGL
2017-08-23,46.849998474121094,47.27149963378906,46.762001037597656,47.12900161743164,22690000,0.15484910714285713,GOOGL
2017-08-24,47.18550109863281,47.31549835205078,46.5369987487793,46.84450149536133,25892000,0.2117198830409357,GOOGL
2017-08-25,46.96049880981445,47.0364990234375,46.505001068115234,46.525001525878906,23746000,0.06798566433566433,GOOGL
2017-08-28,46.59400177001953,46.74250030517578,46.30550003051758,46.40650177001953,20988000,0.11110769230769231,GOOGL
2017-08-29,45.997501373291016,46.90950012207031,45.96549987792969,46.787498474121094,23172000,0.17791886792452832,GOOGL
2017-08-30,46.78350067138672,47.292999267578125,46.70249938964844,47.18149948120117,22406000,0.24801822222222222,GOOGL
2017-08-31,47.314998626708984,47.86000061035156,47.3125,47.762001037597656,33866000,0.2680224598930481,GOOGL
2017-09-01,47.87350082397461,47.916500091552734,47.513999938964844,47.5994987487793,20858000,0.2991361445783133,GOOGL
2017-09-05,47.34299850463867,47.56949996948242,46.779998779296875,47.07400131225586,29148000,0.3212432098765432,GOOGL
2017-09-06,47.19350051879883,47.224998474121094,46.63399887084961,47.10100173950195,27830000,0.294103164556962,GOOGL
2017-09-07,47.212501525878906,47.525001525878906,46.87649917602539,47.49449920654297,22332000,0.3147263888888889,GOOGL
2017-09-08,47.48500061035156,47.53499984741211,47.0004997253418,47.070499420166016,19998000,0.2844680672268908,GOOGL
2017-09-11,47.36000061035156,47.63399887084961,47.04999923706055,47.16450119018555,26748000,0.196586,GOOGL
2017-09-12,47.34600067138672,47.40449905395508,46.875,47.33250045776367,25696000,0.15886842105263158,GOOGL
2017-09-13,47.275001525878906,47.64250183105469,47.23699951171875,47.52199935913086,21908000,0.20869679144385025,GOOGL
2017-09-14,47.29999923706055,47.4015007019043,46.917999267578125,47.006500244140625,28548000,0.21562620087336243,GOOGL
2017-09-15,47.00450134277344,47.087501525878906,46.5625,46.76449966430664,39886000,0.24819320388349514,GOOGL
2017-09-18,46.7504997253418,46.84299850463867,46.27000045776367,46.48749923706055,29474000,0.20688383458646617,GOOGL
2017-09-19,46.670501708984375,46.89699935913086,46.33300018310547,46.84299850463867,24854000,0.3380245714285714,GOOGL
2017-09-20,46.88650131225586,47.5,46.875,47.37699890136719,40080000,0.25489484536082474,GOOGL
2017-09-21,47.40650177001953,47.63999938964844,46.96900177001953,47.377498626708984,27414000,0.2466586885245902,GOOGL
2017-09-22,47.13850021362305,47.5,47.04199981689453,47.16299819946289,21496000,0.2546342857142857,GOOGL
2017-09-25,46.97249984741211,46.98749923706055,46.22549819946289,46.7140007019043,37468000,0.2042219827586207,GOOGL
2017-09-26,46.83449935913086,47.20399856567383,46.75600051879883,46.871498107910156,33454000,0.22476958762886598,GOOGL
2017-09-27,47.137001037597656,48.27149963378906,47.09749984741211,47.994998931884766,46692000,0.25623860182370817,GOOGL
2017-09-28,47.8125,48.308998107910156,47.77750015258789,48.240501403808594,28018000,0.34687584541062805,GOOGL
2017-09-29,48.29999923706055,48.79050064086914,48.29999923706055,48.68600082397461,40622000,0.2623438144329897,GOOGL
2017-10-02,48.782501220703125,48.887001037597656,48.09749984741211,48.37350082397461,30782000,0.2991742857142857,GOOGL
2017-10-03,48.37799835205078,48.62200164794922,48.135501861572266,48.604000091552734,21666000,0.2882720472440945,GOOGL
2017-10-04,48.5880012512207,48.720001220703125,48.28049850463867,48.3390007019043,21156000,0.20726605504587156,GOOGL
2017-10-05,48.63949966430664,49.32550048828125,48.51350021362305,49.259498596191406,35618000,0.2065873278236915,GOOGL
2017-10-06,49.0,49.7130012512207,48.925498962402344,49.68199920654297,31060000,0.2533834532374101,GOOGL
2017-10-09,49.75,50.02299880981445,49.57500076293945,49.615501403808594,25910000,0.23917971530249113,GOOGL
2017-10-10,49.76499938964844,49.87350082397461,49.05550003051758,49.38999938964844,23268000,0.23203686635944704,GOOGL
2017-10-11,49.45199966430664,50.378501892089844,49.39699935913086,50.282501220703125,36300000,0.2929,GOOGL
2017-10-12,50.19200134277344,50.57699966430664,50.05500030517578,50.282501220703125,30614000,0.2856709016393443,GOOGL
2017-10-13,50.455501556396484,50.737998962402344,50.35300064086914,50.39350128173828,26552000,0.34528732394366196,GOOGL
2017-10-16,50.48149871826172,50.599998474121094,50.07600021362305,50.467498779296875,21420000,0.3294810650887574,GOOGL
2017-10-17,50.37200164794922,50.72800064086914,50.3025016784668,50.54999923706055,20260000,0.33112364532019706,GOOGL
2017-10-18,50.5525016784668,50.81549835205078,50.26599884033203,50.637001037597656,25596000,0.25568174904942964,GOOGL
2017-10-19,50.23749923706055,50.36600112915039,49.8650016784668,50.09199905395508,34284000,0.24844363636363637,GOOGL
2017-10-20,50.352500915527344,50.432498931884766,50.11349868774414,50.253501892089844,32120000,0.35963892857142854,GOOGL
2017-10-23,50.25899887084961,50.28950119018555,49.154998779296875,49.277000427246094,32786000,0.20586981132075474,GOOGL
2017-10-24,49.32500076293945,49.4630012512207,48.854000091552734,49.42449951171875,28902000,0.3021781914893617,GOOGL
2017-10-25,49.313499450683594,49.721500396728516,48.88600158691406,49.573001861572266,30574000,0.2639180412371134,GOOGL
2017-10-26,49.923500061035156,50.32550048828125,49.52349853515625,49.57099914550781,47396000,0.36648370967741933,GOOGL
2017-10-27,51.54949951171875,53.180999755859375,51.342498779296875,51.68349838256836,103682000,0.28809258698941,GOOGL
2017-10-30,51.45800018310547,51.99150085449219,51.11650085449219,51.65650177001953,46804000,0.21156938775510206,GOOGL
2017-10-31,51.650001525878906,52.04999923706055,51.314998626708984,51.652000427246094,30326000,0.3330648829431438,GOOGL
2017-11-01,51.816001892089844,52.393001556396484,51.70000076293945,52.130001068115234,43262000,0.2692878504672897,GOOGL
2017-11-02,51.9995002746582,52.2760009765625,51.43299865722656,52.14849853515625,26694000,0.29233750000000003,GOOGL
2017-11-03,52.13750076293945,52.53300094604492,51.88249969482422,52.4995002746582,27770000,0.24985530726256983,GOOGL
2017-11-06,52.45500183105469,52.62950134277344,52.099998474121094,52.13399887084961,18294000,0.3278155555555555,GOOGL
2017-11-07,52.48249816894531,52.670501708984375,52.150001525878906,52.61949920654297,26104000,0.20881255060728746,GOOGL
2017-11-08,52.502498626708984,53.134498596191406,52.352500915527344,52.91450119018555,24276000,0.16954747899159664,GOOGL
2017-11-09,52.400001525878906,52.54399871826172,51.79249954223633,52.38600158691406,35892000,0.11001843971631206,GOOGL
2017-11-10,52.19350051879883,52.33150100708008,52.06100082397461,52.20750045776367,19442000,0.25760285714285713,GOOGL
2017-11-13,52.040000915527344,52.4370002746582,51.9630012512207,52.060001373291016,18814000,0.10555766423357665,GOOGL
2017-11-14,51.88600158691406,52.1150016784668,51.46649932861328,52.082000732421875,21012000,0.2836319018404908,GOOGL
2017-11-15,51.75,51.98149871826172,51.53799819946289,51.820499420166016,18106000,0.2844798780487805,GOOGL
2017-11-16,51.9375,52.5880012512207,51.900001525878906,52.423500061035156,23768000,0.2957021739130435,GOOGL
2017-11-17,52.4900016784668,52.54999923706055,51.686500549316406,51.794498443603516,26712000,0.2566821428571429,GOOGL
2017-11-20,51.79999923706055,51.935001373291016,51.63399887084961,51.733001708984375,17526000,0.292795,GOOGL
2017-11-21,52.00199890136719,52.519500732421875,51.957000732421875,52.51499938964844,22206000,0.31404559585492225,GOOGL
2017-11-22,52.55799865722656,52.77149963378906,52.36249923706055,52.59600067138672,14538000,0.2529497512437811,GOOGL
2017-11-24,52.71950149536133,53.003501892089844,52.59600067138672,52.82600021362305,16492000,0.19737862595419847,GOOGL
2017-11-27,52.92850112915039,53.652000427246094,52.73849868774414,53.60049819946289,35430000,0.36849369369369367,GOOGL
2017-11-28,53.699501037597656,54.0,52.72700119018555,53.16450119018555,36424000,0.15261054852320677,GOOGL
2017-11-29,52.808998107910156,52.938499450683594,51.48249816894531,51.86899948120117,55866000,0.00901318681318681,GOOGL
2017-11-30,51.99700164794922,52.207000732421875,51.503501892089844,51.80849838256836,45092000,0.15042790697674419,GOOGL
2017-12-01,51.52050018310547,51.86199951171875,50.845001220703125,51.253501892089844,37762000,0.16451492537313434,GOOGL
2017-12-04,51.38999938964844,51.56700134277344,50.46099853515625,50.59349822998047,38778000,0.22335930735930737,GOOGL
2017-12-05,50.54949951171875,51.83399963378906,50.11600112915039,50.97999954223633,38998000,0.2612027777777778,GOOGL
2017-12-06,50.82600021362305,51.979000091552734,50.765499114990234,51.63600158691406,28710000,0.26871339285714285,GOOGL
2017-12-07,51.80350112915039,52.44599914550781,51.768001556396484,52.22850036621094,30866000,0.40043201754385965,GOOGL
2017-12-08,52.59049987792969,52.82099914550781,52.292999267578125,52.46900177001953,31170000,0.3153616379310345,GOOGL
2017-12-11,52.55550003051758,52.79999923706055,52.20600128173828,52.5984992980957,23254000,0.4215300751879699,GOOGL
2017-12-12,52.5,53.125,52.243499755859375,52.438499450683594,33882000,0.333009696969697,GOOGL
2017-12-13,52.604000091552734,52.77399826049805,52.32899856567383,52.56949996948242,27680000,0.37676497175141244,GOOGL
2017-12-14,52.77450180053711,53.354000091552734,52.68000030517578,52.87350082397461,30962000,0.3010622641509434,GOOGL
2017-12-15,53.18899917602539,53.76250076293945,53.00450134277344,53.599998474121094,63760000,0.36734,GOOGL
2017-12-18,53.8224983215332,54.324501037597656,53.51850128173828,54.25450134277344,30292000,0.3565010416666667,GOOGL
2017-12-19,54.1510009765625,54.24850082397461,53.61349868774414,53.98899841308594,26350000,0.36105116279069766,GOOGL
2017-12-20,54.04600143432617,54.061500549316406,53.43000030517578,53.678001403808594,28728000,0.4191918918918919,GOOGL
2017-12-21,53.769500732421875,53.875999450683594,53.45000076293945,53.54249954223633,25640000,0.29886857142857143,GOOGL
2017-12-22,53.5,53.58599853515625,53.38199996948242,53.44300079345703,17788000,0.29823105022831053,GOOGL
2017-12-26,53.43199920654297,53.44300079345703,52.93199920654297,53.29249954223633,18376000,0.38495671641791046,GOOGL
2017-12-27,53.33000183105469,53.41350173950195,52.91899871826172,53.0099983215332,22324000,0.3019055944055944,GOOGL
2017-12-28,53.11249923706055,53.242000579833984,52.66899871826172,52.79750061035156,19884000,0.333983552631579,GOOGL
2017-12-29,52.77450180053711,52.90250015258789,52.6349983215332,52.66999816894531,23606000,0.2959012987012987,GOOGL
2018-01-02,52.6510009765625,53.79899978637695,52.6510009765625,53.660499572753906,31766000,0.19166666666666668,GOOGL
2018-01-03,53.69649887084961,54.80500030517578,53.67150115966797,54.57600021362305,31318000,0.2210719576719577,GOOGL
2018-01-04,54.85449981689453,55.20399856567383,54.7130012512207,54.78799819946289,26052000,0.20526666666666668,GOOGL
2018-01-05,55.17250061035156,55.67900085449219,55.09000015258789,55.51449966430664,30250000,0.29380409836065574,GOOGL
2018-01-08,55.54999923706055,55.95800018310547,55.5,55.71049880981445,24644000,0.32379090909090913,GOOGL
2018-01-09,55.922000885009766,55.922000885009766,55.40999984741211,55.63949966430664,26808000,0.1747452830188679,GOOGL
2018-01-10,55.349998474121094,55.638999938964844,55.19900131225586,55.50699996948242,20734000,0.29745844155844153,GOOGL
2018-01-11,55.615501403808594,55.74250030517578,55.32400131225586,55.602500915527344,22424000,0.255941975308642,GOOGL
2018-01-12,55.505001068115234,56.564998626708984,55.4005012512207,56.532501220703125,38586000,0.2630943396226415,GOOGL
2018-01-16,57.015499114990234,57.444000244140625,56.33300018310547,56.53499984741211,36462000,0.27070238095238097,GOOGL
2018-01-17,56.81800079345703,56.965999603271484,56.17449951171875,56.95500183105469,27830000,0.22478560000000003,GOOGL
2018-01-18,56.967498779296875,57.02949905395508,56.222999572753906,56.798500061035156,27498000,0.3030776649746193,GOOGL
2018-01-19,56.9015007019043,57.18899917602539,56.625,57.17499923706055,30552000,0.2915397129186603,GOOGL
2018-01-22,57.191001892089844,58.34400177001953,57.090999603271484,58.20800018310547,29550000,0.3474171548117155,GOOGL
2018-01-23,58.53099822998047,58.925498962402344,58.36249923706055,58.80849838256836,39138000,0.2576437751004016,GOOGL
2018-01-24,59.249000549316406,59.352500915527344,58.369998931884766,58.56449890136719,37128000,0.21105314009661838,GOOGL
2018-01-25,59.035499572753906,59.25,58.59199905395508,59.106998443603516,29984000,0.24003664596273291,GOOGL
2018-01-26,59.37649917602539,59.37799835205078,58.4015007019043,59.37799835205078,42170000,0.14567720207253887,GOOGL
2018-01-29,59.400001525878906,59.900001525878906,59.202999114990234,59.32400131225586,31494000,0.2826576802507837,GOOGL
2018-01-30,58.88600158691406,59.39649963378906,58.72549819946289,58.868499755859375,37338000,0.31728875,GOOGL
2018-01-31,59.19049835205078,59.316001892089844,58.60499954223633,59.111000061035156,36022000,0.35814210526315793,GOOGL
2018-02-01,58.79949951171875,59.372501373291016,58.46799850463867,59.079498291015625,73514000,0.20484409317803662,GOOGL
2018-02-02,56.37099838256836,56.564998626708984,55.55849838256836,55.959999084472656,117842000,0.23949782608695652,GOOGL
2018-02-05,55.03049850463867,55.7495002746582,52.83700180053711,53.11949920654297,83550000,0.22765697674418606,GOOGL
2018-02-06,51.69900131225586,54.36899948120117,51.5004997253418,54.221500396728516,76630000,0.28875254237288134,GOOGL
2018-02-07,54.24850082397461,54.326499938964844,52.73099899291992,52.77050018310547,51942000,0.20953636363636363,GOOGL
2018-02-08,52.993499755859375,53.19649887084961,50.23500061035156,50.385501861572266,66792000,0.25810297872340426,GOOGL
2018-02-09,51.29399871826172,52.58599853515625,49.849998474121094,52.313499450683594,98360000,0.20047152777777777,GOOGL
2018-02-12,52.833499908447266,53.278499603271484,52.27450180053711,52.72800064086914,56240000,0.27763366336633666,GOOGL
2018-02-13,52.5,53.06100082397461,52.34600067138672,52.707000732421875,31586000,0.2586486910994764,GOOGL
2018-02-14,52.715999603271484,53.77349853515625,52.4900016784668,53.6349983215332,41304000,0.1655187165775401,GOOGL
2018-02-15,54.17250061035156,54.70500183105469,53.36149978637695,54.56800079345703,37396000,0.16406117021276595,GOOGL
2018-02-16,54.66899871826172,55.41550064086914,54.57749938964844,54.775001525878906,39948000,0.16198192771084338,GOOGL
2018-02-20,54.63800048828125,55.81449890136719,54.5,55.179500579833984,33754000,0.1979021739130435,GOOGL
2018-02-21,55.45500183105469,56.810001373291016,55.3754997253418,55.6875,41486000,0.23877671232876713,GOOGL
2018-02-22,55.958499908447266,56.27299880981445,55.25749969482422,55.494998931884766,28010000,0.2615433526011561,GOOGL
2018-02-23,55.93299865722656,56.45000076293945,55.422000885009766,56.40449905395508,25292000,0.2827313253012048,GOOGL
2018-02-26,56.59299850463867,57.209999084472656,56.46699905395508,57.185001373291016,30912000,0.26584630541871923,GOOGL
2018-02-27,57.185001373291016,57.212501525878906,55.839500427246094,55.8754997253418,42964000,0.30162287234042556,GOOGL
2018-02-28,56.099998474121094,56.38249969482422,55.150001525878906,55.19599914550781,49292000,0.24886466666666668,GOOGL
2018-03-01,55.47700119018555,55.563499450683594,53.364498138427734,53.570499420166016,55338000,0.10102209302325582,GOOGL
2018-03-02,52.89899826049805,54.34450149536133,52.50550079345703,54.207000732421875,50162000,0.11473481012658228,GOOGL
2018-03-05,53.90650177001953,55.058998107910156,53.61349868774414,54.737998962402344,28648000,0.18663401360544216,GOOGL
2018-03-06,55.10499954223633,55.28150177001953,54.724998474121094,55.04499816894531,23382000,0.22217898550724638,GOOGL
2018-03-07,54.64099884033203,55.810001373291016,54.49549865722656,55.75199890136719,30748000,0.16520709677419354,GOOGL
2018-03-08,55.86000061035156,56.571998596191406,55.86000061035156,56.46900177001953,33862000,0.19796333333333335,GOOGL
2018-03-09,56.974998474121094,58.04999923706055,56.714500427246094,58.04199981689453,42662000,0.18785580110497238,GOOGL
2018-03-12,58.252498626708984,58.90800094604492,57.959999084472656,58.29650115966797,44306000,0.23855179487179487,GOOGL
2018-03-13,58.59149932861328,58.900001525878906,56.72850036621094,56.99549865722656,43140000,0.2362995,GOOGL
2018-03-14,57.290000915527344,57.987998962402344,57.11750030517578,57.44449996948242,41870000,0.04014223602484472,GOOGL
2018-03-15,57.47850036621094,58.125,56.78300094604492,57.53049850463867,33382000,0.15656774193548387,GOOGL
2018-03-16,57.76750183105469,57.84049987792969,56.56800079345703,56.72100067138672,58656000,0.31296848484848483,GOOGL
2018-03-19,55.88800048828125,55.96849822998047,54.44599914550781,55.003501892089844,63656000,0.17825801282051282,GOOGL
2018-03-20,54.91999816894531,55.27750015258789,54.12099838256836,54.790000915527344,54598000,0.1815877604166667,GOOGL
2018-03-21,54.628501892089844,55.435001373291016,54.36050033569336,54.70000076293945,44898000,0.27638032786885247,GOOGL
2018-03-22,54.0004997253418,54.19599914550781,52.481998443603516,52.657501220703125,69312000,0.12392741312741314,GOOGL
2018-03-23,52.56850051879883,53.3390007019043,51.243499755859375,51.32749938964844,49880000,0.12300594594594595,GOOGL
2018-03-26,52.529998779296875,52.9635009765625,50.52899932861328,52.704498291015625,65984000,0.1326515580736544,GOOGL
2018-03-27,53.19499969482422,53.22700119018555,49.88100051879883,50.34700012207031,60816000,0.14881752577319587,GOOGL
2018-03-28,50.09550094604492,51.2495002746582,49.20000076293945,50.25899887084961,77698000,0.16496940298507462,GOOGL
2018-03-29,50.56050109863281,52.40250015258789,50.20199966430664,51.856998443603516,69338000,0.16766616541353385,GOOGL
2018-04-02,51.38100051879883,51.97650146484375,49.712501525878906,50.631500244140625,65068000,0.03275495495495496,GOOGL
2018-04-03,50.807498931884766,51.25,49.86249923706055,50.933998107910156,51322000,0.1915664179104478,GOOGL
2018-04-04,49.9114990234375,51.637001037597656,49.82550048828125,51.48550033569336,50724000,0.1636083044982699,GOOGL
2018-04-05,52.31949996948242,52.33549880981445,51.20000076293945,51.63199996948242,35836000,0.21141690140845068,GOOGL
2018-04-06,51.154998779296875,51.79999923706055,50.3125,50.497501373291016,40134000,0.2661604166666667,GOOGL
2018-04-09,51.00199890136719,52.22949981689453,50.959999084472656,51.00450134277344,33220000,0.23268839779005523,GOOGL
2018-04-10,51.51300048828125,52.06050109863281,50.77050018310547,51.82500076293945,36620000,0.167119926199262,GOOGL
2018-04-11,51.599998474121094,51.79349899291992,50.959999084472656,51.25299835205078,34060000,0.2916348623853211,GOOGL
2018-04-12,51.57350158691406,52.23249816894531,51.3025016784668,51.864498138427734,32896000,0.22048212765957445,GOOGL
2018-04-13,52.34450149536133,52.64899826049805,51.50749969482422,51.801998138427734,25410000,0.2682663414634146,GOOGL
2018-04-16,52.27750015258789,52.57149887084961,51.69599914550781,52.30500030517578,29776000,0.3506222891566265,GOOGL
2018-04-17,53.060001373291016,54.25,52.85449981689453,53.96799850463867,54584000,0.2926109589041096,GOOGL
2018-04-18,53.95050048828125,54.099998474121094,53.5260009765625,53.769500732421875,31126000,0.20915317919075146,GOOGL
2018-04-19,53.45100021362305,54.8754997253418,53.45100021362305,54.47249984741211,39884000,0.20736276150627614,GOOGL
2018-04-20,54.2135009765625,54.73749923706055,53.60499954223633,53.86600112915039,42434000,0.25738899082568806,GOOGL
2018-04-23,54.14899826049805,54.400001525878906,53.33399963378906,53.69049835205078,69590000,0.31053413705583754,GOOGL
2018-04-24,52.959999084472656,53.2244987487793,50.643001556396484,51.13199996948242,128220000,0.1743847389558233,GOOGL
2018-04-25,51.48749923706055,51.80350112915039,50.85049819946289,51.14950180053711,57860000,0.14734189526184538,GOOGL
2018-04-26,51.6609992980957,52.60100173950195,51.022499084472656,52.16550064086914,50926000,0.21422100840336133,GOOGL
2018-04-27,52.277000427246094,52.584999084472656,51.37950134277344,51.5724983215332,40746000,0.29835859375,GOOGL
2018-04-30,51.72100067138672,51.91849899291992,50.915000915527344,50.92900085449219,34492000,0.31973913043478264,GOOGL
2018-05-01,50.814998626708984,52.08649826049805,50.53049850463867,52.037498474121094,35326000,0.3061115577889447,GOOGL
2018-05-02,51.70000076293945,52.19900131225586,51.15800094604492,51.3025016784668,34698000,0.27403507462686566,GOOGL
2018-05-03,51.26850128173828,51.53450012207031,50.394500732421875,51.314998626708984,39282000,0.22559583333333333,GOOGL
2018-05-04,50.980499267578125,52.59400177001953,50.90250015258789,52.54999923706055,36892000,0.25624886877828057,GOOGL
2018-05-07,52.69449996948242,53.25,52.51350021362305,52.972999572753906,34400000,0.3273969230769231,GOOGL
2018-05-08,53.23099899291992,53.26150131225586,52.582000732421875,52.929500579833984,26030000,0.23360398230088494,GOOGL
2018-05-09,53.20500183105469,54.70000076293945,53.105499267578125,54.4474983215332,47160000,0.2355304498269896,GOOGL
2018-05-10,54.75,55.47050094604492,54.694000244140625,55.27349853515625,36414000,0.25612435233160624,GOOGL
2018-05-11,55.02050018310547,55.45050048828125,54.861000061035156,55.16899871826172,30504000,0.30971348837209306,GOOGL
2018-05-14,55.278499603271484,55.907501220703125,55.2400016784668,55.33000183105469,39338000,0.26881802325581394,GOOGL
2018-05-15,54.845001220703125,54.95600128173828,53.93899917602539,54.243499755859375,35738000,0.33180406976744187,GOOGL
2018-05-16,54.25450134277344,54.71900177001953,54.08150100708008,54.204498291015625,25628000,0.3987716312056737,GOOGL
2018-05-17,54.073001861572266,54.54999923706055,53.82099914550781,54.0629997253418,25738000,0.25033227513227513,GOOGL
2018-05-18,53.29999923706055,53.686500549316406,53.23400115966797,53.481998443603516,35482000,0.15718701923076925,GOOGL
2018-05-21,53.95000076293945,54.665000915527344,53.900001525878906,54.20050048828125,25180000,0.22023155339805825,GOOGL
2018-05-22,54.4900016784668,54.59000015258789,53.612998962402344,53.765499114990234,22226000,0.295447972972973,GOOGL
2018-05-23,53.5,54.400001525878906,53.347999572753906,54.29800033569336,23740000,0.35506547619047624,GOOGL
2018-05-24,54.345001220703125,54.35599899291992,53.6150016784668,54.272499084472656,20604000,0.22889732142857144,GOOGL
2018-05-25,54.32749938964844,54.47850036621094,54.130001068115234,54.20399856567383,22224000,0.26717885714285716,GOOGL
2018-05-29,53.79999923706055,54.06700134277344,53.15399932861328,53.403499603271484,36076000,0.27122897727272727,GOOGL
2018-05-30,53.67399978637695,53.949501037597656,53.32749938964844,53.87350082397461,28686000,0.3279101123595506,GOOGL
2018-05-31,54.099998474121094,55.5,53.900001525878906,55.0,79368000,0.26152554347826085,GOOGL
2018-06-01,55.64350128173828,56.90800094604492,55.60049819946289,56.75,63202000,0.20368461538461538,GOOGL
2018-06-04,56.92499923706055,57.893001556396484,56.849998474121094,57.652000427246094,44754000,0.3265042372881356,GOOGL
2018-06-05,57.733001708984375,58.05500030517578,57.37300109863281,57.55099868774414,32964000,0.29273787234042553,GOOGL
2018-06-06,57.63850021362305,57.73550033569336,56.816001892089844,57.34749984741211,34934000,0.15999528301886795,GOOGL
2018-06-07,57.229000091552734,57.29349899291992,56.305999755859375,56.72100067138672,36108000,0.22088274336283187,GOOGL
2018-06-08,56.56050109863281,56.93899917602539,56.1614990234375,56.635501861572266,27284000,0.27006161616161617,GOOGL
2018-06-11,56.64699935913086,57.387001037597656,56.56999969482422,57.04499816894531,24796000,0.32353703703703707,GOOGL
2018-06-12,57.05099868774414,57.4375,57.05099868774414,57.40950012207031,26092000,0.2766203389830509,GOOGL
2018-06-13,57.61399841308594,57.78200149536133,57.16899871826172,57.21149826049805,34302000,0.2856945833333333,GOOGL
2018-06-14,57.61050033569336,58.29949951171875,57.529998779296875,58.00550079345703,35422000,0.29233511450381683,GOOGL
2018-06-15,57.99599838256836,58.195499420166016,57.68450164794922,57.9635009765625,44438000,0.2837609625668449,GOOGL
2018-06-18,57.634498596191406,59.20650100708008,57.54999923706055,59.17900085449219,33038000,0.22209950248756222,GOOGL
2018-06-19,58.50550079345703,59.140499114990234,58.080501556396484,58.93450164794922,47282000,0.3216425,GOOGL
2018-06-20,59.165000915527344,60.074501037597656,59.10150146484375,59.20349884033203,51686000,0.2896026865671642,GOOGL
2018-06-21,59.2755012512207,59.51649856567383,58.17399978637695,58.47200012207031,44966000,0.29997843137254904,GOOGL
2018-06-22,58.574501037597656,58.75,57.98249816894531,58.464500427246094,34220000,0.3104598870056497,GOOGL
2018-06-25,57.75,57.79949951171875,55.994998931884766,56.9640007019043,57682000,0.274314347826087,GOOGL
2018-06-26,57.207000732421875,57.34349822998047,56.45000076293945,56.63100051879883,34688000,0.2913505376344086,GOOGL
2018-06-27,56.79999923706055,57.31050109863281,55.834999084472656,55.84700012207031,34538000,0.25229117647058824,GOOGL
2018-06-28,55.61949920654297,56.70000076293945,55.30350112915039,56.3390007019043,29726000,0.2789218579234973,GOOGL
2018-06-29,56.615501403808594,57.06800079345703,56.35100173950195,56.45949935913086,31562000,0.3085783439490446,GOOGL
2018-07-02,55.76750183105469,57.14950180053711,55.33000183105469,57.105499267578125,23216000,0.32542841530054645,GOOGL
2018-07-03,57.47100067138672,57.49549865722656,55.721500396728516,55.81399917602539,16448000,0.2861622754491018,GOOGL
2018-07-05,56.22999954223633,57.207000732421875,56.15599822998047,57.06449890136719,28594000,0.28406040609137057,GOOGL
2018-07-06,57.0885009765625,57.810001373291016,56.86199951171875,57.75400161743164,21820000,0.35029823529411763,GOOGL
2018-07-09,58.0,58.39649963378906,57.86149978637695,58.36399841308594,21584000,0.2994857142857143,GOOGL
2018-07-10,58.4995002746582,58.67499923706055,58.12799835205078,58.356998443603516,21334000,0.28864255319148935,GOOGL
2018-07-11,57.78099822998047,59.02199935913086,57.76850128173828,58.573001861572266,33252000,0.22240000000000001,GOOGL
2018-07-12,58.74300003051758,60.0994987487793,58.654998779296875,60.0629997253418,44148000,0.28135506072874494,GOOGL
2018-07-13,60.13999938964844,60.52199935913086,59.76449966430664,60.22100067138672,32612000,0.3534151260504202,GOOGL
2018-07-16,60.19049835205078,60.43550109863281,59.66999816894531,59.82550048828125,26784000,0.32417881773399015,GOOGL
2018-07-17,59.137001037597656,60.9379997253418,59.099998474121094,60.65399932861328,40162000,0.17672352941176472,GOOGL
2018-07-18,60.42649841308594,61.079498291015625,60.22800064086914,60.64550018310547,38948000,0.2504604166666667,GOOGL
2018-07-19,60.33250045776367,60.82400131225586,59.88650131225586,59.95500183105469,38338000,0.1798268817204301,GOOGL
2018-07-20,59.96200180053711,60.53850173950195,59.829498291015625,59.89400100708008,37938000,0.3075922448979592,GOOGL
2018-07-23,59.78300094604492,60.755001068115234,59.60049819946289,60.54999923706055,65446000,0.3912384364820847,GOOGL
2018-07-24,63.54999923706055,63.75,62.207000732421875,62.907501220703125,107600000,0.31372667493796524,GOOGL
2018-07-25,62.63100051879883,63.9119987487793,62.45249938964844,63.797000885009766,51104000,0.23229367945823926,GOOGL
2018-07-26,63.35900115966797,64.37000274658203,63.150001525878906,64.2750015258789,54686000,0.2541032558139535,GOOGL
2018-07-27,64.45600128173828,64.5719985961914,62.2244987487793,62.644500732421875,48362000,0.2500448717948718,GOOGL
2018-07-30,62.252498626708984,62.644500732421875,61.208499908447266,61.50199890136719,43896000,0.25436606498194947,GOOGL
2018-07-31,61.58549880981445,62.06050109863281,60.80950164794922,61.361000061035156,39382000,0.22176066176470588,GOOGL
2018-08-01,61.955501556396484,62.29499816894531,61.24700164794922,61.64950180053711,36994000,0.13497514619883041,GOOGL
2018-08-02,60.92499923706055,62.22050094604492,60.90299987792969,62.05649948120117,34704000,0.24264169278996864,GOOGL
2018-08-03,62.25899887084961,62.32600021362305,61.47100067138672,61.90800094604492,21264000,0.2928365957446809,GOOGL
2018-08-06,62.080501556396484,62.12300109863281,61.5265007019043,61.88349914550781,22114000,0.2679,GOOGL
2018-08-07,62.60049819946289,63.30400085449219,62.59000015258789,62.79199981689453,42506000,0.2748059375,GOOGL
2018-08-08,62.83599853515625,63.58599853515625,62.60599899291992,63.06650161743164,34344000,0.24021490384615385,GOOGL
2018-08-09,63.13650131225586,63.597999572753906,63.005001068115234,63.222999572753906,27326000,0.2598703056768559,GOOGL
2018-08-10,62.95899963378906,63.060001373291016,62.358001708984375,62.6254997253418,26602000,0.2159127551020408,GOOGL
2018-08-13,62.560001373291016,63.298500061035156,62.35150146484375,62.43199920654297,27500000,0.2432769953051643,GOOGL
2018-08-14,62.625,63.02949905395508,61.97700119018555,62.90700149536133,28080000,0.202729674796748,GOOGL
2018-08-15,62.2140007019043,62.5989990234375,61.3120002746582,61.611000061035156,37052000,0.24392874493927125,GOOGL
2018-08-16,62.0994987487793,62.185001373291016,60.98149871826172,61.202999114990234,32176000,0.16638979591836736,GOOGL
2018-08-17,61.10200119018555,61.34749984741211,60.20000076293945,60.79249954223633,33092000,0.20146136363636363,GOOGL
2018-08-20,61.03300094604492,61.295501708984375,60.435001373291016,61.09749984741211,22218000,0.2717339534883721,GOOGL
2018-08-21,61.1510009765625,61.63800048828125,60.75149917602539,60.87049865722656,23082000,0.2642640776699029,GOOGL
2018-08-22,60.71099853515625,61.326499938964844,60.6609992980957,61.087501525878906,22296000,0.3138339393939394,GOOGL
2018-08-23,60.99399948120117,61.75849914550781,60.967498779296875,61.05799865722656,24666000,0.30216915887850465,GOOGL
2018-08-24,61.29999923706055,61.869998931884766,61.07099914550781,61.837501525878906,24454000,0.25324285714285716,GOOGL
2018-08-27,62.207000732421875,62.89350128173828,62.034000396728516,62.813499450683594,28580000,0.29976654545454545,GOOGL
2018-08-28,62.79499816894531,62.827999114990234,62.14849853515625,62.292999267578125,27330000,0.1882101485148515,GOOGL
2018-08-29,62.75,63.35850143432617,62.63999938964844,63.23249816894531,36926000,0.18073257575757576,GOOGL
2018-08-30,63.16999816894531,63.4744987487793,62.36050033569336,62.72200012207031,30104000,0.26259026845637584,GOOGL
2018-08-31,62.61050033569336,62.627498626708984,61.287498474121094,61.59000015258789,42308000,0.24890916666666665,GOOGL
2018-09-04,61.125999450683594,61.39350128173828,60.327999114990234,60.56549835205078,41458000,0.23350072727272728,GOOGL
2018-09-05,60.46099853515625,60.743499755859375,58.766998291015625,59.95500183105469,53988000,0.18566735218508995,GOOGL
2018-09-06,59.92850112915039,59.949501037597656,58.18050003051758,59.199501037597656,46854000,0.15739616858237548,GOOGL
2018-09-07,58.599998474121094,59.4275016784668,58.4635009765625,58.87950134277344,32658000,0.16974910179640718,GOOGL
2018-09-10,59.209999084472656,59.33300018310547,58.53049850463867,58.75299835205078,27670000,0.29916310160427806,GOOGL
2018-09-11,58.55500030517578,59.547000885009766,58.29750061035156,59.4995002746582,29254000,0.2659041095890411,GOOGL
2018-09-12,59.099998474121094,59.53450012207031,58.30799865722656,58.58000183105469,35716000,0.19812217898832685,GOOGL
2018-09-13,58.98500061035156,59.393001556396484,58.46099853515625,59.106998443603516,40068000,0.2185476595744681,GOOGL
2018-09-14,59.400001525878906,59.400001525878906,58.67599868774414,58.89899826049805,24176000,0.19397093023255813,GOOGL
2018-09-17,58.88850021362305,59.090999603271484,57.92300033569336,57.99150085449219,34096000,0.29522413793103447,GOOGL
2018-09-18,58.132999420166016,59.06650161743164,58.07149887084961,58.355499267578125,32314000,0.17282981651376148,GOOGL
2018-09-19,58.448001861572266,58.813499450683594,57.930999755859375,58.7135009765625,25962000,0.2425577777777778,GOOGL
2018-09-20,59.03350067138672,59.70000076293945,58.8125,59.57849884033203,29244000,0.2474033195020747,GOOGL
2018-09-21,59.74599838256836,59.82899856567383,58.60300064086914,58.60599899291992,91222000,0.14216622807017543,GOOGL
2018-09-24,57.97050094604492,59.259498596191406,57.57500076293945,58.97800064086914,31150000,0.26901813953488374,GOOGL
2018-09-25,59.212501525878906,59.84299850463867,58.704498291015625,59.69449996948242,33152000,0.23279469696969696,GOOGL
2018-09-26,59.68450164794922,60.36199951171875,59.27000045776367,59.702999114990234,37650000,0.220431983805668,GOOGL
2018-09-27,60.0,60.84299850463867,59.90250015258789,60.36800003051758,36274000,0.2962575,GOOGL
2018-09-28,60.204498291015625,60.42250061035156,59.89149856567383,60.354000091552734,35612000,0.2365351485148515,GOOGL
2018-10-01,60.650001525878906,61.209999084472656,60.15950012207031,60.42649841308594,33164000,0.26160260416666664,GOOGL
2018-10-02,60.333499908447266,61.22600173950195,59.983001708984375,60.38199996948242,40180000,0.28821761904761906,GOOGL
2018-10-03,60.599998474121094,60.70899963378906,60.10749816894531,60.576499938964844,26246000,0.26191485714285717,GOOGL
2018-10-04,60.25149917602539,60.29499816894531,58.192501068115234,58.85350036621094,46576000,0.16535949367088607,GOOGL
2018-10-05,58.79999923706055,59.099998474121094,57.715999603271484,58.39149856567383,31852000,0.18610526315789475,GOOGL
2018-10-08,58.0,58.792999267578125,56.77000045776367,57.79600143432617,46190000,0.1067438961038961,GOOGL
2018-10-09,57.56549835205078,58.07749938964844,57.208499908447266,57.25849914550781,33690000,0.15071042944785276,GOOGL
2018-10-10,56.81999969482422,56.85100173950195,54.57550048828125,54.608001708984375,58980000,0.14690210210210208,GOOGL
2018-10-11,53.95199966430664,55.803001403808594,53.794498443603516,54.5369987487793,67696000,0.2462614232209738,GOOGL
2018-10-12,55.981998443603516,56.291500091552734,54.75149917602539,56.027000427246094,49370000,0.23445000000000002,GOOGL
2018-10-15,55.900001525878906,56.09000015258789,54.9109992980957,55.12200164794922,30074000,0.2867726775956284,GOOGL
2018-10-16,55.67399978637695,56.81850051879883,55.587501525878906,56.65399932861328,38378000,0.21141603053435115,GOOGL
2018-10-17,57.0,57.349998474121094,55.70000076293945,56.37950134277344,35652000,0.11747216981132075,GOOGL
2018-10-18,56.5,56.61750030517578,54.31700134277344,54.89550018310547,46152000,0.1680214953271028,GOOGL
2018-10-19,55.18550109863281,56.04750061035156,54.85150146484375,55.25899887084961,41286000,0.275832183908046,GOOGL
2018-10-22,55.6254997253418,56.08449935913086,55.0,55.56850051879883,27116000,0.31617557603686636,GOOGL
2018-10-23,54.56449890136719,55.900001525878906,53.95050048828125,55.74549865722656,37686000,0.21371959798994974,GOOGL
2018-10-24,55.75,55.83100128173828,52.75299835205078,52.85599899291992,49286000,0.21511690647482015,GOOGL
2018-10-25,54.01499938964844,55.89099884033203,53.77750015258789,55.179500579833984,72956000,0.19829429012345678,GOOGL
2018-10-26,52.416500091552734,55.849998474121094,52.11149978637695,54.1875,106438000,0.16319764243614931,GOOGL
2018-10-29,54.82699966430664,55.44150161743164,50.36000061035156,51.73649978637695,81290000,0.1618204152249135,GOOGL
2018-10-30,51.0004997253418,52.54499816894531,50.69850158691406,52.47549819946289,59768000,0.20219446808510638,GOOGL
2018-10-31,53.40999984741211,55.400001525878906,53.40999984741211,54.52899932861328,70916000,0.26372371541501977,GOOGL
2018-11-01,54.56999969482422,54.994998931884766,53.89099884033203,54.29899978637695,40132000,0.11452616487455197,GOOGL
2018-11-02,54.45000076293945,54.900001525878906,53.382999420166016,53.574501037597656,43438000,0.21854424242424245,GOOGL
2018-11-05,53.62649917602539,53.66749954223633,51.70000076293945,52.7864990234375,45358000,0.190804,GOOGL
2018-11-06,52.750999450683594,53.99100112915039,52.68050003051758,53.47850036621094,28660000,0.2314257731958763,GOOGL
2018-11-07,54.17449951171875,55.496498107910156,54.02949905395508,55.4119987487793,43388000,0.20374072164948454,GOOGL
2018-11-08,55.3650016784668,55.4109992980957,54.21799850463867,54.73149871826172,33694000,0.1817666666666667,GOOGL
2018-11-09,54.20100021362305,54.41749954223633,53.2130012512207,53.85100173950195,34860000,0.23094427860696518,GOOGL
2018-11-12,53.65650177001953,53.70500183105469,52.01750183105469,52.46799850463867,34002000,0.20075812499999998,GOOGL
2018-11-13,52.740501403808594,53.333499908447266,52.02000045776367,52.39849853515625,25750000,0.18199702970297027,GOOGL
2018-11-14,53.0,53.28950119018555,52.05550003051758,52.729000091552734,34666000,0.18013663366336632,GOOGL
2018-11-15,52.573001861572266,53.94350051879883,52.06449890136719,53.5525016784668,41584000,0.1562,GOOGL
2018-11-16,53.26150131225586,53.62200164794922,52.744998931884766,53.41350173950195,35366000,0.20355425531914895,GOOGL
2018-11-19,53.169498443603516,53.400001525878906,51.14350128173828,51.37099838256836,45684000,0.18665511811023622,GOOGL
2018-11-20,50.364498138427734,51.86750030517578,50.11050033569336,51.522499084472656,54458000,0.1342263157894737,GOOGL
2018-11-21,52.265499114990234,52.73550033569336,51.972999572753906,52.17150115966797,29698000,0.21341658767772512,GOOGL
2018-11-23,51.67499923706055,52.150001525878906,51.42599868774414,51.505001068115234,14178000,0.3130253846153846,GOOGL
2018-11-26,52.20000076293945,52.849998474121094,51.98849868774414,52.797000885009766,31558000,0.27822335766423356,GOOGL
2018-11-27,52.56700134277344,53.3380012512207,52.275001525878906,52.61399841308594,33048000,0.27009500000000003,GOOGL
2018-11-28,52.87300109863281,54.643001556396484,52.147499084472656,54.589500427246094,46042000,0.24333632286995516,GOOGL
2018-11-29,54.17649841308594,55.00749969482422,54.099998474121094,54.729000091552734,31004000,0.29935625,GOOGL
2018-11-30,54.78150177001953,55.48249816894531,54.159000396728516,55.48249816894531,59668000,0.15860564516129033,GOOGL
2018-12-03,56.608001708984375,56.75,55.58649826049805,55.81800079345703,57532000,0.23308984375,GOOGL
2018-12-04,55.64950180053711,55.71200180053711,53.03900146484375,53.12350082397461,45630000,0.18471219512195122,GOOGL
2018-12-06,52.25,53.97100067138672,52.124000549316406,53.90399932861328,47436000,0.16392976744186047,GOOGL
2018-12-07,53.61149978637695,54.25149917602539,51.96849822998047,52.32899856567383,42682000,0.21274935064935063,GOOGL
2018-12-10,52.14699935913086,52.97999954223633,51.650001525878906,52.659000396728516,33652000,0.1756276836158192,GOOGL
2018-12-11,53.34700012207031,53.52000045776367,52.505001068115234,53.08250045776367,33852000,0.19917632653061226,GOOGL
2018-12-12,53.854000091552734,54.58649826049805,53.5984992980957,53.686500549316406,28960000,0.26960054347826085,GOOGL
2018-12-13,53.78350067138672,54.42100143432617,53.2495002746582,53.676998138427734,24986000,0.15164959349593496,GOOGL
2018-12-14,53.000999450683594,53.58599853515625,52.46849822998047,52.58549880981445,36358000,0.21228604651162788,GOOGL
2018-12-17,52.35049819946289,53.11899948120117,50.83150100708008,51.282501220703125,49932000,0.19783813559322033,GOOGL
2018-12-18,51.70000076293945,52.984500885009766,51.52399826049805,52.170501708984375,43640000,0.3288287081339713,GOOGL
2018-12-19,52.364498138427734,53.785499572753906,50.971500396728516,51.77299880981445,58264000,0.3109216494845361,GOOGL
2018-12-20,51.29999923706055,52.37200164794922,50.393001556396484,51.17900085449219,53674000,0.21623711340206186,GOOGL
2018-12-21,51.60200119018555,51.88349914550781,49.05950164794922,49.5625,104656000,0.18000766666666665,GOOGL
2018-12-24,49.215999603271484,50.60599899291992,48.882999420166016,49.23350143432617,36360000,0.22240606060606063,GOOGL
2018-12-26,49.89950180053711,52.42250061035156,49.63249969482422,52.39250183105469,46318000,0.28851761363636363,GOOGL
2018-12-27,51.310001373291016,52.66699981689453,50.349998474121094,52.64500045776367,45996000,0.22308333333333333,GOOGL
2018-12-28,52.974998474121094,53.21149826049805,52.099998474121094,52.33399963378906,34398000,0.2896772727272727,GOOGL
2018-12-31,52.89149856567383,53.14950180053711,51.652000427246094,52.24800109863281,33110000,0.2434219298245614,GOOGL
2019-01-02,51.36000061035156,53.03950119018555,51.263999938964844,52.73400115966797,31868000,0.20643053892215568,GOOGL
2019-01-03,52.53350067138672,53.3129997253418,51.118499755859375,51.27349853515625,41960000,0.23475825688073396,GOOGL
2019-01-04,52.12799835205078,54.0,51.84299850463867,53.903499603271484,46022000,0.23450363636363636,GOOGL
2019-01-07,54.048500061035156,54.1349983215332,53.13199996948242,53.79600143432617,47446000,0.3076172690763052,GOOGL
2019-01-08,54.29999923706055,54.66749954223633,53.41749954223633,54.26850128173828,35414000,0.21820277777777777,GOOGL
2019-01-09,54.39950180053711,54.582000732421875,53.71849822998047,54.08250045776367,26998000,0.23543798882681563,GOOGL
2019-01-10,53.74700164794922,53.990501403808594,53.23400115966797,53.94150161743164,26598000,0.3334972527472527,GOOGL
2019-01-11,53.494998931884766,53.66849899291992,52.82149887084961,53.2234992980957,30864000,0.23125144230769232,GOOGL
2019-01-14,52.66699981689453,52.92250061035156,52.4275016784668,52.57550048828125,28490000,0.32368548387096774,GOOGL
2019-01-15,52.9005012512207,54.41350173950195,52.72200012207031,54.32550048828125,37518000,0.26877262569832405,GOOGL
2019-01-16,54.5,55.11800003051758,54.4005012512207,54.47549819946289,38280000,0.21213388429752064,GOOGL
2019-01-17,54.39950180053711,55.03499984741211,54.16299819946289,54.95600128173828,24896000,0.19155945945945949,GOOGL
2019-01-18,55.429500579833984,55.900001525878906,54.9640007019043,55.3650016784668,44892000,0.3002631016042781,GOOGL
2019-01-22,54.79999923706055,54.94850158691406,53.544498443603516,53.93149948120117,39632000,0.28173952380952383,GOOGL
2019-01-23,54.34299850463867,54.647499084472656,53.378501892089844,54.22050094604492,25194000,0.2790049019607843,GOOGL
2019-01-24,54.1254997253418,54.400001525878906,53.500999450683594,54.20000076293945,29114000,0.31184285714285714,GOOGL
2019-01-25,54.71149826049805,55.167999267578125,54.59000015258789,55.07550048828125,23260000,0.28966849315068494,GOOGL
2019-01-28,54.503501892089844,54.66849899291992,53.730499267578125,53.99300003051758,29334000,0.2672993288590604,GOOGL
2019-01-29,54.051998138427734,54.23649978637695,53.30099868774414,53.50299835205078,19704000,0.28256048387096777,GOOGL
2019-01-30,53.86800003051758,54.97600173950195,53.832000732421875,54.89950180053711,29452000,0.24672269938650307,GOOGL
2019-01-31,55.61199951171875,56.38349914550781,55.26250076293945,56.294498443603516,40232000,0.259,GOOGL
2019-02-01,56.114498138427734,56.720001220703125,55.712501525878906,55.930999755859375,33116000,0.1876506976744186,GOOGL
2019-02-04,55.95050048828125,57.117000579833984,55.8754997253418,57.07099914550781,78408000,0.3152460423634337,GOOGL
2019-02-05,56.48149871826172,57.63850021362305,56.18000030517578,57.59349822998047,82296000,0.23094366616989567,GOOGL
2019-02-06,57.4635009765625,57.70000076293945,55.917999267578125,56.144500732421875,48256000,0.2603879432624113,GOOGL
2019-02-07,55.590999603271484,55.5994987487793,54.679500579833984,55.295501708984375,38298000,0.2269557939914163,GOOGL
2019-02-08,54.74399948120117,55.255001068115234,54.71200180053711,55.11899948120117,21766000,0.2527876288659794,GOOGL
2019-02-11,55.1875,55.67150115966797,55.0,55.10599899291992,18498000,0.2588496402877698,GOOGL
2019-02-12,55.550498962402344,56.643001556396484,55.550498962402344,56.37900161743164,35036000,0.24295485436893205,GOOGL
2019-02-13,56.652000427246094,57.14250183105469,56.29999923706055,56.43149948120117,28042000,0.23840645161290322,GOOGL
2019-02-14,56.25,56.80649948120117,55.85449981689453,56.459999084472656,21106000,0.21301006289308178,GOOGL
2019-02-15,56.96500015258789,56.96500015258789,55.83599853515625,55.98149871826172,27826000,0.24058481012658228,GOOGL
2019-02-19,55.832000732421875,56.481998443603516,55.832000732421875,56.32550048828125,21980000,0.2909972027972028,GOOGL
2019-02-20,56.444000244140625,56.54650115966797,55.587501525878906,56.02949905395508,24090000,0.212392,GOOGL
2019-02-21,55.93899917602539,55.95750045776367,54.89899826049805,55.21049880981445,33272000,0.10455528846153846,GOOGL
2019-02-22,55.48500061035156,55.86249923706055,55.025001525878906,55.827999114990234,29436000,0.1559589285714286,GOOGL
2019-02-25,56.096500396728516,56.27000045776367,55.705501556396484,55.86650085449219,26208000,0.24336549295774645,GOOGL
2019-02-26,55.71849822998047,56.321998596191406,55.334999084472656,56.10049819946289,35026000,0.31563170731707313,GOOGL
2019-02-27,55.70050048828125,56.2864990234375,55.428001403808594,56.144500732421875,22092000,0.3444102040816327,GOOGL
2019-02-28,55.95000076293945,56.699501037597656,55.920501708984375,56.32749938964844,27422000,0.3580168067226891,GOOGL
2019-03-01,56.54999923706055,57.5,56.54999923706055,57.42599868774414,34086000,0.306647027027027,GOOGL
2019-03-04,57.72800064086914,58.2760009765625,56.912498474121094,57.67100143432617,35490000,0.28217042253521124,GOOGL
2019-03-05,57.79999923706055,58.824501037597656,57.6510009765625,58.45949935913086,40094000,0.23737951807228916,GOOGL
2019-03-06,58.5880012512207,58.73699951171875,58.15250015258789,58.24700164794922,23602000,0.20299950248756218,GOOGL
2019-03-07,58.025001525878906,58.17900085449219,57.08549880981445,57.54249954223633,30086000,0.25587350993377483,GOOGL
2019-03-08,56.69499969482422,57.67250061035156,56.5099983215332,57.49850082397461,23694000,0.2558624365482233,GOOGL
2019-03-11,57.599998474121094,58.99549865722656,57.57849884033203,58.9630012512207,30032000,0.18992346938775512,GOOGL
2019-03-12,59.1150016784668,60.285499572753906,59.1150016784668,59.86249923706055,42220000,0.22673679653679651,GOOGL
2019-03-13,60.29650115966797,60.35599899291992,59.89550018310547,59.952999114990234,25888000,0.21298838383838384,GOOGL
2019-03-14,59.95100021362305,60.23500061035156,59.561500549316406,59.62649917602539,27302000,0.21699010416666667,GOOGL
2019-03-15,59.900001525878906,60.08599853515625,59.35049819946289,59.51499938964844,51886000,0.23804612403100775,GOOGL
2019-03-18,59.484500885009766,59.747501373291016,59.07400131225586,59.4275016784668,24442000,0.2681324742268041,GOOGL
2019-03-19,59.58599853515625,60.170501708984375,59.472999572753906,60.12300109863281,29788000,0.23806646341463417,GOOGL
2019-03-20,60.06999969482422,61.4995002746582,59.97949981689453,61.32149887084961,41508000,0.18246651884700665,GOOGL
2019-03-21,61.0,61.821998596191406,60.82899856567383,61.80649948120117,28150000,0.2807423387096774,GOOGL
2019-03-22,61.442501068115234,61.68149948120117,60.29999923706055,60.38249969482422,34422000,0.24171576354679802,GOOGL
2019-03-25,59.97800064086914,60.47200012207031,59.5,59.86899948120117,27576000,0.15072584269662923,GOOGL
2019-03-26,60.259498596191406,60.38249969482422,59.0880012512207,59.492000579833984,30752000,0.19145808383233534,GOOGL
2019-03-27,59.59600067138672,59.59600067138672,58.21149826049805,58.9005012512207,29428000,0.19154837209302325,GOOGL
2019-03-28,58.775001525878906,58.86249923706055,58.17150115966797,58.61349868774414,22402000,0.2724814814814815,GOOGL
2019-03-29,59.00899887084961,59.19850158691406,58.319000244140625,58.84450149536133,30890000,0.2602055555555556,GOOGL
2019-04-01,59.37699890136719,60.0099983215332,59.31800079345703,59.94900131225586,27706000,0.23784180790960452,GOOGL
2019-04-02,60.002498626708984,60.29050064086914,59.5620002746582,60.277000427246094,18288000,0.2600497142857143,GOOGL
2019-04-03,60.6349983215332,61.029998779296875,60.25400161743164,60.54050064086914,22180000,0.2725597633136094,GOOGL
2019-04-04,60.56449890136719,61.02750015258789,60.45199966430664,60.97249984741211,21022000,0.29155646258503404,GOOGL
2019-04-05,60.96500015258789,61.019500732421875,60.50149917602539,60.5724983215332,20012000,0.29638782051282053,GOOGL
2019-04-08,60.55550003051758,60.6974983215332,60.23500061035156,60.41400146484375,21750000,0.2872409937888199,GOOGL
2019-04-09,60.09450149536133,60.35749816894531,59.91899871826172,60.134498596191406,19668000,0.28544244186046513,GOOGL
2019-04-10,60.25450134277344,60.446998596191406,60.03300094604492,60.3224983215332,15510000,0.27094421768707483,GOOGL
2019-04-11,60.44499969482422,60.637001037597656,60.22700119018555,60.47949981689453,16998000,0.2708557142857143,GOOGL
2019-04-12,60.78099822998047,61.15250015258789,60.66450119018555,61.13650131225586,24312000,0.3377474820143885,GOOGL
2019-04-15,61.204498291015625,61.46500015258789,60.72800064086914,61.326499938964844,23796000,0.2706019736842105,GOOGL
2019-04-16,61.5,61.79899978637695,61.25199890136719,61.59550094604492,22622000,0.29424500000000003,GOOGL
2019-04-17,61.849998474121094,62.255001068115234,61.64500045776367,62.00699996948242,30366000,0.30034,GOOGL
2019-04-18,62.25,62.297000885009766,61.97050094604492,62.07350158691406,24750000,0.2096438596491228,GOOGL
2019-04-22,61.833499908447266,62.71699905395508,61.66849899291992,62.6879997253418,19084000,0.3261865168539326,GOOGL
2019-04-23,62.832000732421875,63.721500396728516,62.5984992980957,63.52949905395508,31868000,0.27694124087591243,GOOGL
2019-04-24,63.52949905395508,63.70000076293945,62.990501403808594,63.002498626708984,23396000,0.2154572864321608,GOOGL
2019-04-25,63.51499938964844,63.63999938964844,62.900001525878906,63.367000579833984,31344000,0.19299831460674155,GOOGL
2019-04-26,63.66899871826172,63.945499420166016,63.25,63.87099838256836,27228000,0.32298914285714286,GOOGL
2019-04-29,64.02549743652344,64.84850311279297,63.58549880981445,64.80999755859375,72368000,0.2467916666666667,GOOGL
2019-04-30,59.53150177001953,60.04899978637695,59.150001525878906,59.948001861572266,133178000,0.21673235887096776,GOOGL
2019-05-01,59.875,59.962501525878906,58.58399963378906,58.66600036621094,74340000,0.12610575539568344,GOOGL
2019-05-02,58.630001068115234,58.96900177001953,57.916500091552734,58.32550048828125,45098000,0.17401666666666665,GOOGL
2019-05-03,58.87049865722656,59.56999969482422,58.6775016784668,59.477500915527344,41588000,0.25860469483568077,GOOGL
2019-05-06,58.599998474121094,59.77149963378906,58.55799865722656,59.67300033569336,31774000,0.22723958333333333,GOOGL
2019-05-07,59.29050064086914,59.73849868774414,58.25,58.94300079345703,36604000,0.19369404255319148,GOOGL
2019-05-08,58.864498138427734,59.2135009765625,58.381500244140625,58.53900146484375,25520000,0.26478425925925925,GOOGL
2019-05-09,58.130001068115234,58.70349884033203,57.731998443603516,58.39849853515625,29556000,0.2369364055299539,GOOGL
2019-05-10,58.44200134277344,58.81399917602539,57.31850051879883,58.38199996948242,31650000,0.24572821782178217,GOOGL
2019-05-13,57.262001037597656,57.5984992980957,56.275001525878906,56.829498291015625,45626000,0.25032620320855614,GOOGL
2019-05-14,57.11600112915039,57.243499755859375,56.17649841308594,56.24300003051758,40392000,0.16685911111111112,GOOGL
2019-05-15,56.127498626708984,58.915000915527344,56.06999969482422,58.540000915527344,59302000,0.24930530726256983,GOOGL
2019-05-16,58.59199905395508,59.70800018310547,58.42250061035156,59.224998474121094,35308000,0.26962659574468084,GOOGL
2019-05-17,58.791500091552734,59.31449890136719,58.32099914550781,58.43899917602539,25362000,0.2188554945054945,GOOGL
2019-05-20,57.650001525878906,57.650001525878906,56.90700149536133,57.233001708984375,30602000,0.13462208835341363,GOOGL
2019-05-21,57.7239990234375,57.900001525878906,57.16550064086914,57.72200012207031,20562000,0.2514587719298246,GOOGL
2019-05-22,57.5625,58.18899917602539,57.54999923706055,57.79249954223633,18826000,0.22422819148936168,GOOGL
2019-05-23,57.30350112915039,57.502498626708984,56.65800094604492,57.266998291015625,25214000,0.3018432584269663,GOOGL
2019-05-24,57.599998474121094,57.71799850463867,56.83549880981445,56.93050003051758,18554000,0.28819999999999996,GOOGL
2019-05-28,57.07400131225586,57.824501037597656,56.93349838256836,56.97800064086914,20948000,0.3328463768115942,GOOGL
2019-05-29,56.6349983215332,56.75,55.59749984741211,55.99700164794922,36230000,0.22293333333333332,GOOGL
2019-05-30,56.00749969482422,56.34000015258789,55.79499816894531,56.070499420166016,18088000,0.26733195266272186,GOOGL
2019-05-31,55.28200149536133,55.66999816894531,55.16749954223633,55.32500076293945,31582000,0.2557641791044776,GOOGL
2019-06-03,53.346500396728516,53.349998474121094,51.35150146484375,51.9370002746582,96890000,0.08651339031339031,GOOGL
2019-06-04,52.2244987487793,52.922000885009766,51.80149841308594,52.7244987487793,60512000,0.23656905444126075,GOOGL
2019-06-05,52.75,52.84049987792969,51.650001525878906,52.231998443603516,46988000,0.18694363636363637,GOOGL
2019-06-06,52.31050109863281,52.5,51.7755012512207,52.38800048828125,29020000,0.18499593220338983,GOOGL
2019-06-07,52.7140007019043,53.67150115966797,52.557498931884766,53.41849899291992,43828000,0.249985546875,GOOGL
2019-06-10,53.849998474121094,54.742000579833984,53.763999938964844,54.13800048828125,28510000,0.31732863636363634,GOOGL
2019-06-11,54.8494987487793,55.20050048828125,53.97850036621094,54.051998138427734,33508000,0.2179691729323308,GOOGL
2019-06-12,53.997501373291016,54.125999450683594,53.47999954223633,53.95500183105469,23670000,0.20594285714285715,GOOGL
2019-06-13,54.23550033569336,54.829498291015625,54.128501892089844,54.550498962402344,20814000,0.26131855670103094,GOOGL
2019-06-14,54.48699951171875,54.737998962402344,54.07400131225586,54.314998626708984,24582000,0.3478030303030303,GOOGL
2019-06-17,54.45500183105469,55.06399917602539,54.400001525878906,54.69449996948242,19770000,0.26334326923076923,GOOGL
2019-06-18,55.57500076293945,55.93899917602539,55.03950119018555,55.262001037597656,34526000,0.23891864406779662,GOOGL
2019-06-19,55.36199951171875,55.471500396728516,54.80149841308594,55.22549819946289,26714000,0.14594764705882352,GOOGL
2019-06-20,56.084999084472656,56.13600158691406,55.349998474121094,55.65999984741211,24018000,0.24974049079754604,GOOGL
2019-06-21,55.49300003051758,56.32849884033203,55.486000061035156,56.26850128173828,50774000,0.24405141242937853,GOOGL
2019-06-24,56.0,56.17850112915039,55.66550064086914,55.834999084472656,24236000,0.2651263440860215,GOOGL
2019-06-25,55.75400161743164,55.78499984741211,54.22999954223633,54.37900161743164,31644000,0.19971960784313728,GOOGL
2019-06-26,54.54999923706055,54.75600051879883,53.68450164794922,54.01599884033203,34698000,0.1822270042194093,GOOGL
2019-06-27,54.337501525878906,54.42300033569336,53.79249954223633,53.83150100708008,24078000,0.23398983050847455,GOOGL
2019-06-28,53.86149978637695,54.13999938964844,53.689998626708984,54.13999938964844,33672000,0.2839,GOOGL
2019-07-01,55.051998138427734,55.429500579833984,54.76649856567383,55.0,29196000,0.34378860103626946,GOOGL
2019-07-02,55.24150085449219,55.644500732421875,54.98350143432617,55.630001068115234,20630000,0.23208027210884355,GOOGL
2019-07-03,55.92499923706055,56.39950180053711,55.74250030517578,56.14950180053711,20154000,0.3744420118343195,GOOGL
2019-07-05,55.96849822998047,56.73249816894531,55.875,56.63349914550781,29794000,0.2748695652173913,GOOGL
2019-07-08,56.29349899291992,56.36050033569336,55.5880012512207,55.839500427246094,29888000,0.27082697368421055,GOOGL
2019-07-09,55.51599884033203,56.393001556396484,55.35749816894531,56.214500427246094,29472000,0.28513005780346823,GOOGL
2019-07-10,56.61600112915039,57.117000579833984,56.53300094604492,57.045501708984375,30710000,0.30825310344827583,GOOGL
2019-07-11,57.30799865722656,57.6619987487793,56.97650146484375,57.20399856567383,26004000,0.2641525641025641,GOOGL
2019-07-12,57.14649963378906,57.375,56.928001403808594,57.266998291015625,21878000,0.30866913580246913,GOOGL
2019-07-15,57.266998291015625,57.534000396728516,57.0,57.5255012512207,21164000,0.28160865384615386,GOOGL
2019-07-16,57.33649826049805,57.92900085449219,57.33649826049805,57.67300033569336,25352000,0.1972875,GOOGL
2019-07-17,57.54600143432617,57.922000885009766,57.33100128173828,57.33700180053711,19538000,0.25383367346938773,GOOGL
2019-07-18,57.099998474121094,57.40850067138672,56.643001556396484,57.36199951171875,25450000,0.23883697916666666,GOOGL
2019-07-19,57.465999603271484,57.57899856567383,56.5625,56.57749938964844,23184000,0.21722752293577982,GOOGL
2019-07-22,56.77349853515625,57.000999450683594,56.260501861572266,56.96049880981445,28914000,0.3864241573033708,GOOGL
2019-07-23,57.17250061035156,57.44300079345703,56.64250183105469,57.40250015258789,20648000,0.2535586345381526,GOOGL
2019-07-24,56.63100051879883,57.27299880981445,56.425498962402344,56.98649978637695,27192000,0.21863601694915255,GOOGL
2019-07-25,56.9474983215332,57.179500579833984,56.18550109863281,56.797000885009766,54762000,0.33173112582781455,GOOGL
2019-07-26,61.400001525878906,63.419498443603516,61.400001525878906,62.26100158691406,121216000,0.28255817923186344,GOOGL
2019-07-29,62.125,62.449501037597656,61.5099983215332,62.09199905395508,41382000,0.27532323943661974,GOOGL
2019-07-30,61.349998474121094,61.84550094604492,61.26599884033203,61.400001525878906,28616000,0.23440507614213196,GOOGL
2019-07-31,61.243499755859375,61.74549865722656,60.409000396728516,60.90999984741211,39960000,0.2533620253164557,GOOGL
2019-08-01,60.881500244140625,61.814998626708984,60.349998474121094,60.5890007019043,35426000,0.2453131914893617,GOOGL
2019-08-02,60.150001525878906,60.474998474121094,59.5,59.816001892089844,34910000,0.3045512437810945,GOOGL
2019-08-05,58.64849853515625,58.84400177001953,57.13750076293945,57.73749923706055,47840000,0.2393989247311828,GOOGL
2019-08-06,58.2760009765625,59.06999969482422,58.076499938964844,58.55400085449219,36014000,0.20438216216216218,GOOGL
2019-08-07,57.88999938964844,58.993499755859375,57.54199981689453,58.795501708984375,30686000,0.23030368421052633,GOOGL
2019-08-08,59.32149887084961,60.31399917602539,58.70000076293945,60.30950164794922,30116000,0.3378846846846847,GOOGL
2019-08-09,59.9995002746582,60.222999572753906,59.24449920654297,59.44499969482422,20418000,0.2530145945945946,GOOGL
2019-08-12,59.0,59.28049850463867,58.43600082397461,58.724998474121094,22064000,0.27695545454545456,GOOGL
2019-08-13,58.717498779296875,60.27149963378906,58.64950180053711,59.83649826049805,28434000,0.25704764705882355,GOOGL
2019-08-14,58.80350112915039,59.13949966430664,58.05350112915039,58.212501525878906,35430000,0.13891901408450705,GOOGL
2019-08-15,58.42150115966797,58.82099914550781,58.150001525878906,58.465999603271484,28506000,0.2358641176470588,GOOGL
2019-08-16,59.03950119018555,59.19200134277344,58.650001525878906,58.96049880981445,24916000,0.31702800000000003,GOOGL
2019-08-19,59.59149932861328,60.46950149536133,59.52000045776367,60.02199935913086,24450000,0.2499216049382716,GOOGL
2019-08-20,59.76750183105469,59.900001525878906,59.15250015258789,59.17649841308594,20206000,0.15726368715083797,GOOGL
2019-08-21,59.79100036621094,60.02799987792969,59.395999908447266,59.57899856567383,14152000,0.3241132352941176,GOOGL
2019-08-22,59.689998626708984,59.93899917602539,58.945499420166016,59.57600021362305,17352000,0.338527868852459,GOOGL
2019-08-23,59.25849914550781,59.78350067138672,57.5,57.67900085449219,36254000,0.20206133333333334,GOOGL
2019-08-26,57.97249984741211,58.59299850463867,57.74250030517578,58.558998107910156,21166000,0.18270638297872338,GOOGL
2019-08-27,59.150001525878906,59.25,58.22800064086914,58.54100036621094,23460000,0.10889537572254335,GOOGL
2019-08-28,58.243499755859375,58.92499923706055,58.01250076293945,58.6875,16810000,0.27233703703703704,GOOGL
2019-08-29,59.32099914550781,59.95949935913086,59.263999938964844,59.71200180053711,19636000,0.2580645833333333,GOOGL
2019-08-30,60.01750183105469,60.01750183105469,59.2859992980957,59.5265007019043,18064000,0.267375,GOOGL
2019-09-03,59.092498779296875,59.45399856567383,58.18550109863281,58.477500915527344,25908000,0.20888037974683543,GOOGL
2019-09-04,58.97249984741211,59.24399948120117,58.576499938964844,59.11349868774414,21312000,0.202919689119171,GOOGL
2019-09-05,59.68299865722656,60.70000076293945,59.634498596191406,60.609500885009766,26394000,0.2749289940828402,GOOGL
2019-09-06,60.457000732421875,60.647499084472656,60.16299819946289,60.316001892089844,18972000,0.19523493975903614,GOOGL
2019-09-09,60.354000091552734,61.02750015258789,59.65850067138672,60.26350021362305,31854000,0.15014791666666666,GOOGL
2019-09-10,59.804500579833984,60.5,59.800498962402344,60.28499984741211,27922000,0.19099875,GOOGL
2019-09-11,60.19449996948242,61.12350082397461,60.11399841308594,61.0,23522000,0.278768345323741,GOOGL
2019-09-12,61.173500061035156,62.12099838256836,61.12799835205078,61.74850082397461,31644000,0.23006477272727271,GOOGL
2019-09-13,61.605499267578125,62.0525016784668,61.354000091552734,62.00149917602539,23676000,0.2267027777777778,GOOGL
2019-09-16,61.52199935913086,61.95100021362305,61.259498596191406,61.58150100708008,28218000,0.38243365384615385,GOOGL
2019-09-17,61.58150100708008,61.75,61.16749954223633,61.49399948120117,20806000,0.3440691056910569,GOOGL
2019-09-18,61.512001037597656,61.8120002746582,60.82350158691406,61.63249969482422,17440000,0.312439344262295,GOOGL
2019-09-19,61.61600112915039,62.21699905395508,61.615501403808594,61.9375,16554000,0.38137278106508876,GOOGL
2019-09-20,61.68199920654297,62.13999938964844,61.17900085449219,61.492000579833984,37692000,0.2912724489795918,GOOGL
2019-09-23,61.32849884033203,61.98400115966797,61.18899917602539,61.734500885009766,20798000,0.33710389610389613,GOOGL
2019-09-24,62.0,62.355499267578125,60.53200149536133,60.916500091552734,35804000,0.1901665024630542,GOOGL
2019-09-25,60.800498962402344,62.4010009765625,60.459999084472656,62.297000885009766,26798000,0.25436483516483516,GOOGL
2019-09-26,62.106998443603516,62.23350143432617,61.590999603271484,62.114498138427734,23166000,0.26716388888888887,GOOGL
2019-09-27,62.14149856567383,62.2495002746582,60.7599983215332,61.29750061035156,34122000,0.2885212290502793,GOOGL
2019-09-30,61.029998779296875,61.37049865722656,60.67100143432617,61.05699920654297,24470000,0.2730253246753247,GOOGL
2019-10-01,61.1245002746582,61.643001556396484,60.27750015258789,60.29999923706055,24504000,0.21819130434782608,GOOGL
2019-10-02,59.82500076293945,59.9379997253418,58.631500244140625,58.895999908447266,33030000,0.27413068181818184,GOOGL
2019-10-03,59.16699981689453,59.54999923706055,58.15700149536133,59.471500396728516,28368000,0.2515780612244898,GOOGL
2019-10-04,59.714500427246094,60.62300109863281,59.548500061035156,60.54800033569336,24282000,0.2927944099378882,GOOGL
2019-10-07,60.349998474121094,60.945499420166016,60.21799850463867,60.412498474121094,17040000,0.32596176470588234,GOOGL
2019-10-08,59.938499450683594,60.34349822998047,59.4739990234375,59.506500244140625,20086000,0.2264791139240506,GOOGL
2019-10-09,60.06650161743164,60.42300033569336,59.90599822998047,60.119998931884766,15948000,0.24784098360655737,GOOGL
2019-10-10,59.93000030517578,60.78099822998047,59.893001556396484,60.4734992980957,12842000,0.2878630872483221,GOOGL
2019-10-11,61.201499938964844,61.4375,60.68199920654297,60.785499572753906,22330000,0.3083207100591716,GOOGL
2019-10-14,60.69449996948242,61.29399871826172,60.59400177001953,60.88850021362305,13296000,0.343727027027027,GOOGL
2019-10-15,61.07500076293945,62.35649871826172,61.04600143432617,62.11199951171875,27584000,0.2807783783783784,GOOGL
2019-10-16,62.09049987792969,62.70949935913086,61.92649841308594,62.150001525878906,22986000,0.26579170731707313,GOOGL
2019-10-17,62.56999969482422,63.1875,62.493499755859375,62.63999938964844,20958000,0.28261049723756904,GOOGL
2019-10-18,62.734500885009766,62.90549850463867,62.00699996948242,62.22050094604492,31624000,0.29062980132450333,GOOGL
2019-10-21,62.435001373291016,62.675498962402344,61.9995002746582,62.2140007019043,18094000,0.26416416666666664,GOOGL
2019-10-22,62.2239990234375,62.436500549316406,61.99250030517578,62.060001373291016,22862000,0.2684510067114094,GOOGL
2019-10-23,62.010501861572266,62.902000427246094,62.010501861572266,62.881500244140625,21282000,0.2747915254237288,GOOGL
2019-10-24,62.955501556396484,63.14500045776367,62.61750030517578,62.955501556396484,20224000,0.25864725274725275,GOOGL
2019-10-25,62.599998474121094,63.400001525878906,62.45750045776367,63.21500015258789,27104000,0.3043490654205608,GOOGL
2019-10-28,63.75,64.96199798583984,63.615501403808594,64.4489974975586,65428000,0.3479506555423123,GOOGL
2019-10-29,63.79999923706055,64.04000091552734,62.78049850463867,63.03300094604492,52654000,0.2715695067264574,GOOGL
2019-10-30,62.75749969482422,63.4010009765625,62.532501220703125,63.03499984741211,29204000,0.16948139534883722,GOOGL
2019-10-31,63.0,63.32600021362305,62.4739990234375,62.939998626708984,31904000,0.2324015503875969,GOOGL
2019-11-01,63.290000915527344,63.650001525878906,62.98550033569336,63.61249923706055,28812000,0.25238198529411765,GOOGL
2019-11-04,63.80550003051758,64.625,63.80550003051758,64.48049926757812,30632000,0.22162987804878048,GOOGL
2019-11-05,64.55999755859375,64.86199951171875,64.46900177001953,64.5719985961914,25148000,0.20835348837209303,GOOGL
2019-11-06,64.50450134277344,64.64949798583984,64.1135025024414,64.55049896240234,24626000,0.12230245901639344,GOOGL
2019-11-07,64.71399688720703,66.13249969482422,64.6875,65.34700012207031,45140000,0.1670088803088803,GOOGL
2019-11-08,65.07599639892578,65.85549926757812,65.07599639892578,65.44999694824219,30392000,0.2713905325443787,GOOGL
2019-11-11,65.19999694824219,65.24500274658203,64.79350280761719,64.91400146484375,17234000,0.19390903225806452,GOOGL
2019-11-12,64.92849731445312,65.46749877929688,64.71199798583984,64.8604965209961,28852000,0.21825298013245034,GOOGL
2019-11-13,64.65899658203125,65.1259994506836,64.60749816894531,64.80899810791016,20538000,0.12859607843137255,GOOGL
2019-11-14,64.75,65.78600311279297,64.6969985961914,65.4574966430664,28948000,0.18094675925925927,GOOGL
2019-11-15,65.75250244140625,66.677001953125,65.59449768066406,66.677001953125,39286000,0.223759243697479,GOOGL
2019-11-18,66.61699676513672,66.69599914550781,65.80799865722656,65.99199676513672,27984000,0.19472941176470587,GOOGL
2019-11-19,66.33149719238281,66.33149719238281,65.5885009765625,65.62950134277344,21864000,0.21776106870229006,GOOGL
2019-11-20,65.56800079345703,65.6604995727539,64.46050262451172,65.09300231933594,28892000,0.12088992805755396,GOOGL
2019-11-21,64.9625015258789,65.55599975585938,64.5374984741211,65.00700378417969,25546000,0.1557024844720497,GOOGL
2019-11-22,65.1500015258789,65.34500122070312,64.46800231933594,64.68350219726562,27776000,0.1783405172413793,GOOGL
2019-11-25,64.81300354003906,65.52050018310547,64.78050231933594,65.28199768066406,23590000,0.1390271028037383,GOOGL
2019-11-26,65.49549865722656,65.70050048828125,65.2020034790039,65.6500015258789,21910000,0.1829888888888889,GOOGL
2019-11-27,65.77100372314453,65.88200378417969,65.47350311279297,65.60649871826172,18808000,0.16957796610169493,GOOGL
2019-11-29,65.33000183105469,65.49749755859375,65.1614990234375,65.20449829101562,12802000,0.2818149253731343,GOOGL
2019-12-02,65.12799835205078,65.27200317382812,64.01899719238281,64.44300079345703,26538000,0.2017985714285714,GOOGL
2019-12-03,63.93299865722656,64.86150360107422,63.852500915527344,64.73699951171875,25270000,0.11324094488188977,GOOGL
2019-12-04,65.30500030517578,66.2135009765625,65.15249633789062,65.9469985961914,35506000,0.14998682432432434,GOOGL
2019-12-05,66.3499984741211,66.39900207519531,65.71600341796875,66.3479995727539,24408000,0.32559064039408864,GOOGL
2019-12-06,66.63749694824219,67.12349700927734,66.5615005493164,66.96949768066406,32968000,0.243080198019802,GOOGL
2019-12-09,66.94300079345703,67.87750244140625,66.80349731445312,67.14949798583984,30842000,0.2643886363636364,GOOGL
2019-12-10,66.99700164794922,67.4000015258789,66.69999694824219,67.14450073242188,17606000,0.24737391304347828,GOOGL
2019-12-11,67.41500091552734,67.49449920654297,67.05500030517578,67.2125015258789,20480000,0.2263689075630252,GOOGL
2019-12-12,67.1604995727539,67.72899627685547,66.91000366210938,67.42449951171875,29114000,0.23697272727272728,GOOGL
2019-12-13,67.3949966430664,67.56749725341797,67.08300018310547,67.34349822998047,33170000,0.18561666666666668,GOOGL
2019-12-16,67.75,68.17649841308594,67.53050231933594,68.03500366210938,28128000,0.22660287769784174,GOOGL
2019-12-17,68.12049865722656,68.21649932861328,67.53849792480469,67.74449920654297,32948000,0.30505078125,GOOGL
2019-12-18,67.8499984741211,67.97149658203125,67.52300262451172,67.59549713134766,23330000,0.22685724137931035,GOOGL
2019-12-19,67.59549713134766,67.87650299072266,67.4375,67.8219985961914,28922000,0.22190000000000001,GOOGL
2019-12-20,68.15499877929688,68.19999694824219,67.5364990234375,67.56099700927734,50090000,0.19763785714285714,GOOGL
2019-12-23,67.9365005493164,68.09249877929688,67.4000015258789,67.53150177001953,19936000,0.26289111111111113,GOOGL
2019-12-24,67.510498046875,67.60050201416016,67.20850372314453,67.22149658203125,13468000,0.1933012987012987,GOOGL
2019-12-26,67.32749938964844,68.16000366210938,67.27549743652344,68.12349700927734,23662000,0.2607285714285714,GOOGL
2019-12-27,68.19999694824219,68.35250091552734,67.6500015258789,67.73200225830078,23212000,0.2874591194968554,GOOGL
2019-12-30,67.84049987792969,67.8499984741211,66.89199829101562,66.9854965209961,19994000,0.223621875,GOOGL
2019-12-31,66.78949737548828,67.03299713134766,66.60649871826172,66.96949768066406,19514000,0.1942475,GOOGL
2015-01-02,46.65999984741211,47.41999816894531,46.540000915527344,46.7599983215332,27913900,0.1887495327102804,MSFT
2015-01-05,46.369998931884766,46.72999954223633,46.25,46.33000183105469,39673900,0.13184821428571428,MSFT
2015-01-06,46.380001068115234,46.75,45.540000915527344,45.650001525878906,36447900,0.1390846153846154,MSFT
2015-01-07,45.97999954223633,46.459999084472656,45.4900016784668,46.22999954223633,29114100,0.20373863636363634,MSFT
2015-01-08,46.75,47.75,46.720001220703125,47.59000015258789,29645200,0.21408059701492535,MSFT
2015-01-09,47.61000061035156,47.81999969482422,46.900001525878906,47.189998626708984,23944200,0.22784942528735633,MSFT
2015-01-12,47.41999816894531,47.540000915527344,46.36000061035156,46.599998474121094,23651900,0.19194383561643835,MSFT
2015-01-13,46.970001220703125,47.90999984741211,46.060001373291016,46.36000061035156,35270600,0.1776693548387097,MSFT
2015-01-14,45.959999084472656,46.2400016784668,45.619998931884766,45.959999084472656,29719600,0.17895365853658535,MSFT
2015-01-15,46.220001220703125,46.380001068115234,45.40999984741211,45.47999954223633,32750800,0.20835945945945947,MSFT
2015-01-16,45.310001373291016,46.279998779296875,45.16999816894531,46.2400016784668,35695300,0.1876132075471698,MSFT
2015-01-20,46.29999923706055,46.650001525878906,45.56999969482422,46.38999938964844,36161900,0.24060945945945944,MSFT
2015-01-21,45.939998626708984,46.13999938964844,45.47999954223633,45.91999816894531,39081100,0.15339155844155844,MSFT
2015-01-22,46.380001068115234,47.13999938964844,46.08000183105469,47.130001068115234,35898000,0.21272344322344322,MSFT
2015-01-23,47.36000061035156,47.38999938964844,46.79999923706055,47.18000030517578,26211600,0.27298796296296296,MSFT
2015-01-26,47.0,47.130001068115234,46.2400016784668,47.0099983215332,42525500,0.31095481927710844,MSFT
2015-01-27,42.95000076293945,43.20000076293945,42.11000061035156,42.65999984741211,169164000,0.14348475298126065,MSFT
2015-01-28,42.7400016784668,42.790000915527344,41.15999984741211,41.189998626708984,84507100,0.16063665048543688,MSFT
2015-01-29,40.93000030517578,42.119998931884766,40.790000915527344,42.0099983215332,63585300,0.18178132295719845,MSFT
2015-01-30,41.54999923706055,41.58000183105469,40.349998474121094,40.400001525878906,78004900,0.1476448132780083,MSFT
2015-02-02,40.59000015258789,41.369998931884766,40.22999954223633,41.279998779296875,50352500,0.2240747311827957,MSFT
2015-02-03,41.630001068115234,41.93000030517578,41.04999923706055,41.599998474121094,52082400,0.10617894736842105,MSFT
2015-02-04,41.939998626708984,42.209999084472656,41.36000061035156,41.84000015258789,41614800,0.13667434554973823,MSFT
2015-02-05,42.220001220703125,42.63999938964844,41.86000061035156,42.45000076293945,36548200,0.13470893854748603,MSFT
2015-02-06,42.68000030517578,42.790000915527344,42.150001525878906,42.40999984741211,34616600,0.2463877358490566,MSFT
2015-02-09,42.2400016784668,42.7400016784668,42.209999084472656,42.36000061035156,31381100,0.15030632183908046,MSFT
2015-02-10,42.7400016784668,42.77000045776367,42.18000030517578,42.599998474121094,29670700,0.16406705202312138,MSFT
2015-02-11,42.650001525878906,42.650001525878906,42.209999084472656,42.380001068115234,38262500,0.20477541899441343,MSFT
2015-02-12,42.65999984741211,43.09000015258789,42.5099983215332,43.09000015258789,33268800,0.25819333333333333,MSFT
2015-02-13,43.380001068115234,43.869998931884766,43.150001525878906,43.869998931884766,40264900,0.19518823529411766,MSFT
2015-02-17,43.970001220703125,44.0,43.189998626708984,43.58000183105469,33695700,0.2128842105263158,MSFT
2015-02-18,43.630001068115234,43.70000076293945,43.38999938964844,43.529998779296875,27111700,0.24885702479338842,MSFT
2015-02-19,43.18000030517578,43.529998779296875,43.04999923706055,43.5,27603400,0.04734166666666667,MSFT
2015-02-20,43.5099983215332,43.880001068115234,43.290000915527344,43.86000061035156,29721100,0.1120316513761468,MSFT
2015-02-23,43.70000076293945,44.189998626708984,43.650001525878906,44.150001525878906,32518800,0.16558898305084746,MSFT
2015-02-24,44.150001525878906,44.29999923706055,43.91999816894531,44.09000015258789,25271700,0.03939837398373984,MSFT
2015-02-25,43.95000076293945,44.09000015258789,43.79999923706055,43.9900016784668,29759800,0.20786538461538462,MSFT
2015-02-26,43.9900016784668,44.22999954223633,43.88999938964844,44.060001373291016,28957300,0.17946477987421383,MSFT
2015-02-27,44.130001068115234,44.20000076293945,43.65999984741211,43.849998474121094,33807700,0.14320869565217392,MSFT
2015-03-02,43.66999816894531,44.189998626708984,43.54999923706055,43.880001068115234,31924000,0.1996344827586207,MSFT
2015-03-03,43.560001373291016,43.83000183105469,43.09000015258789,43.279998779296875,31748600,0.11867142857142858,MSFT
2015-03-04,43.0099983215332,43.209999084472656,42.880001068115234,43.060001373291016,25748700,0.18456060606060606,MSFT
2015-03-05,43.06999969482422,43.2400016784668,42.81999969482422,43.11000061035156,23193500,0.10621610738255034,MSFT
2015-03-06,43.0,43.11000061035156,42.150001525878906,42.36000061035156,36248800,0.11547569444444444,MSFT
2015-03-09,42.189998626708984,43.130001068115234,42.189998626708984,42.849998474121094,32108000,0.1555020134228188,MSFT
2015-03-10,42.349998474121094,42.709999084472656,42.029998779296875,42.029998779296875,39159700,0.14750960000000002,MSFT
2015-03-11,42.310001373291016,42.369998931884766,41.84000015258789,41.97999954223633,32215300,0.1497034188034188,MSFT
2015-03-12,41.33000183105469,41.650001525878906,40.86000061035156,41.02000045776367,59992500,0.05008725868725869,MSFT
2015-03-13,40.70000076293945,41.470001220703125,40.61000061035156,41.380001068115234,58007700,0.09507417582417582,MSFT
2015-03-16,41.470001220703125,41.63999938964844,41.279998779296875,41.560001373291016,35273500,0.08328154761904763,MSFT
2015-03-17,41.369998931884766,41.83000183105469,41.150001525878906,41.70000076293945,31673400,0.14206711864406782,MSFT
2015-03-18,41.43000030517578,42.83000183105469,41.33000183105469,42.5,44194800,0.17865759493670888,MSFT
2015-03-19,42.2599983215332,42.59000015258789,42.220001220703125,42.290000915527344,33879100,0.1633313131313131,MSFT
2015-03-20,42.560001373291016,42.97999954223633,42.4900016784668,42.880001068115234,71904500,0.25827955801104974,MSFT
2015-03-23,42.880001068115234,43.130001068115234,42.779998779296875,42.86000061035156,26246100,0.18320129032258065,MSFT
2015-03-24,42.779998779296875,43.16999816894531,42.75,42.900001525878906,25513300,0.09611534391534392,MSFT
2015-03-25,42.91999816894531,42.93000030517578,41.439998626708984,41.459999084472656,43469900,0.10586028368794327,MSFT
2015-03-26,41.220001220703125,41.61000061035156,40.91999816894531,41.209999084472656,37495600,0.14611132075471697,MSFT
2015-03-27,41.119998931884766,41.43000030517578,40.83000183105469,40.970001220703125,34401400,0.43187989130434784,MSFT
2015-03-30,41.099998474121094,41.540000915527344,40.90999984741211,40.959999084472656,35049700,0.12982108843537415,MSFT
2015-03-31,40.779998779296875,41.029998779296875,40.540000915527344,40.65999984741211,34887200,0.10222251308900523,MSFT
2015-04-01,40.599998474121094,40.7599983215332,40.310001373291016,40.720001220703125,36865300,0.15871214285714286,MSFT
2015-04-02,40.65999984741211,40.7400016784668,40.119998931884766,40.290000915527344,37487500,0.06399885057471265,MSFT
2015-04-06,40.34000015258789,41.779998779296875,40.18000030517578,41.54999923706055,39223700,0.18310343642611682,MSFT
2015-04-07,41.61000061035156,41.90999984741211,41.310001373291016,41.529998779296875,28809400,0.18461458333333333,MSFT
2015-04-08,41.459999084472656,41.689998626708984,41.040000915527344,41.41999816894531,24753400,0.12242802547770701,MSFT
2015-04-09,41.25,41.619998931884766,41.25,41.47999954223633,25723900,0.18083241379310344,MSFT
2015-04-10,41.630001068115234,41.95000076293945,41.40999984741211,41.720001220703125,28022000,0.2196513274336283,MSFT
2015-04-13,41.400001525878906,42.060001373291016,41.38999938964844,41.7599983215332,30276700,0.171965,MSFT
2015-04-14,41.79999923706055,42.029998779296875,41.38999938964844,41.650001525878906,24244400,0.10245755813953487,MSFT
2015-04-15,41.7599983215332,42.459999084472656,41.68000030517578,42.2599983215332,27343600,0.20880677966101696,MSFT
2015-04-16,41.95000076293945,42.34000015258789,41.81999969482422,42.15999984741211,22509700,0.1539756756756757,MSFT
2015-04-17,41.66999816894531,41.7400016784668,41.15999984741211,41.619998931884766,42387600,0.1859956204379562,MSFT
2015-04-20,41.72999954223633,43.16999816894531,41.68000030517578,42.90999984741211,46057700,0.19164435483870967,MSFT
2015-04-21,43.0,43.150001525878906,42.529998779296875,42.63999938964844,26013800,0.2337587064676617,MSFT
2015-04-22,42.66999816894531,43.130001068115234,42.54999923706055,42.9900016784668,25064300,0.2825563157894737,MSFT
2015-04-23,42.88999938964844,43.61000061035156,42.79999923706055,43.34000015258789,46309500,0.3419813235294118,MSFT
2015-04-24,45.65999984741211,48.13999938964844,45.650001525878906,47.869998931884766,130933700,0.26544066820276496,MSFT
2015-04-27,47.22999954223633,48.130001068115234,47.220001220703125,48.029998779296875,59248200,0.17262464788732393,MSFT
2015-04-28,47.779998779296875,49.209999084472656,47.70000076293945,49.15999984741211,60730800,0.25034103448275863,MSFT
2015-04-29,48.720001220703125,49.310001373291016,48.5,49.060001373291016,47804600,0.21761057268722467,MSFT
2015-04-30,48.70000076293945,49.540000915527344,48.599998474121094,48.63999938964844,64725500,0.18601755319148935,MSFT
2015-05-01,48.58000183105469,48.880001068115234,48.400001525878906,48.65999984741211,38937300,0.25393107569721113,MSFT
2015-05-04,48.369998931884766,48.869998931884766,48.18000030517578,48.2400016784668,34039500,0.17025302325581396,MSFT
2015-05-05,47.81999969482422,48.15999984741211,47.310001373291016,47.599998474121094,50369200,0.197165,MSFT
2015-05-06,47.56999969482422,47.77000045776367,46.02000045776367,46.279998779296875,52433000,0.1525468227424749,MSFT
2015-05-07,46.27000045776367,47.09000015258789,46.15999984741211,46.70000076293945,32971700,0.2740122580645161,MSFT
2015-05-08,47.54999923706055,47.97999954223633,47.52000045776367,47.75,35364900,0.1259609442060086,MSFT
2015-05-11,47.54999923706055,47.90999984741211,47.369998931884766,47.369998931884766,24609400,0.1675551886792453,MSFT
2015-05-12,46.849998474121094,47.68000030517578,46.41999816894531,47.349998474121094,29928300,0.10967795698924732,MSFT
2015-05-13,48.189998626708984,48.31999969482422,47.56999969482422,47.630001068115234,34184600,0.26483057324840764,MSFT
2015-05-14,48.029998779296875,48.81999969482422,48.029998779296875,48.720001220703125,32980900,0.17130096153846155,MSFT
2015-05-15,48.869998931884766,48.90999984741211,48.04999923706055,48.29999923706055,28642700,0.15330194805194805,MSFT
2015-05-18,47.97999954223633,48.220001220703125,47.61000061035156,48.0099983215332,24136500,0.20452077922077924,MSFT
2015-05-19,47.560001373291016,47.810001373291016,47.18000030517578,47.58000183105469,28574800,0.16362422680412372,MSFT
2015-05-20,47.38999938964844,47.93000030517578,47.27000045776367,47.58000183105469,25047900,0.2495910447761194,MSFT
2015-05-21,47.279998779296875,47.599998474121094,47.0099983215332,47.41999816894531,22410700,0.2091943925233645,MSFT
2015-05-22,47.29999923706055,47.349998474121094,46.81999969482422,46.900001525878906,25720600,0.19238018018018016,MSFT
2015-05-26,46.83000183105469,46.880001068115234,46.189998626708984,46.59000015258789,29581900,-0.006588387096774188,MSFT
2015-05-27,46.81999969482422,47.77000045776367,46.619998931884766,47.61000061035156,27335600,0.2896846153846154,MSFT
2015-05-28,47.5,48.02000045776367,47.38999938964844,47.45000076293945,19283700,0.20868802816901408,MSFT
2015-05-29,47.43000030517578,47.56999969482422,46.59000015258789,46.86000061035156,36519600,0.19512391304347826,MSFT
2015-06-01,47.060001373291016,47.77000045776367,46.619998931884766,47.22999954223633,28837300,0.21559921568627452,MSFT
2015-06-02,46.93000030517578,47.349998474121094,46.619998931884766,46.91999816894531,21498300,0.2643008097165992,MSFT
2015-06-03,47.369998931884766,47.7400016784668,46.81999969482422,46.849998474121094,28002200,0.17732931034482757,MSFT
2015-06-04,46.790000915527344,47.15999984741211,46.20000076293945,46.36000061035156,27745500,0.13367500000000002,MSFT
2015-06-05,46.310001373291016,46.52000045776367,45.84000015258789,46.13999938964844,25438100,0.20272602739726026,MSFT
2015-06-08,46.29999923706055,46.43000030517578,45.66999816894531,45.72999954223633,22121600,0.21809264705882356,MSFT
2015-06-09,45.7599983215332,45.939998626708984,45.459999084472656,45.650001525878906,24406100,0.17715664739884396,MSFT
2015-06-10,45.790000915527344,46.83000183105469,45.689998626708984,46.61000061035156,28417400,0.18272032967032967,MSFT
2015-06-11,46.65999984741211,46.91999816894531,46.130001068115234,46.439998626708984,27347800,0.15134673366834173,MSFT
2015-06-12,46.220001220703125,46.470001220703125,45.900001525878906,45.970001220703125,23931000,0.2397138686131387,MSFT
2015-06-15,45.45000076293945,45.650001525878906,45.02000045776367,45.47999954223633,33254500,0.09814466403162056,MSFT
2015-06-16,45.349998474121094,46.2400016784668,45.29999923706055,45.83000183105469,27070300,0.10459099526066351,MSFT
2015-06-17,45.72999954223633,46.06999969482422,45.36000061035156,45.970001220703125,28704100,0.1069764705882353,MSFT
2015-06-18,46.220001220703125,46.79999923706055,46.16999816894531,46.720001220703125,32658300,0.1629203592814371,MSFT
2015-06-19,46.790000915527344,46.83000183105469,45.9900016784668,46.099998474121094,63837000,0.13504117647058825,MSFT
2015-06-22,46.33000183105469,46.720001220703125,46.15999984741211,46.22999954223633,20318100,0.225396,MSFT
2015-06-23,46.130001068115234,46.279998779296875,45.619998931884766,45.90999984741211,25896500,0.22788866666666668,MSFT
2015-06-24,45.66999816894531,46.25,45.54999923706055,45.63999938964844,34890900,0.22704489795918367,MSFT
2015-06-25,46.029998779296875,46.060001373291016,45.5,45.650001525878906,20616000,0.23400661764705882,MSFT
2015-06-26,45.650001525878906,46.279998779296875,45.029998779296875,45.2599983215332,49835300,0.13725361445783135,MSFT
2015-06-29,45.040000915527344,45.22999954223633,44.36000061035156,44.369998931884766,34081700,0.14863777777777779,MSFT
2015-06-30,44.709999084472656,44.720001220703125,43.939998626708984,44.150001525878906,35945400,0.19219022222222223,MSFT
2015-07-01,44.459999084472656,45.22999954223633,44.099998474121094,44.45000076293945,28343900,0.14349328859060403,MSFT
2015-07-02,44.47999954223633,44.75,44.060001373291016,44.400001525878906,21752000,0.26236194029850746,MSFT
2015-07-06,43.959999084472656,44.47999954223633,43.95000076293945,44.38999938964844,23034000,0.30185850340136056,MSFT
2015-07-07,44.34000015258789,44.4900016784668,43.31999969482422,44.29999923706055,36435800,0.2603948863636364,MSFT
2015-07-08,44.439998626708984,44.900001525878906,44.029998779296875,44.2400016784668,39785900,0.015453995680345575,MSFT
2015-07-09,44.75,45.220001220703125,44.5,44.52000045776367,32424700,0.06390717948717949,MSFT
2015-07-10,45.0099983215332,45.13999938964844,44.56999969482422,44.61000061035156,25465800,0.17411034482758622,MSFT
2015-07-13,44.97999954223633,45.619998931884766,44.95000076293945,45.540000915527344,28178300,0.2394401098901099,MSFT
2015-07-14,45.45000076293945,45.959999084472656,45.310001373291016,45.619998931884766,22880300,0.2334538860103627,MSFT
2015-07-15,45.68000030517578,45.88999938964844,45.43000030517578,45.7599983215332,26629600,0.252326875,MSFT
2015-07-16,46.0099983215332,46.689998626708984,45.970001220703125,46.65999984741211,26271700,0.13878990825688073,MSFT
2015-07-17,46.54999923706055,46.779998779296875,46.2599983215332,46.619998931884766,29467100,0.2845776223776224,MSFT
2015-07-20,46.650001525878906,47.130001068115234,46.439998626708984,46.91999816894531,30631900,0.3592322869955157,MSFT
2015-07-21,46.779998779296875,47.33000183105469,46.47999954223633,47.279998779296875,42781900,0.21742729439809297,MSFT
2015-07-22,45.439998626708984,46.93000030517578,45.20000076293945,45.540000915527344,59152400,0.14130263157894737,MSFT
2015-07-23,45.27000045776367,46.22999954223633,45.099998474121094,46.11000061035156,33934000,0.1912961165048544,MSFT
2015-07-24,45.90999984741211,46.31999969482422,45.79999923706055,45.939998626708984,32333200,0.15052718446601943,MSFT
2015-07-27,45.939998626708984,46.0099983215332,45.25,45.349998474121094,39701400,0.15461118421052633,MSFT
2015-07-28,45.58000183105469,45.63999938964844,44.790000915527344,45.34000015258789,34328900,0.1544434554973822,MSFT
2015-07-29,45.400001525878906,46.779998779296875,45.2599983215332,46.290000915527344,40945900,0.1851705223880597,MSFT
2015-07-30,46.2599983215332,47.400001525878906,45.93000030517578,46.880001068115234,39777900,0.16782307692307694,MSFT
2015-07-31,47.290000915527344,47.369998931884766,46.5,46.70000076293945,31201500,0.1509995145631068,MSFT
2015-08-03,46.97999954223633,47.0,46.45000076293945,46.810001373291016,24125900,0.14393862068965518,MSFT
2015-08-04,46.75,47.709999084472656,46.68000030517578,47.540000915527344,33403900,0.2516707509881423,MSFT
2015-08-05,47.97999954223633,48.40999984741211,47.540000915527344,47.58000183105469,26959700,0.20692058823529413,MSFT
2015-08-06,47.709999084472656,47.77000045776367,46.33000183105469,46.619998931884766,27368000,0.11314256756756758,MSFT
2015-08-07,46.38999938964844,46.779998779296875,46.2599983215332,46.7400016784668,19163000,0.1491557522123894,MSFT
2015-08-10,46.95000076293945,47.4900016784668,46.84000015258789,47.33000183105469,23079900,0.13191804511278193,MSFT
2015-08-11,46.81999969482422,46.939998626708984,45.900001525878906,46.40999984741211,29237400,0.17558650793650793,MSFT
2015-08-12,46.189998626708984,46.900001525878906,45.709999084472656,46.7400016784668,30181400,0.10732727272727272,MSFT
2015-08-13,47.060001373291016,47.099998474121094,46.4900016784668,46.72999954223633,22627200,0.24180076923076924,MSFT
2015-08-14,46.529998779296875,47.099998474121094,46.52000045776367,47.0,21473400,0.217816,MSFT
2015-08-17,46.810001373291016,47.45000076293945,46.56999969482422,47.31999969482422,21099700,0.21080780141843972,MSFT
2015-08-18,46.84000015258789,47.43000030517578,46.70000076293945,47.27000045776367,23574100,0.16847565217391305,MSFT
2015-08-19,46.779998779296875,47.08000183105469,46.29999923706055,46.61000061035156,31485500,0.25829850746268657,MSFT
2015-08-20,46.06999969482422,46.470001220703125,45.65999984741211,45.65999984741211,36238200,0.18014747474747472,MSFT
2015-08-21,45.29999923706055,45.47999954223633,43.06999969482422,43.06999969482422,70053100,0.1290735294117647,MSFT
2015-08-24,40.45000076293945,42.689998626708984,39.720001220703125,41.68000030517578,88753700,0.02477902097902098,MSFT
2015-08-25,42.56999969482422,43.2400016784668,40.38999938964844,40.470001220703125,70616600,0.18239083333333334,MSFT
2015-08-26,42.0099983215332,42.84000015258789,41.060001373291016,42.709999084472656,63408000,0.2041324561403509,MSFT
2015-08-27,43.22999954223633,43.95000076293945,42.93000030517578,43.900001525878906,50943200,0.17477499999999999,MSFT
2015-08-28,43.400001525878906,44.150001525878906,43.38999938964844,43.93000030517578,28246700,-0.020224271844660194,MSFT
2015-08-31,43.560001373291016,43.93000030517578,43.099998474121094,43.52000045776367,34441700,0.10895588235294118,MSFT
2015-09-01,42.16999816894531,42.59000015258789,41.65999984741211,41.81999969482422,49688900,0.18047054794520548,MSFT
2015-09-02,42.36000061035156,43.380001068115234,41.880001068115234,43.36000061035156,37671500,0.06565645161290323,MSFT
2015-09-03,43.40999984741211,43.97999954223633,43.279998779296875,43.5,28285200,0.15660545454545455,MSFT
2015-09-04,42.810001373291016,43.040000915527344,42.20000076293945,42.61000061035156,37138800,-0.04955862068965518,MSFT
2015-09-08,43.29999923706055,44.0,43.20000076293945,43.88999938964844,32469800,0.18173362831858408,MSFT
2015-09-09,44.209999084472656,44.400001525878906,42.90999984741211,43.06999969482422,33469500,0.1443218905472637,MSFT
2015-09-10,43.119998931884766,43.790000915527344,42.75,43.290000915527344,31366600,0.08184927536231884,MSFT
2015-09-11,43.13999938964844,43.59000015258789,42.939998626708984,43.47999954223633,27132500,0.07228603351955307,MSFT
2015-09-14,43.43000030517578,43.439998626708984,42.86000061035156,43.040000915527344,23656000,0.18662803030303032,MSFT
2015-09-15,43.189998626708984,44.290000915527344,43.08000183105469,43.97999954223633,28882200,0.1499662393162393,MSFT
2015-09-16,43.970001220703125,44.380001068115234,43.84000015258789,44.29999923706055,23372200,0.19865,MSFT
2015-09-17,44.290000915527344,45.0,44.08000183105469,44.25,32768200,0.13375038759689925,MSFT
2015-09-18,43.5,43.9900016784668,43.33000183105469,43.47999954223633,63143700,0.09726506024096386,MSFT
2015-09-21,43.619998931884766,44.470001220703125,43.599998474121094,44.11000061035156,26177200,0.03383493975903615,MSFT
2015-09-22,43.380001068115234,44.04999923706055,43.310001373291016,43.900001525878906,28085900,0.19757912087912088,MSFT
2015-09-23,43.93000030517578,44.16999816894531,43.5099983215332,43.869998931884766,17145200,0.13484000000000002,MSFT
2015-09-24,43.45000076293945,44.130001068115234,43.27000045776367,43.90999984741211,27905600,0.1564953125,MSFT
2015-09-25,44.47999954223633,44.72999954223633,43.7599983215332,43.939998626708984,29384600,0.2318529411764706,MSFT
2015-09-28,43.83000183105469,44.09000015258789,43.209999084472656,43.290000915527344,27613800,0.11823333333333333,MSFT
2015-09-29,43.369998931884766,43.56999969482422,43.04999923706055,43.439998626708984,32763600,0.18776027397260275,MSFT
2015-09-30,43.880001068115234,44.29999923706055,43.65999984741211,44.2599983215332,34958900,-0.048565277777777784,MSFT
2015-10-01,44.75,44.75,43.75,44.61000061035156,28657900,0.02939255813953488,MSFT
2015-10-02,44.27000045776367,45.56999969482422,43.91999816894531,45.56999969482422,41839000,0.25385694444444445,MSFT
2015-10-05,45.75,46.88999938964844,45.70000076293945,46.630001068115234,34369300,0.15242676056338028,MSFT
2015-10-06,46.33000183105469,47.18000030517578,46.220001220703125,46.75,27017200,0.15846069182389938,MSFT
2015-10-07,47.099998474121094,47.349998474121094,45.95000076293945,46.79999923706055,27711500,0.015533181818181821,MSFT
2015-10-08,46.560001373291016,47.52000045776367,46.5,47.45000076293945,33772700,0.13393391812865496,MSFT
2015-10-09,47.45000076293945,47.540000915527344,46.91999816894531,47.11000061035156,28600600,0.1499,MSFT
2015-10-12,46.97999954223633,47.06999969482422,46.5,47.0,19769100,-0.0852417142857143,MSFT
2015-10-13,46.560001373291016,47.130001068115234,46.560001373291016,46.88999938964844,19987800,0.05051709401709402,MSFT
2015-10-14,46.650001525878906,47.099998474121094,46.529998779296875,46.68000030517578,24697800,0.07286940298507463,MSFT
2015-10-15,47.0099983215332,47.029998779296875,46.529998779296875,47.0099983215332,27189400,0.001078443113772446,MSFT
2015-10-16,47.02000045776367,47.540000915527344,46.900001525878906,47.5099983215332,26450300,0.20480251572327043,MSFT
2015-10-19,47.41999816894531,47.880001068115234,47.02000045776367,47.619998931884766,29387600,0.1898053892215569,MSFT
2015-10-20,47.439998626708984,47.810001373291016,47.02000045776367,47.77000045776367,30802200,0.13016952380952382,MSFT
2015-10-21,47.91999816894531,47.9900016784668,47.11000061035156,47.20000076293945,25144300,0.12219668508287293,MSFT
2015-10-22,47.529998779296875,48.95000076293945,47.09000015258789,48.029998779296875,56637100,0.34629761526232117,MSFT
2015-10-23,52.29999923706055,54.06999969482422,52.25,52.869998931884766,135227100,0.26371926605504586,MSFT
2015-10-26,52.529998779296875,54.31999969482422,52.5,54.25,64633300,0.17103342465753424,MSFT
2015-10-27,53.9900016784668,54.369998931884766,53.58000183105469,53.689998626708984,50999900,0.292614409221902,MSFT
2015-10-28,53.540000915527344,53.97999954223633,52.86000061035156,53.97999954223633,47000800,-0.2310201995012469,MSFT
2015-10-29,53.540000915527344,53.83000183105469,53.220001220703125,53.36000061035156,30202100,0.11608666666666667,MSFT
2015-10-30,53.31999969482422,53.9900016784668,52.619998931884766,52.63999938964844,46619800,0.26641674008810573,MSFT
2015-11-02,52.849998474121094,53.36000061035156,52.619998931884766,53.2400016784668,30285000,0.13889375,MSFT
2015-11-03,52.93000030517578,54.38999938964844,52.900001525878906,54.150001525878906,36596900,0.17875308641975307,MSFT
2015-11-04,54.18000030517578,54.880001068115234,54.060001373291016,54.400001525878906,37087800,0.1692390756302521,MSFT
2015-11-05,54.4900016784668,54.70000076293945,54.0,54.380001068115234,31468500,0.08378534031413612,MSFT
2015-11-06,54.09000015258789,54.97999954223633,53.959999084472656,54.91999816894531,32851200,0.26344716981132077,MSFT
2015-11-09,54.54999923706055,54.869998931884766,53.560001373291016,54.15999984741211,32513100,0.20903153846153846,MSFT
2015-11-10,54.06999969482422,54.130001068115234,53.27000045776367,53.5099983215332,55283700,0.07705174418604652,MSFT
2015-11-11,53.70000076293945,54.20000076293945,53.459999084472656,53.650001525878906,36516300,0.18393705882352943,MSFT
2015-11-12,53.47999954223633,53.97999954223633,53.189998626708984,53.31999969482422,35361100,0.15954506172839505,MSFT
2015-11-13,53.06999969482422,53.290000915527344,52.529998779296875,52.84000015258789,36848200,-0.047692307692307694,MSFT
2015-11-16,53.08000183105469,53.88999938964844,52.849998474121094,53.77000045776367,32165200,-0.15953649635036496,MSFT
2015-11-17,53.16999816894531,53.529998779296875,52.849998474121094,52.970001220703125,31551300,0.08154765625,MSFT
2015-11-18,53.0,53.97999954223633,52.97999954223633,53.849998474121094,29710000,0.290498275862069,MSFT
2015-11-19,53.9900016784668,54.65999984741211,53.779998779296875,53.939998626708984,28149200,0.08816574585635359,MSFT
2015-11-20,54.25,54.29999923706055,53.27000045776367,54.189998626708984,37147600,-0.15251848739495796,MSFT
2015-11-23,54.25,54.459999084472656,53.75,54.189998626708984,28235900,0.15903960396039607,MSFT
2015-11-24,53.91999816894531,54.439998626708984,53.58000183105469,54.25,24600000,0.10695648148148147,MSFT
2015-11-25,54.09000015258789,54.22999954223633,53.689998626708984,53.689998626708984,21005100,-0.16721648351648352,MSFT
2015-11-27,53.79999923706055,54.08000183105469,53.790000915527344,53.93000030517578,9009100,0.2276952380952381,MSFT
2015-11-30,54.540000915527344,54.959999084472656,54.0,54.349998474121094,56241400,0.19816243523316063,MSFT
2015-12-01,54.40999984741211,55.22999954223633,54.29999923706055,55.220001220703125,39952800,0.2297891472868217,MSFT
2015-12-02,55.31999969482422,55.959999084472656,55.060001373291016,55.209999084472656,47274900,0.08587196765498653,MSFT
2015-12-03,55.4900016784668,55.77000045776367,53.93000030517578,54.20000076293945,38627800,0.23319736842105263,MSFT
2015-12-04,54.119998931884766,56.22999954223633,54.099998474121094,55.90999984741211,43963700,0.19734785714285716,MSFT
2015-12-07,55.790000915527344,55.970001220703125,55.290000915527344,55.810001373291016,30709800,0.24595886524822694,MSFT
2015-12-08,55.470001220703125,56.099998474121094,54.9900016784668,55.790000915527344,32878000,0.2176908256880734,MSFT
2015-12-09,55.369998931884766,55.869998931884766,54.5099983215332,54.97999954223633,36373200,0.18956603773584907,MSFT
2015-12-10,55.38999938964844,55.65999984741211,55.0099983215332,55.27000045776367,31775800,0.21762583333333335,MSFT
2015-12-11,54.709999084472656,55.099998474121094,54.0099983215332,54.060001373291016,39549500,0.4608854651162791,MSFT
2015-12-14,54.33000183105469,55.209999084472656,53.68000030517578,55.13999938964844,46768900,0.04652156862745098,MSFT
2015-12-15,55.65999984741211,55.900001525878906,55.09000015258789,55.20000076293945,39843000,0.20755288461538463,MSFT
2015-12-16,55.540000915527344,56.25,54.7599983215332,56.130001068115234,37503300,0.16616635514018693,MSFT
2015-12-17,56.36000061035156,56.790000915527344,55.529998779296875,55.70000076293945,41280900,0.01605,MSFT
2015-12-18,55.77000045776367,56.0,54.029998779296875,54.130001068115234,84684200,-0.06493842975206612,MSFT
2015-12-21,54.880001068115234,55.349998474121094,54.22999954223633,54.83000183105469,37246300,0.16836133333333334,MSFT
2015-12-22,54.9900016784668,55.47999954223633,54.5,55.349998474121094,28322200,0.23343131313131313,MSFT
2015-12-23,55.70000076293945,55.880001068115234,55.439998626708984,55.81999969482422,27279800,0.17402247191011236,MSFT
2015-12-24,55.86000061035156,55.959999084472656,55.43000030517578,55.66999816894531,9558500,0.12823142857142858,MSFT
2015-12-28,55.349998474121094,55.95000076293945,54.97999954223633,55.95000076293945,22458300,0.05527478260869565,MSFT
2015-12-29,56.290000915527344,56.849998474121094,56.060001373291016,56.54999923706055,27731400,0.10699453551912567,MSFT
2015-12-30,56.470001220703125,56.779998779296875,56.290000915527344,56.310001373291016,21704500,0.16100104166666668,MSFT
2015-12-31,56.040000915527344,56.189998626708984,55.41999816894531,55.47999954223633,27334100,0.24774535519125684,MSFT
2016-01-04,54.31999969482422,54.79999923706055,53.38999938964844,54.79999923706055,53778000,0.11493,MSFT
2016-01-05,54.93000030517578,55.38999938964844,54.540000915527344,55.04999923706055,34079700,0.13613819444444444,MSFT
2016-01-06,54.31999969482422,54.400001525878906,53.63999938964844,54.04999923706055,39518900,-0.023872941176470593,MSFT
2016-01-07,52.70000076293945,53.4900016784668,52.06999969482422,52.16999816894531,56564900,0.20877714285714286,MSFT
2016-01-08,52.369998931884766,53.279998779296875,52.150001525878906,52.33000183105469,48754000,-0.2326894382022472,MSFT
2016-01-11,52.5099983215332,52.849998474121094,51.459999084472656,52.29999923706055,36943800,0.207244,MSFT
2016-01-12,52.7599983215332,53.099998474121094,52.060001373291016,52.779998779296875,36095500,0.21682845528455286,MSFT
2016-01-13,53.79999923706055,54.06999969482422,51.29999923706055,51.63999938964844,66883600,0.21615551724137932,MSFT
2016-01-14,52.0,53.41999816894531,51.56999969482422,53.11000061035156,52381900,0.06034464285714286,MSFT
2016-01-15,51.310001373291016,51.970001220703125,50.34000015258789,50.9900016784668,71820700,0.1023484251968504,MSFT
2016-01-19,51.47999954223633,51.68000030517578,50.060001373291016,50.560001373291016,43564500,0.14221387283236994,MSFT
2016-01-20,49.97999954223633,51.380001068115234,49.099998474121094,50.790000915527344,63273000,0.3302991967871486,MSFT
2016-01-21,51.0,51.58000183105469,50.29999923706055,50.47999954223633,40191200,0.23576015037593986,MSFT
2016-01-22,51.40999984741211,52.33000183105469,51.2599983215332,52.290000915527344,37555800,0.02222222222222222,MSFT
2016-01-25,51.939998626708984,52.650001525878906,51.650001525878906,51.790000915527344,34707700,0.2946,MSFT
2016-01-26,51.790000915527344,52.439998626708984,51.54999923706055,52.16999816894531,28900800,0.08256013513513513,MSFT
2016-01-27,52.0099983215332,52.20000076293945,51.02000045776367,51.220001220703125,36775200,0.09111506849315068,MSFT
2016-01-28,51.86000061035156,52.209999084472656,51.25,52.060001373291016,62513800,0.311653264604811,MSFT
2016-01-29,54.72999954223633,55.09000015258789,54.0,55.09000015258789,83611700,0.023432062391681104,MSFT
2016-02-01,54.880001068115234,55.09000015258789,54.5,54.709999084472656,44208500,0.1413821052631579,MSFT
2016-02-02,54.16999816894531,54.2599983215332,52.650001525878906,53.0,56313800,0.0904172268907563,MSFT
2016-02-03,53.25,53.38999938964844,51.2599983215332,52.15999984741211,57559800,0.17048325358851674,MSFT
2016-02-04,52.099998474121094,52.810001373291016,51.369998931884766,52.0,46987100,-0.009201287553648073,MSFT
2016-02-05,51.939998626708984,52.0,49.560001373291016,50.15999984741211,62009000,0.07148215962441315,MSFT
2016-02-08,49.54999923706055,49.56999969482422,48.189998626708984,49.40999984741211,59290500,0.05709020618556701,MSFT
2016-02-09,49.02000045776367,50.2400016784668,48.66999816894531,49.279998779296875,46740500,-0.0524125,MSFT
2016-02-10,49.88999938964844,50.38999938964844,49.52000045776367,49.709999084472656,38237000,0.08083089700996678,MSFT
2016-02-11,48.68000030517578,50.11000061035156,48.5099983215332,49.689998626708984,48878600,0.16904101694915255,MSFT
2016-02-12,50.25,50.68000030517578,49.75,50.5,34243300,0.12482343750000001,MSFT
2016-02-16,50.900001525878906,51.09000015258789,50.130001068115234,51.09000015258789,37291200,0.022135123966942144,MSFT
2016-02-17,51.4900016784668,52.77000045776367,51.45000076293945,52.41999816894531,40789000,0.11316367041198502,MSFT
2016-02-18,52.33000183105469,52.95000076293945,52.099998474121094,52.189998626708984,27176000,0.1548356495468278,MSFT
2016-02-19,51.970001220703125,52.279998779296875,51.529998779296875,51.81999969482422,33559100,0.13461022222222221,MSFT
2016-02-22,52.279998779296875,53.0,52.279998779296875,52.650001525878906,25008300,0.10401462264150944,MSFT
2016-02-23,52.34000015258789,52.369998931884766,50.97999954223633,51.18000030517578,28895300,0.029428519855595667,MSFT
2016-02-24,50.689998626708984,51.5,50.20000076293945,51.36000061035156,33014500,0.1125191977077364,MSFT
2016-02-25,51.72999954223633,52.099998474121094,50.61000061035156,52.099998474121094,26939500,0.15327891566265062,MSFT
2016-02-26,52.599998474121094,52.68000030517578,51.099998474121094,51.29999923706055,35975900,0.008309687500000001,MSFT
2016-02-29,51.349998474121094,51.650001525878906,50.65999984741211,50.880001068115234,31654000,0.08452935483870967,MSFT
2016-03-01,50.970001220703125,52.59000015258789,50.91999816894531,52.58000183105469,33024500,0.08276380952380952,MSFT
2016-03-02,52.40999984741211,52.959999084472656,52.15999984741211,52.95000076293945,29289900,0.18111937984496124,MSFT
2016-03-03,52.970001220703125,52.970001220703125,51.779998779296875,52.349998474121094,24427800,0.06810714285714285,MSFT
2016-03-04,52.400001525878906,52.45000076293945,51.709999084472656,52.029998779296875,33034200,0.06232637362637363,MSFT
2016-03-07,51.560001373291016,51.79999923706055,50.58000183105469,51.029998779296875,38407800,0.11532348178137651,MSFT
2016-03-08,50.79999923706055,52.130001068115234,50.599998474121094,51.650001525878906,33835100,0.0831165191740413,MSFT
2016-03-09,51.88999938964844,52.849998474121094,51.86000061035156,52.84000015258789,28251600,0.1001909090909091,MSFT
2016-03-10,52.93000030517578,52.939998626708984,51.15999984741211,52.04999923706055,38387800,0.0730270462633452,MSFT
2016-03-11,53.0,53.06999969482422,52.380001068115234,53.06999969482422,32275700,-0.3595091059602649,MSFT
2016-03-14,52.709999084472656,53.59000015258789,52.630001068115234,53.16999816894531,24083600,-0.01617334669338678,MSFT
2016-03-15,52.75,53.59000015258789,52.7400016784668,53.59000015258789,21104800,0.20154023323615158,MSFT
2016-03-16,53.45000076293945,54.599998474121094,53.400001525878906,54.349998474121094,31691700,0.11062551928783383,MSFT
2016-03-17,54.209999084472656,55.0,54.0,54.65999984741211,28223900,0.03442917771883289,MSFT
2016-03-18,54.91999816894531,54.970001220703125,53.45000076293945,53.4900016784668,67625500,0.14557398119122256,MSFT
2016-03-21,53.25,53.93000030517578,52.93000030517578,53.86000061035156,23925700,0.10062746268656717,MSFT
2016-03-22,53.61000061035156,54.25,53.459999084472656,54.06999969482422,23124100,0.1182620253164557,MSFT
2016-03-23,54.11000061035156,54.2400016784668,53.7400016784668,53.970001220703125,20129000,0.05317205479452054,MSFT
2016-03-24,53.84000015258789,54.33000183105469,53.72999954223633,54.209999084472656,19950000,-0.026491538461538462,MSFT
2016-03-28,54.209999084472656,54.290000915527344,53.33000183105469,53.540000915527344,17025100,0.007718780487804878,MSFT
2016-03-29,53.65999984741211,54.86000061035156,53.45000076293945,54.709999084472656,23924300,0.1495379403794038,MSFT
2016-03-30,54.93000030517578,55.63999938964844,54.900001525878906,55.04999923706055,23008300,0.07716492063492064,MSFT
2016-03-31,54.95000076293945,55.59000015258789,54.86000061035156,55.22999954223633,26360500,0.026901428571428573,MSFT
2016-04-01,55.04999923706055,55.61000061035156,54.56999969482422,55.56999969482422,24399200,0.1319304347826087,MSFT
2016-04-04,55.43000030517578,55.65999984741211,55.0,55.43000030517578,18928800,-0.0406994623655914,MSFT
2016-04-05,55.189998626708984,55.29999923706055,54.459999084472656,54.560001373291016,19272300,-0.16363766816143496,MSFT
2016-04-06,54.36000061035156,55.20000076293945,54.209999084472656,55.119998931884766,21188700,-0.01813275862068966,MSFT
2016-04-07,54.869998931884766,54.90999984741211,54.22999954223633,54.459999084472656,19225100,-0.06527318435754191,MSFT
2016-04-08,54.66999816894531,55.279998779296875,54.31999969482422,54.41999816894531,22167200,-0.13297054263565894,MSFT
2016-04-11,54.4900016784668,55.150001525878906,54.29999923706055,54.310001373291016,21414200,0.22381724137931036,MSFT
2016-04-12,54.369998931884766,54.779998779296875,53.7599983215332,54.650001525878906,24944300,-0.07565073529411764,MSFT
2016-04-13,55.119998931884766,55.439998626708984,54.88999938964844,55.349998474121094,20818000,-0.2543888475836431,MSFT
2016-04-14,55.220001220703125,55.58000183105469,55.06999969482422,55.36000061035156,20877100,0.034632978723404255,MSFT
2016-04-15,55.29999923706055,55.91999816894531,55.11000061035156,55.650001525878906,28793800,0.021696022727272727,MSFT
2016-04-18,55.4900016784668,56.59000015258789,55.209999084472656,56.459999084472656,23786000,0.15751928934010154,MSFT
2016-04-19,56.630001068115234,56.77000045776367,55.68000030517578,56.38999938964844,29596800,0.12040242214532873,MSFT
2016-04-20,56.290000915527344,56.5,55.4900016784668,55.59000015258789,36195700,0.06977672811059908,MSFT
2016-04-21,55.79999923706055,56.22999954223633,55.41999816894531,55.779998779296875,38909100,0.130307868852459,MSFT
2016-04-22,51.90999984741211,52.43000030517578,50.77000045776367,51.779998779296875,126834100,0.07125992141453832,MSFT
2016-04-25,51.779998779296875,52.130001068115234,51.630001068115234,52.11000061035156,33226900,0.20733956043956042,MSFT
2016-04-26,52.2599983215332,52.349998474121094,51.09000015258789,51.439998626708984,33532600,0.09217215189873418,MSFT
2016-04-27,51.47999954223633,51.5,50.54999923706055,50.939998626708984,43369300,0.0737116766467066,MSFT
2016-04-28,50.619998931884766,50.77000045776367,49.560001373291016,49.900001525878906,43134800,0.121688,MSFT
2016-04-29,49.349998474121094,50.25,49.349998474121094,49.869998931884766,48411700,0.15640058309037902,MSFT
2016-05-02,50.0,50.75,49.779998779296875,50.61000061035156,33114500,0.15428823529411764,MSFT
2016-05-03,50.34000015258789,50.40999984741211,49.599998474121094,49.779998779296875,26460200,0.1703727272727273,MSFT
2016-05-04,49.84000015258789,50.060001373291016,49.459999084472656,49.869998931884766,24257600,0.04573414634146341,MSFT
2016-05-05,49.869998931884766,50.29999923706055,49.72999954223633,49.939998626708984,25390700,0.13428078947368421,MSFT
2016-05-06,49.91999816894531,50.38999938964844,49.65999984741211,50.38999938964844,24787300,0.025976627218934914,MSFT
2016-05-09,50.4900016784668,50.59000015258789,50.0,50.06999969482422,17951600,0.10850753968253969,MSFT
2016-05-10,50.33000183105469,51.099998474121094,50.189998626708984,51.02000045776367,22891000,0.13005933147632312,MSFT
2016-05-11,51.130001068115234,51.779998779296875,51.0,51.04999923706055,24039100,-0.1987042910447761,MSFT
2016-05-12,51.20000076293945,51.810001373291016,50.91999816894531,51.5099983215332,24102800,0.02746645367412141,MSFT
2016-05-13,51.439998626708984,51.900001525878906,51.040000915527344,51.08000183105469,22592300,0.08592803030303031,MSFT
2016-05-16,50.79999923706055,51.959999084472656,50.75,51.83000183105469,20032000,0.12555080000000002,MSFT
2016-05-17,51.720001220703125,51.72999954223633,50.36000061035156,50.5099983215332,27803500,0.11618328358208954,MSFT
2016-05-18,50.47999954223633,51.13999938964844,50.29999923706055,50.810001373291016,24907500,0.01636847599164927,MSFT
2016-05-19,50.470001220703125,50.619998931884766,49.81999969482422,50.31999969482422,23842400,0.04824984423676012,MSFT
2016-05-20,50.47999954223633,51.220001220703125,50.400001525878906,50.619998931884766,23905800,0.15635087719298246,MSFT
2016-05-23,50.599998474121094,50.68000030517578,49.97999954223633,50.029998779296875,26118700,0.006086574074074081,MSFT
2016-05-24,50.70000076293945,51.709999084472656,50.400001525878906,51.59000015258789,34757900,0.09021812080536913,MSFT
2016-05-25,51.91999816894531,52.4900016784668,51.790000915527344,52.119998931884766,24040200,0.0037345971563981077,MSFT
2016-05-26,51.93000030517578,51.97999954223633,51.36000061035156,51.88999938964844,24335200,0.029731213872832372,MSFT
2016-05-27,51.91999816894531,52.31999969482422,51.77000045776367,52.31999969482422,17721400,0.07743424657534248,MSFT
2016-05-31,52.2599983215332,53.0,52.08000183105469,53.0,37653100,0.03314127659574469,MSFT
2016-06-01,52.439998626708984,52.95000076293945,52.439998626708984,52.849998474121094,25324800,0.07012292020373515,MSFT
2016-06-02,52.63999938964844,52.7400016784668,51.84000015258789,52.47999954223633,22840800,0.03783363636363636,MSFT
2016-06-03,52.380001068115234,52.41999816894531,51.599998474121094,51.790000915527344,23368300,0.11890616883116883,MSFT
2016-06-06,51.9900016784668,52.349998474121094,51.88999938964844,52.130001068115234,18243300,0.06413163265306122,MSFT
2016-06-07,52.2400016784668,52.72999954223633,52.099998474121094,52.099998474121094,20866800,0.13317979797979798,MSFT
2016-06-08,52.02000045776367,52.439998626708984,51.869998931884766,52.040000915527344,21149400,0.12035516129032257,MSFT
2016-06-09,52.0,52.0,51.4900016784668,51.619998931884766,20305700,0.16959900662251656,MSFT
2016-06-10,51.04999923706055,52.04999923706055,51.040000915527344,51.47999954223633,25833200,0.0940011673151751,MSFT
2016-06-13,49.58000183105469,50.720001220703125,49.060001373291016,50.13999938964844,83217800,0.21821151079136689,MSFT
2016-06-14,49.900001525878906,50.099998474121094,49.56999969482422,49.83000183105469,42577100,0.16008509670079635,MSFT
2016-06-15,49.779998779296875,50.119998931884766,49.689998626708984,49.689998626708984,33757600,0.0964272585669782,MSFT
2016-06-16,49.52000045776367,50.470001220703125,49.5099983215332,50.38999938964844,31188600,0.17645662983425414,MSFT
2016-06-17,50.40999984741211,50.43000030517578,49.81999969482422,50.130001068115234,45710500,0.1526007481296758,MSFT
2016-06-20,50.63999938964844,50.83000183105469,50.029998779296875,50.06999969482422,35607900,0.08983461538461539,MSFT
2016-06-21,50.20000076293945,51.43000030517578,50.15999984741211,51.189998626708984,34097800,0.07473067484662577,MSFT
2016-06-22,51.08000183105469,51.459999084472656,50.95000076293945,50.9900016784668,28816800,0.0806668407310705,MSFT
2016-06-23,51.279998779296875,52.060001373291016,51.150001525878906,51.90999984741211,29028800,0.175700790513834,MSFT
2016-06-24,49.810001373291016,50.939998626708984,49.52000045776367,49.83000183105469,133503000,0.0272625,MSFT
2016-06-27,49.099998474121094,49.150001525878906,48.040000915527344,48.43000030517578,50216300,0.04401696969696969,MSFT
2016-06-28,48.91999816894531,49.470001220703125,48.66999816894531,49.439998626708984,38140700,0.04744906666666667,MSFT
2016-06-29,49.90999984741211,50.720001220703125,49.79999923706055,50.540000915527344,31304000,0.11276309523809525,MSFT
2016-06-30,50.720001220703125,51.29999923706055,50.5,51.16999816894531,28527800,0.13793135888501742,MSFT
2016-07-01,51.130001068115234,51.720001220703125,51.06999969482422,51.15999984741211,21400400,0.11687919075144508,MSFT
2016-07-05,50.83000183105469,51.279998779296875,50.7400016784668,51.16999816894531,24806400,0.11280666666666668,MSFT
2016-07-06,50.779998779296875,51.540000915527344,50.38999938964844,51.380001068115234,28167500,0.09697444444444445,MSFT
2016-07-07,51.41999816894531,51.61000061035156,51.06999969482422,51.380001068115234,19585200,0.12682937853107343,MSFT
2016-07-08,51.72999954223633,52.36000061035156,51.54999923706055,52.29999923706055,28391000,0.10901428571428572,MSFT
2016-07-11,52.5,52.83000183105469,52.470001220703125,52.59000015258789,22269200,0.13675853018372705,MSFT
2016-07-12,52.939998626708984,53.400001525878906,52.790000915527344,53.209999084472656,27317600,0.06038221757322176,MSFT
2016-07-13,53.560001373291016,53.86000061035156,53.18000030517578,53.5099983215332,25356800,0.11764321608040201,MSFT
2016-07-14,53.84000015258789,53.9900016784668,53.58000183105469,53.7400016784668,24545500,0.12926301145662847,MSFT
2016-07-15,53.95000076293945,54.0,53.209999084472656,53.70000076293945,32024400,0.12165725806451613,MSFT
2016-07-18,53.70000076293945,54.34000015258789,53.54999923706055,53.959999084472656,31433900,0.11332159090909091,MSFT
2016-07-19,53.709999084472656,53.900001525878906,52.93000030517578,53.09000015258789,53336500,0.2658437429537768,MSFT
2016-07-20,56.150001525878906,56.84000015258789,55.529998779296875,55.90999984741211,89893300,0.22508858057630737,MSFT
2016-07-21,55.97999954223633,56.22999954223633,55.7599983215332,55.79999923706055,32776700,0.1505825,MSFT
2016-07-22,56.08000183105469,56.630001068115234,55.779998779296875,56.56999969482422,32157200,0.1745956989247312,MSFT
2016-07-25,56.470001220703125,56.7400016784668,56.2599983215332,56.72999954223633,25610600,0.11290162162162162,MSFT
2016-07-26,56.52000045776367,57.290000915527344,56.5099983215332,56.7599983215332,28079000,0.1592325699745547,MSFT
2016-07-27,56.61000061035156,56.79999923706055,56.11000061035156,56.189998626708984,32327500,0.13119166666666668,MSFT
2016-07-28,56.0,56.369998931884766,55.720001220703125,56.209999084472656,37550400,0.14335364372469636,MSFT
2016-07-29,56.2599983215332,56.7599983215332,56.04999923706055,56.68000030517578,30558700,0.07882848605577689,MSFT
2016-08-01,56.599998474121094,56.75,56.13999938964844,56.58000183105469,26003400,0.185842,MSFT
2016-08-02,56.849998474121094,56.900001525878906,56.310001373291016,56.58000183105469,35122000,0.10460825688073394,MSFT
2016-08-03,56.68000030517578,57.11000061035156,56.4900016784668,56.970001220703125,22075600,0.14704266666666665,MSFT
2016-08-04,56.79999923706055,57.52000045776367,56.66999816894531,57.38999938964844,26587700,0.1274848275862069,MSFT
2016-08-05,57.650001525878906,58.209999084472656,57.45000076293945,57.959999084472656,29335200,0.11183496503496504,MSFT
2016-08-08,58.060001373291016,58.09000015258789,57.779998779296875,58.060001373291016,19473500,0.10126477272727273,MSFT
2016-08-09,58.16999816894531,58.5,58.02000045776367,58.20000076293945,16920700,0.12868490566037735,MSFT
2016-08-10,58.15999984741211,58.31999969482422,57.81999969482422,58.02000045776367,15756900,0.060714153846153855,MSFT
2016-08-11,58.029998779296875,58.45000076293945,58.029998779296875,58.29999923706055,18162300,0.09933196721311476,MSFT
2016-08-12,58.029998779296875,58.189998626708984,57.619998931884766,57.939998626708984,21655200,0.14569561200923786,MSFT
2016-08-15,58.0099983215332,58.5,57.959999084472656,58.119998931884766,19283900,0.17862990825688074,MSFT
2016-08-16,57.61000061035156,57.619998931884766,57.27000045776367,57.439998626708984,20523500,0.0861466037735849,MSFT
2016-08-17,57.540000915527344,57.68000030517578,57.22999954223633,57.560001373291016,18856400,0.11468467741935484,MSFT
2016-08-18,57.41999816894531,57.70000076293945,57.27000045776367,57.599998474121094,14214300,0.10150921787709496,MSFT
2016-08-19,57.43000030517578,57.72999954223633,57.20000076293945,57.619998931884766,17271000,0.06804987775061125,MSFT
2016-08-22,57.599998474121094,57.75,57.2599983215332,57.66999816894531,15221900,0.13690925449871466,MSFT
2016-08-23,57.900001525878906,58.18000030517578,57.849998474121094,57.88999938964844,18732400,0.11812896281800392,MSFT
2016-08-24,57.79999923706055,58.040000915527344,57.720001220703125,57.95000076293945,18151500,0.09662094240837696,MSFT
2016-08-25,57.880001068115234,58.290000915527344,57.779998779296875,58.16999816894531,18552600,0.1453753036437247,MSFT
2016-08-26,58.279998779296875,58.70000076293945,57.689998626708984,58.029998779296875,20971200,0.12970837209302324,MSFT
2016-08-29,58.18000030517578,58.599998474121094,58.099998474121094,58.099998474121094,16417200,0.08509074492099322,MSFT
2016-08-30,57.97999954223633,58.189998626708984,57.61000061035156,57.88999938964844,16930200,0.056224561403508774,MSFT
2016-08-31,57.650001525878906,57.79999923706055,57.29999923706055,57.459999084472656,20860300,0.060439102564102565,MSFT
2016-09-01,57.0099983215332,57.81999969482422,57.0099983215332,57.59000015258789,26075400,0.07606910299003322,MSFT
2016-09-02,57.66999816894531,58.189998626708984,57.41999816894531,57.66999816894531,18900500,0.1237896694214876,MSFT
2016-09-06,57.779998779296875,57.79999923706055,57.209999084472656,57.61000061035156,16278400,0.17254021352313167,MSFT
2016-09-07,57.470001220703125,57.84000015258789,57.40999984741211,57.65999984741211,17493400,0.09526803069053709,MSFT
2016-09-08,57.630001068115234,57.790000915527344,57.18000030517578,57.43000030517578,20146100,0.11322202797202797,MSFT
2016-09-09,56.790000915527344,57.52000045776367,56.209999084472656,56.209999084472656,35113900,0.12867697594501717,MSFT
2016-09-12,56.0,57.209999084472656,55.61000061035156,57.04999923706055,29303000,0.0721603015075377,MSFT
2016-09-13,56.5,56.650001525878906,56.04999923706055,56.529998779296875,30130200,0.08763913043478261,MSFT
2016-09-14,56.38999938964844,56.630001068115234,56.029998779296875,56.2599983215332,24062500,0.08017807486631016,MSFT
2016-09-15,56.150001525878906,57.349998474121094,55.97999954223633,57.189998626708984,26847000,0.0645159090909091,MSFT
2016-09-16,57.630001068115234,57.630001068115234,56.75,57.25,44607000,0.06636234939759036,MSFT
2016-09-19,57.27000045776367,57.75,56.849998474121094,56.93000030517578,20937100,0.07232873563218391,MSFT
2016-09-20,57.349998474121094,57.349998474121094,56.75,56.810001373291016,17384000,0.08074954751131222,MSFT
2016-09-21,57.5099983215332,57.849998474121094,57.08000183105469,57.7599983215332,33707300,0.09062665245202559,MSFT
2016-09-22,57.91999816894531,58.0,57.630001068115234,57.81999969482422,19822200,0.09785530303030303,MSFT
2016-09-23,57.869998931884766,57.90999984741211,57.380001068115234,57.43000030517578,19955300,0.10161858108108109,MSFT
2016-09-26,57.08000183105469,57.13999938964844,56.83000183105469,56.900001525878906,21688700,0.1306265129682997,MSFT
2016-09-27,56.93000030517578,58.060001373291016,56.68000030517578,57.95000076293945,28065100,0.1426352014010508,MSFT
2016-09-28,57.880001068115234,58.060001373291016,57.66999816894531,58.029998779296875,20536400,0.1293935960591133,MSFT
2016-09-29,57.810001373291016,58.16999816894531,57.209999084472656,57.400001525878906,25463500,0.17240502183406115,MSFT
2016-09-30,57.56999969482422,57.77000045776367,57.34000015258789,57.599998474121094,29910800,0.04412294685990338,MSFT
2016-10-03,57.40999984741211,57.54999923706055,57.060001373291016,57.41999816894531,19189500,0.08523313253012048,MSFT
2016-10-04,57.27000045776367,57.599998474121094,56.970001220703125,57.2400016784668,20085900,0.10267055555555554,MSFT
2016-10-05,57.290000915527344,57.959999084472656,57.2599983215332,57.63999938964844,16726400,0.0865750853242321,MSFT
2016-10-06,57.7400016784668,57.86000061035156,57.279998779296875,57.7400016784668,16212600,0.10659115853658536,MSFT
2016-10-07,57.849998474121094,57.97999954223633,57.41999816894531,57.79999923706055,20089000,0.10907936046511628,MSFT
2016-10-10,57.90999984741211,58.38999938964844,57.869998931884766,58.040000915527344,18196500,0.12644417808219177,MSFT
2016-10-11,57.88999938964844,58.02000045776367,56.88999938964844,57.189998626708984,26497400,0.11176915254237288,MSFT
2016-10-12,57.11000061035156,57.27000045776367,56.400001525878906,57.11000061035156,22177500,0.055639316239316235,MSFT
2016-10-13,56.70000076293945,57.29999923706055,56.31999969482422,56.91999816894531,25313700,0.149606015037594,MSFT
2016-10-14,57.119998931884766,57.7400016784668,57.119998931884766,57.41999816894531,27402500,0.15654444444444446,MSFT
2016-10-17,57.36000061035156,57.459999084472656,56.869998931884766,57.220001220703125,23830000,0.15169212121212122,MSFT
2016-10-18,57.529998779296875,57.95000076293945,57.40999984741211,57.65999984741211,19149500,0.09139976019184652,MSFT
2016-10-19,57.470001220703125,57.84000015258789,57.400001525878906,57.529998779296875,22878400,0.11957405405405407,MSFT
2016-10-20,57.5,57.52000045776367,56.65999984741211,57.25,49455600,0.3110888888888889,MSFT
2016-10-21,60.279998779296875,60.45000076293945,59.4900016784668,59.65999984741211,80032200,0.27482562704471103,MSFT
2016-10-24,59.939998626708984,61.0,59.93000030517578,61.0,54067000,0.14399283018867925,MSFT
2016-10-25,60.849998474121094,61.369998931884766,60.79999923706055,60.9900016784668,35137200,0.12855711252653929,MSFT
2016-10-26,60.810001373291016,61.20000076293945,60.470001220703125,60.630001068115234,29911600,0.12111336254107338,MSFT
2016-10-27,60.61000061035156,60.83000183105469,60.09000015258789,60.099998474121094,28479900,0.14876359890109891,MSFT
2016-10-28,60.0099983215332,60.52000045776367,59.58000183105469,59.869998931884766,33574700,0.1035109090909091,MSFT
2016-10-31,60.15999984741211,60.41999816894531,59.91999816894531,59.91999816894531,26434700,0.15257549857549857,MSFT
2016-11-01,59.970001220703125,60.02000045776367,59.25,59.79999923706055,24533000,0.05765454545454545,MSFT
2016-11-02,59.81999969482422,59.93000030517578,59.29999923706055,59.43000030517578,22147000,0.015270810810810812,MSFT
2016-11-03,59.529998779296875,59.63999938964844,59.11000061035156,59.209999084472656,21600400,0.0932807962529274,MSFT
2016-11-04,58.650001525878906,59.279998779296875,58.52000045776367,58.709999084472656,28697000,0.23642860696517415,MSFT
2016-11-07,59.779998779296875,60.52000045776367,59.779998779296875,60.41999816894531,31664800,0.16127344753747325,MSFT
2016-11-08,60.54999923706055,60.779998779296875,60.150001525878906,60.470001220703125,22935400,0.10889015873015874,MSFT
2016-11-09,60.0,60.59000015258789,59.20000076293945,60.16999816894531,49632500,0.16155489614243324,MSFT
2016-11-10,60.47999954223633,60.4900016784668,57.630001068115234,58.70000076293945,57822400,0.08447500000000001,MSFT
2016-11-11,58.22999954223633,59.119998931884766,58.0099983215332,59.02000045776367,38767800,0.07329664179104478,MSFT
2016-11-14,59.02000045776367,59.08000183105469,57.279998779296875,58.119998931884766,41328400,0.05009182389937107,MSFT
2016-11-15,58.33000183105469,59.4900016784668,58.31999969482422,58.869998931884766,35904100,0.08907061728395062,MSFT
2016-11-16,58.939998626708984,59.65999984741211,58.810001373291016,59.650001525878906,27332500,0.14304382716049382,MSFT
2016-11-17,60.40999984741211,60.95000076293945,59.970001220703125,60.63999938964844,32132700,0.15129658119658118,MSFT
2016-11-18,60.779998779296875,61.13999938964844,60.29999923706055,60.349998474121094,27686300,0.21705537974683545,MSFT
2016-11-21,60.5,60.970001220703125,60.41999816894531,60.86000061035156,19652600,0.12131278409090909,MSFT
2016-11-22,60.97999954223633,61.2599983215332,60.810001373291016,61.119998931884766,23206700,0.18001070110701106,MSFT
2016-11-23,61.0099983215332,61.099998474121094,60.25,60.400001525878906,21848900,0.2361193548387097,MSFT
2016-11-25,60.29999923706055,60.529998779296875,60.130001068115234,60.529998779296875,8409600,0.16496927083333332,MSFT
2016-11-28,60.34000015258789,61.02000045776367,60.209999084472656,60.61000061035156,20732600,0.16064674556213018,MSFT
2016-11-29,60.650001525878906,61.40999984741211,60.52000045776367,61.09000015258789,22366700,0.19355328947368422,MSFT
2016-11-30,60.86000061035156,61.18000030517578,60.220001220703125,60.2599983215332,34655400,0.20409566929133857,MSFT
2016-12-01,60.11000061035156,60.150001525878906,58.939998626708984,59.20000076293945,34542100,0.12779194630872484,MSFT
2016-12-02,59.08000183105469,59.470001220703125,58.79999923706055,59.25,25515700,0.1165795744680851,MSFT
2016-12-05,59.70000076293945,60.59000015258789,59.560001373291016,60.220001220703125,23552700,0.11601402214022141,MSFT
2016-12-06,60.43000030517578,60.459999084472656,59.79999923706055,59.95000076293945,19907000,0.0284141935483871,MSFT
2016-12-07,60.0099983215332,61.380001068115234,59.79999923706055,61.369998931884766,30809000,0.19520944881889765,MSFT
2016-12-08,61.29999923706055,61.58000183105469,60.84000015258789,61.0099983215332,21220800,0.14215375816993464,MSFT
2016-12-09,61.18000030517578,61.9900016784668,61.130001068115234,61.970001220703125,27349400,0.12050290556900727,MSFT
2016-12-12,61.81999969482422,62.29999923706055,61.720001220703125,62.16999816894531,20198100,0.18792086720867207,MSFT
2016-12-13,62.5,63.41999816894531,62.2400016784668,62.97999954223633,35718900,0.05427159763313609,MSFT
2016-12-14,63.0,63.45000076293945,62.529998779296875,62.68000030517578,30352700,0.14164140969162994,MSFT
2016-12-15,62.70000076293945,63.150001525878906,62.29999923706055,62.58000183105469,27669900,0.1280486567164179,MSFT
2016-12-16,62.95000076293945,62.95000076293945,62.119998931884766,62.29999923706055,42453100,0.13125494505494506,MSFT
2016-12-19,62.560001373291016,63.77000045776367,62.41999816894531,63.619998931884766,34338200,0.21897832699619774,MSFT
2016-12-20,63.689998626708984,63.79999923706055,63.029998779296875,63.540000915527344,26028400,0.20982679999999998,MSFT
2016-12-21,63.43000030517578,63.70000076293945,63.119998931884766,63.540000915527344,17096300,0.1845245283018868,MSFT
2016-12-22,63.84000015258789,64.0999984741211,63.40999984741211,63.54999923706055,22176600,0.15812716981132074,MSFT
2016-12-23,63.45000076293945,63.540000915527344,62.79999923706055,63.2400016784668,12403800,0.20155755395683453,MSFT
2016-12-27,63.209999084472656,64.06999969482422,63.209999084472656,63.279998779296875,11763200,0.17800445544554455,MSFT
2016-12-28,63.400001525878906,63.400001525878906,62.83000183105469,62.9900016784668,14653300,0.12401675126903554,MSFT
2016-12-29,62.86000061035156,63.20000076293945,62.72999954223633,62.900001525878906,10250600,0.028734979423868313,MSFT
2016-12-30,62.959999084472656,62.9900016784668,62.029998779296875,62.13999938964844,25579900,0.13222380952380952,MSFT
2017-01-03,62.790000915527344,62.84000015258789,62.130001068115234,62.58000183105469,20694100,0.1877,MSFT
2017-01-04,62.47999954223633,62.75,62.119998931884766,62.29999923706055,21340000,0.17344357798165136,MSFT
2017-01-05,62.189998626708984,62.65999984741211,62.029998779296875,62.29999923706055,24876000,0.17939592760180997,MSFT
2017-01-06,62.29999923706055,63.150001525878906,62.040000915527344,62.84000015258789,19922900,0.11868698630136985,MSFT
2017-01-09,62.7599983215332,63.08000183105469,62.540000915527344,62.63999938964844,20382700,0.19060688259109312,MSFT
2017-01-10,62.72999954223633,63.06999969482422,62.279998779296875,62.619998931884766,18593000,0.10024258675078865,MSFT
2017-01-11,62.61000061035156,63.22999954223633,62.43000030517578,63.189998626708984,21517300,0.10229781931464176,MSFT
2017-01-12,63.060001373291016,63.400001525878906,61.95000076293945,62.61000061035156,20968200,0.09544198717948718,MSFT
2017-01-13,62.619998931884766,62.869998931884766,62.349998474121094,62.70000076293945,19422300,0.1338749063670412,MSFT
2017-01-17,62.68000030517578,62.70000076293945,62.029998779296875,62.529998779296875,20664000,0.13092900763358778,MSFT
2017-01-18,62.66999816894531,62.70000076293945,62.119998931884766,62.5,19670100,0.17220132890365447,MSFT
2017-01-19,62.2400016784668,62.97999954223633,62.20000076293945,62.29999923706055,18451700,0.13951842105263157,MSFT
2017-01-20,62.66999816894531,62.81999969482422,62.369998931884766,62.7400016784668,30213500,0.13344654377880186,MSFT
2017-01-23,62.70000076293945,63.119998931884766,62.56999969482422,62.959999084472656,23097600,0.1909486646884273,MSFT
2017-01-24,63.20000076293945,63.7400016784668,62.939998626708984,63.52000045776367,24672900,0.17644932975871314,MSFT
2017-01-25,63.95000076293945,64.0999984741211,63.45000076293945,63.68000030517578,23672700,0.1645418994413408,MSFT
2017-01-26,64.12000274658203,64.54000091552734,63.54999923706055,64.2699966430664,43554600,0.27501918951132304,MSFT
2017-01-27,65.38999938964844,65.91000366210938,64.88999938964844,65.77999877929688,44818000,0.20822584269662922,MSFT
2017-01-30,65.69000244140625,65.79000091552734,64.80000305175781,65.12999725341797,31651400,0.10078133333333333,MSFT
2017-01-31,64.86000061035156,65.1500015258789,64.26000213623047,64.6500015258789,25270500,0.1429568862275449,MSFT
2017-02-01,64.36000061035156,64.62000274658203,63.470001220703125,63.58000183105469,39671500,0.15271182108626197,MSFT
2017-02-02,63.25,63.40999984741211,62.75,63.16999816894531,45827000,0.15606753246753247,MSFT
2017-02-03,63.5,63.70000076293945,63.06999969482422,63.68000030517578,30301800,0.09545290858725762,MSFT
2017-02-06,63.5,63.650001525878906,63.13999938964844,63.63999938964844,19796400,0.06653281733746129,MSFT
2017-02-07,63.7400016784668,63.779998779296875,63.22999954223633,63.43000030517578,20277200,0.16803086816720259,MSFT
2017-02-08,63.56999969482422,63.810001373291016,63.220001220703125,63.34000015258789,18096400,0.15426933333333334,MSFT
2017-02-09,63.52000045776367,64.44000244140625,63.31999969482422,64.05999755859375,22644400,0.09574697508896797,MSFT
2017-02-10,64.25,64.30000305175781,63.97999954223633,64.0,18170700,0.11457105263157895,MSFT
2017-02-13,64.23999786376953,64.86000061035156,64.12999725341797,64.72000122070312,22920100,0.14954485049833888,MSFT
2017-02-14,64.41000366210938,64.72000122070312,64.0199966430664,64.56999969482422,23108400,0.13385588235294119,MSFT
2017-02-15,64.5,64.56999969482422,64.16000366210938,64.52999877929688,17005200,0.08853498349834983,MSFT
2017-02-16,64.73999786376953,65.23999786376953,64.44000244140625,64.5199966430664,20546300,0.10868554216867471,MSFT
2017-02-17,64.47000122070312,64.69000244140625,64.30000305175781,64.62000274658203,21248800,0.17522045454545454,MSFT
2017-02-21,64.61000061035156,64.94999694824219,64.44999694824219,64.48999786376953,20655900,0.10453978494623656,MSFT
2017-02-22,64.33000183105469,64.38999938964844,64.05000305175781,64.36000061035156,19292700,0.04472212389380531,MSFT
2017-02-23,64.41999816894531,64.7300033569336,64.19000244140625,64.62000274658203,20273100,0.1338556818181818,MSFT
2017-02-24,64.52999877929688,64.80000305175781,64.13999938964844,64.62000274658203,21796800,0.0675549356223176,MSFT
2017-02-27,64.54000091552734,64.54000091552734,64.05000305175781,64.2300033569336,15871500,0.11104705882352942,MSFT
2017-02-28,64.08000183105469,64.19999694824219,63.7599983215332,63.97999954223633,23239800,0.11850292397660818,MSFT
2017-03-01,64.12999725341797,64.98999786376953,64.0199966430664,64.94000244140625,26937500,0.14817768115942032,MSFT
2017-03-02,64.69000244140625,64.75,63.880001068115234,64.01000213623047,24539600,0.1377594155844156,MSFT
2017-03-03,63.9900016784668,64.27999877929688,63.619998931884766,64.25,18135900,0.07688339100346021,MSFT
2017-03-06,63.970001220703125,64.55999755859375,63.810001373291016,64.2699966430664,18750300,0.1335532142857143,MSFT
2017-03-07,64.19000244140625,64.77999877929688,64.19000244140625,64.4000015258789,18521000,0.15117761732851984,MSFT
2017-03-08,64.26000213623047,65.08000183105469,64.25,64.98999786376953,21510900,0.08564766146993319,MSFT
2017-03-09,65.19000244140625,65.19999694824219,64.4800033569336,64.7300033569336,19846800,0.13399365558912388,MSFT
2017-03-10,65.11000061035156,65.26000213623047,64.75,64.93000030517578,19538200,0.118018,MSFT
2017-03-13,65.01000213623047,65.19000244140625,64.56999969482422,64.70999908447266,20100000,0.17971506849315066,MSFT
2017-03-14,64.52999877929688,64.55000305175781,64.1500015258789,64.41000366210938,14280200,0.12118594594594595,MSFT
2017-03-15,64.55000305175781,64.91999816894531,64.25,64.75,24833800,0.15325597269624575,MSFT
2017-03-16,64.75,64.76000213623047,64.30000305175781,64.63999938964844,20674300,0.12134245614035087,MSFT
2017-03-17,64.91000366210938,65.23999786376953,64.68000030517578,64.87000274658203,49219700,0.155164,MSFT
2017-03-20,64.91000366210938,65.18000030517578,64.72000122070312,64.93000030517578,14598100,0.13271212938005392,MSFT
2017-03-21,65.19000244140625,65.5,64.12999725341797,64.20999908447266,26640500,0.11990050377833754,MSFT
2017-03-22,64.12000274658203,65.13999938964844,64.12000274658203,65.02999877929688,20680000,0.10233356164383561,MSFT
2017-03-23,64.94000244140625,65.23999786376953,64.7699966430664,64.87000274658203,19269200,0.17109419795221845,MSFT
2017-03-24,65.36000061035156,65.44999694824219,64.76000213623047,64.9800033569336,22617100,0.20895270935960591,MSFT
2017-03-27,64.62999725341797,65.22000122070312,64.3499984741211,65.0999984741211,18614700,0.11229473684210527,MSFT
2017-03-28,64.95999908447266,65.47000122070312,64.6500015258789,65.29000091552734,20080400,0.09504330357142857,MSFT
2017-03-29,65.12000274658203,65.5,64.94999694824219,65.47000122070312,13618400,0.1604464480874317,MSFT
2017-03-30,65.41999816894531,65.9800033569336,65.36000061035156,65.70999908447266,15122800,0.11571863979848866,MSFT
2017-03-31,65.6500015258789,66.19000244140625,65.44999694824219,65.86000061035156,21040300,0.14913790322580645,MSFT
2017-04-03,65.80999755859375,65.94000244140625,65.19000244140625,65.55000305175781,20400900,0.15537955555555555,MSFT
2017-04-04,65.38999938964844,65.80999755859375,65.27999877929688,65.7300033569336,12997400,0.17865530303030303,MSFT
2017-04-05,66.30000305175781,66.3499984741211,65.44000244140625,65.55999755859375,21448600,0.14466474820143885,MSFT
2017-04-06,65.5999984741211,66.05999755859375,65.4800033569336,65.7300033569336,18103500,0.08654808510638297,MSFT
2017-04-07,65.8499984741211,65.95999908447266,65.44000244140625,65.68000030517578,14108500,0.16840611510791367,MSFT
2017-04-10,65.61000061035156,65.81999969482422,65.36000061035156,65.52999877929688,17952700,0.06302997347480106,MSFT
2017-04-11,65.5999984741211,65.61000061035156,64.8499984741211,65.4800033569336,18791500,0.13440303867403314,MSFT
2017-04-12,65.41999816894531,65.51000213623047,65.11000061035156,65.2300033569336,17108500,0.13044084880636606,MSFT
2017-04-13,65.29000091552734,65.86000061035156,64.94999694824219,64.94999694824219,17896500,0.1413232142857143,MSFT
2017-04-17,65.04000091552734,65.48999786376953,65.01000213623047,65.4800033569336,16689300,0.10450367346938776,MSFT
2017-04-18,65.33000183105469,65.70999908447266,65.16000366210938,65.38999938964844,15155600,0.14936144200626958,MSFT
2017-04-19,65.6500015258789,65.75,64.88999938964844,65.04000091552734,26992800,0.10574199395770392,MSFT
2017-04-20,65.45999908447266,65.75,65.13999938964844,65.5,22299500,0.16063079470198677,MSFT
2017-04-21,65.66999816894531,66.69999694824219,65.44999694824219,66.4000015258789,32522600,0.16055733695652175,MSFT
2017-04-24,67.4800033569336,67.66000366210938,67.0999984741211,67.52999877929688,29770000,0.14877420147420148,MSFT
2017-04-25,67.9000015258789,68.04000091552734,67.5999984741211,67.91999816894531,30242700,0.1811654485049834,MSFT
2017-04-26,68.08000183105469,68.30999755859375,67.62000274658203,67.83000183105469,26190800,0.15592951219512197,MSFT
2017-04-27,68.1500015258789,68.37999725341797,67.58000183105469,68.2699966430664,34971000,0.22066606896551724,MSFT
2017-04-28,68.91000366210938,69.13999938964844,67.69000244140625,68.45999908447266,39548800,0.18762738095238096,MSFT
2017-05-01,68.68000030517578,69.55000305175781,68.5,69.41000366210938,31954400,0.21256315789473684,MSFT
2017-05-02,69.70999908447266,69.70999908447266,69.12999725341797,69.30000305175781,23906100,0.07313796940194714,MSFT
2017-05-03,69.37999725341797,69.37999725341797,68.70999908447266,69.08000183105469,28928000,0.109809375,MSFT
2017-05-04,69.02999877929688,69.08000183105469,68.63999938964844,68.80999755859375,21749400,0.10314857142857144,MSFT
2017-05-05,68.9000015258789,69.02999877929688,68.48999786376953,69.0,19128800,0.14393967741935484,MSFT
2017-05-08,68.97000122070312,69.05000305175781,68.41999816894531,68.94000244140625,18566100,0.11782331606217616,MSFT
2017-05-09,68.86000061035156,69.27999877929688,68.68000030517578,69.04000091552734,22858400,0.0904014409221902,MSFT
2017-05-10,68.98999786376953,69.55999755859375,68.91999816894531,69.30999755859375,17977800,0.11179830795262267,MSFT
2017-05-11,68.36000061035156,68.7300033569336,68.12000274658203,68.45999908447266,28789400,0.12993786259541987,MSFT
2017-05-12,68.61000061035156,68.61000061035156,68.04000091552734,68.37999725341797,18714100,0.13955603773584907,MSFT
2017-05-15,68.13999938964844,68.4800033569336,67.56999969482422,68.43000030517578,31530300,-0.00994607843137255,MSFT
2017-05-16,68.2300033569336,69.44000244140625,68.16000366210938,69.41000366210938,34956000,0.10882486033519553,MSFT
2017-05-17,68.88999938964844,69.0999984741211,67.43000030517578,67.4800033569336,30548800,0.0735236559139785,MSFT
2017-05-18,67.4000015258789,68.12999725341797,67.13999938964844,67.70999908447266,25201300,0.12710194174757283,MSFT
2017-05-19,67.5,68.0999984741211,67.43000030517578,67.69000244140625,26961100,0.09800175438596492,MSFT
2017-05-22,67.88999938964844,68.5,67.5,68.44999694824219,16237600,0.0985710843373494,MSFT
2017-05-23,68.72000122070312,68.75,68.37999725341797,68.68000030517578,15425800,0.05715912408759124,MSFT
2017-05-24,68.87000274658203,68.87999725341797,68.44999694824219,68.7699966430664,14593900,0.16843592493297588,MSFT
2017-05-25,68.97000122070312,69.87999725341797,68.91000366210938,69.62000274658203,21854100,0.15825894428152493,MSFT
2017-05-26,69.80000305175781,70.22000122070312,69.5199966430664,69.95999908447266,19827900,0.1580556313993174,MSFT
2017-05-30,69.79000091552734,70.41000366210938,69.7699966430664,70.41000366210938,17072800,0.17441375,MSFT
2017-05-31,70.52999877929688,70.73999786376953,69.80999755859375,69.83999633789062,30436400,0.1119861111111111,MSFT
2017-06-01,70.23999786376953,70.61000061035156,69.44999694824219,70.0999984741211,21603600,0.11489066265060242,MSFT
2017-06-02,70.44000244140625,71.86000061035156,70.23999786376953,71.76000213623047,34770300,0.1118289156626506,MSFT
2017-06-05,71.97000122070312,72.88999938964844,71.80999755859375,72.27999877929688,33316800,0.14108521739130434,MSFT
2017-06-06,72.30000305175781,72.62000274658203,72.2699966430664,72.5199966430664,31511100,0.0603635761589404,MSFT
2017-06-07,72.63999938964844,72.7699966430664,71.94999694824219,72.38999938964844,22301800,0.08253082437275985,MSFT
2017-06-08,72.51000213623047,72.5199966430664,71.5,71.94999694824219,24588300,0.12324212328767123,MSFT
2017-06-09,72.04000091552734,72.08000183105469,68.58999633789062,70.31999969482422,49187400,0.12131214470284238,MSFT
2017-06-12,69.25,69.94000244140625,68.12999725341797,69.77999877929688,47761700,0.0989926282051282,MSFT
2017-06-13,70.0199966430664,70.81999969482422,69.95999908447266,70.6500015258789,25258600,0.12371518624641833,MSFT
2017-06-14,70.91000366210938,71.0999984741211,69.43000030517578,70.2699966430664,25510700,0.1188048128342246,MSFT
2017-06-15,69.2699966430664,70.20999908447266,68.80000305175781,69.9000015258789,26068700,0.1119836405529954,MSFT
2017-06-16,69.7300033569336,70.02999877929688,69.22000122070312,70.0,48345100,0.14961807228915663,MSFT
2017-06-19,70.5,70.94000244140625,70.3499984741211,70.87000274658203,23798300,0.11629098143236075,MSFT
2017-06-20,70.81999969482422,70.87000274658203,69.87000274658203,69.91000366210938,21512200,0.1253423076923077,MSFT
2017-06-21,70.20999908447266,70.62000274658203,69.94000244140625,70.2699966430664,19891100,0.06844871794871794,MSFT
2017-06-22,70.54000091552734,70.58999633789062,69.70999908447266,70.26000213623047,22965700,0.18113081395348837,MSFT
2017-06-23,70.08999633789062,71.25,69.91999816894531,71.20999908447266,27617300,0.1439150684931507,MSFT
2017-06-26,71.4000015258789,71.70999908447266,70.44000244140625,70.52999877929688,19607000,0.06576716417910448,MSFT
2017-06-27,70.11000061035156,70.18000030517578,69.18000030517578,69.20999908447266,25215100,0.05711924119241193,MSFT
2017-06-28,69.20999908447266,69.83999633789062,68.79000091552734,69.80000305175781,25806200,0.11643314606741574,MSFT
2017-06-29,69.37999725341797,69.48999786376953,68.08999633789062,68.48999786376953,28918700,0.12624516129032257,MSFT
2017-06-30,68.77999877929688,69.37999725341797,68.73999786376953,68.93000030517578,24161100,0.10180452961672475,MSFT
2017-07-03,69.33000183105469,69.5999984741211,68.0199966430664,68.16999816894531,16165500,0.07812175925925927,MSFT
2017-07-05,68.26000213623047,69.44000244140625,68.22000122070312,69.08000183105469,21176300,0.08450813008130081,MSFT
2017-07-06,68.2699966430664,68.77999877929688,68.12000274658203,68.56999969482422,21117600,0.03902352941176471,MSFT
2017-07-07,68.69999694824219,69.83999633789062,68.69999694824219,69.45999908447266,16878300,0.07335372670807454,MSFT
2017-07-10,69.45999908447266,70.25,69.19999694824219,69.9800033569336,15014500,0.1582216577540107,MSFT
2017-07-11,70.0,70.68000030517578,69.75,69.98999786376953,17460000,0.15946034912718204,MSFT
2017-07-12,70.69000244140625,71.27999877929688,70.55000305175781,71.1500015258789,17750900,0.14969478458049887,MSFT
2017-07-13,71.5,72.04000091552734,71.30999755859375,71.7699966430664,20269800,0.13842407932011333,MSFT
2017-07-14,72.23999786376953,73.2699966430664,71.95999908447266,72.77999877929688,25868100,0.21108472222222224,MSFT
2017-07-17,72.80000305175781,73.44999694824219,72.72000122070312,73.3499984741211,21803900,0.18485433070866142,MSFT
2017-07-18,73.08999633789062,73.38999938964844,72.66000366210938,73.30000305175781,26435300,0.17753930753564157,MSFT
2017-07-19,73.5,74.04000091552734,73.44999694824219,73.86000061035156,22416200,0.1770414798206278,MSFT
2017-07-20,74.18000030517578,74.30000305175781,73.27999877929688,74.22000122070312,42361000,0.310282154515778,MSFT
2017-07-21,73.44999694824219,74.29000091552734,73.16999816894531,73.79000091552734,46717100,0.27045893719806763,MSFT
2017-07-24,73.52999877929688,73.75,73.12999725341797,73.5999984741211,21394800,0.11503588516746412,MSFT
2017-07-25,73.80000305175781,74.30999755859375,73.5,74.19000244140625,22018700,0.15247179487179488,MSFT
2017-07-26,74.33999633789062,74.37999725341797,73.80999755859375,74.05000305175781,16252200,0.13759532710280376,MSFT
2017-07-27,73.76000213623047,74.41999816894531,72.31999969482422,73.16000366210938,36844200,0.17493216957605986,MSFT
2017-07-28,72.66999816894531,73.30999755859375,72.54000091552734,73.04000091552734,18306700,0.16581715210355988,MSFT
2017-07-31,73.30000305175781,73.44000244140625,72.41000366210938,72.69999694824219,23600100,0.1310967741935484,MSFT
2017-08-01,73.0999984741211,73.41999816894531,72.48999786376953,72.58000183105469,22132300,0.1165774025974026,MSFT
2017-08-02,72.55000305175781,72.55999755859375,71.44000244140625,72.26000213623047,26499200,0.09774742647058823,MSFT
2017-08-03,72.19000244140625,72.44000244140625,71.8499984741211,72.1500015258789,18214400,0.11308166189111747,MSFT
2017-08-04,72.4000015258789,73.04000091552734,72.23999786376953,72.68000030517578,22579000,0.15967866666666666,MSFT
2017-08-07,72.80000305175781,72.9000015258789,72.26000213623047,72.4000015258789,18705700,0.1406790243902439,MSFT
2017-08-08,72.08999633789062,73.12999725341797,71.75,72.79000091552734,22044600,0.20193333333333333,MSFT
2017-08-09,72.25,72.51000213623047,72.05000305175781,72.47000122070312,22213400,0.1751595041322314,MSFT
2017-08-10,71.9000015258789,72.19000244140625,71.3499984741211,71.41000366210938,24734500,0.05682209944751382,MSFT
2017-08-11,71.61000061035156,72.69999694824219,71.27999877929688,72.5,21443700,0.1417353982300885,MSFT
2017-08-14,73.05999755859375,73.72000122070312,72.94999694824219,73.58999633789062,20096600,0.17951734317343174,MSFT
2017-08-15,73.58999633789062,73.58999633789062,73.04000091552734,73.22000122070312,19181400,0.12126494565217392,MSFT
2017-08-16,73.33999633789062,74.0999984741211,73.16999816894531,73.6500015258789,18150400,0.13136070038910508,MSFT
2017-08-17,73.58000183105469,73.87000274658203,72.4000015258789,72.4000015258789,22977500,0.12654646739130435,MSFT
2017-08-18,72.2699966430664,72.83999633789062,71.93000030517578,72.48999786376953,18761500,0.12332197183098591,MSFT
2017-08-21,72.47000122070312,72.4800033569336,71.69999694824219,72.1500015258789,17734800,0.16060511811023623,MSFT
2017-08-22,72.3499984741211,73.23999786376953,72.3499984741211,73.16000366210938,14343700,0.1789024024024024,MSFT
2017-08-23,72.95999908447266,73.1500015258789,72.52999877929688,72.72000122070312,13766500,0.1433201954397394,MSFT
2017-08-24,72.73999786376953,72.86000061035156,72.06999969482422,72.69000244140625,17098300,0.10704526627218935,MSFT
2017-08-25,72.86000061035156,73.3499984741211,72.4800033569336,72.81999969482422,12794300,0.14306945454545453,MSFT
2017-08-28,73.05999755859375,73.08999633789062,72.55000305175781,72.83000183105469,14569700,0.17280416666666668,MSFT
2017-08-29,72.25,73.16000366210938,72.05000305175781,73.05000305175781,11478400,0.15831375464684014,MSFT
2017-08-30,73.01000213623047,74.20999908447266,72.83000183105469,74.01000213623047,16897800,0.16415359281437125,MSFT
2017-08-31,74.02999877929688,74.95999908447266,73.80000305175781,74.7699966430664,27652800,0.21709448529411765,MSFT
2017-09-01,74.70999908447266,74.73999786376953,73.63999938964844,73.94000244140625,21736200,0.2292014705882353,MSFT
2017-09-05,73.33999633789062,73.88999938964844,72.9800033569336,73.61000061035156,21556000,0.16685392156862747,MSFT
2017-09-06,73.73999786376953,74.04000091552734,73.3499984741211,73.4000015258789,16535800,0.2701133333333333,MSFT
2017-09-07,73.68000030517578,74.5999984741211,73.5999984741211,74.33999633789062,17471200,0.2624372549019608,MSFT
2017-09-08,74.33000183105469,74.44000244140625,73.83999633789062,73.9800033569336,14703800,0.14831885245901638,MSFT
2017-09-11,74.30999755859375,74.94000244140625,74.30999755859375,74.76000213623047,17910400,0.15885530973451328,MSFT
2017-09-12,74.76000213623047,75.23999786376953,74.37000274658203,74.68000030517578,14394900,0.18615044642857145,MSFT
2017-09-13,74.93000030517578,75.2300033569336,74.55000305175781,75.20999908447266,13380800,0.1479795366795367,MSFT
2017-09-14,75.0,75.48999786376953,74.5199966430664,74.7699966430664,15733900,0.15172115384615384,MSFT
2017-09-15,74.83000183105469,75.38999938964844,74.06999969482422,75.30999755859375,38578400,0.19353465703971118,MSFT
2017-09-18,75.2300033569336,75.97000122070312,75.04000091552734,75.16000366210938,23307000,0.19712631578947368,MSFT
2017-09-19,75.20999908447266,75.70999908447266,75.01000213623047,75.44000244140625,16093300,0.2155822510822511,MSFT
2017-09-20,75.3499984741211,75.55000305175781,74.30999755859375,74.94000244140625,21587900,0.15224093959731544,MSFT
2017-09-21,75.11000061035156,75.23999786376953,74.11000061035156,74.20999908447266,19186100,0.16492519083969465,MSFT
2017-09-22,73.98999786376953,74.51000213623047,73.8499984741211,74.41000366210938,14111400,0.13823333333333332,MSFT
2017-09-25,74.08999633789062,74.25,72.91999816894531,73.26000213623047,24149200,0.16797916666666668,MSFT
2017-09-26,73.66999816894531,73.80999755859375,72.98999786376953,73.26000213623047,18019600,0.15832816091954022,MSFT
2017-09-27,73.55000305175781,74.16999816894531,73.16999816894531,73.8499984741211,19565100,0.16273846153846153,MSFT
2017-09-28,73.54000091552734,73.97000122070312,73.30999755859375,73.87000274658203,10883800,0.25657826086956526,MSFT
2017-09-29,73.94000244140625,74.54000091552734,73.87999725341797,74.48999786376953,17079100,0.23945083333333333,MSFT
2017-10-02,74.70999908447266,75.01000213623047,74.30000305175781,74.61000061035156,15304800,0.18819083333333333,MSFT
2017-10-03,74.66999816894531,74.87999725341797,74.19000244140625,74.26000213623047,12190400,0.160653125,MSFT
2017-10-04,74.08999633789062,74.72000122070312,73.70999908447266,74.69000244140625,13317700,0.178923,MSFT
2017-10-05,75.22000122070312,76.12000274658203,74.95999908447266,75.97000122070312,21195300,0.26982889908256885,MSFT
2017-10-06,75.66999816894531,76.02999877929688,75.54000091552734,76.0,13959800,0.29081278195488725,MSFT
2017-10-09,75.97000122070312,76.55000305175781,75.86000061035156,76.29000091552734,11386500,0.17472083333333333,MSFT
2017-10-10,76.33000183105469,76.62999725341797,76.13999938964844,76.29000091552734,13944500,0.19768062015503876,MSFT
2017-10-11,76.36000061035156,76.45999908447266,75.94999694824219,76.41999816894531,15388900,0.25720454545454546,MSFT
2017-10-12,76.48999786376953,77.29000091552734,76.37000274658203,77.12000274658203,16876500,0.18912758620689657,MSFT
2017-10-13,77.58999633789062,77.87000274658203,77.29000091552734,77.48999786376953,15335700,0.2369909090909091,MSFT
2017-10-16,77.41999816894531,77.80999755859375,77.3499984741211,77.6500015258789,12380100,0.15463741007194245,MSFT
2017-10-17,77.47000122070312,77.62000274658203,77.25,77.58999633789062,16824000,0.1907487341772152,MSFT
2017-10-18,77.66999816894531,77.8499984741211,77.37000274658203,77.61000061035156,13300700,0.2578038961038961,MSFT
2017-10-19,77.56999969482422,77.93000030517578,77.3499984741211,77.91000366210938,15092800,0.2497261744966443,MSFT
2017-10-20,78.31999969482422,78.97000122070312,78.22000122070312,78.80999755859375,22866400,0.3153631111111111,MSFT
2017-10-23,78.98999786376953,79.33999633789062,78.76000213623047,78.83000183105469,20627200,0.2501362573099415,MSFT
2017-10-24,78.9000015258789,79.19999694824219,78.45999908447266,78.86000061035156,17517200,0.165388202247191,MSFT
2017-10-25,78.58000183105469,79.0999984741211,78.01000213623047,78.62999725341797,20410800,0.22653444444444445,MSFT
2017-10-26,79.19999694824219,79.41999816894531,78.75,78.76000213623047,32120700,0.32864166666666667,MSFT
2017-10-27,84.37000274658203,86.19999694824219,83.61000061035156,83.80999755859375,71066700,0.27563383647798745,MSFT
2017-10-30,83.69999694824219,84.33000183105469,83.11000061035156,83.88999938964844,31756700,0.23847015706806285,MSFT
2017-10-31,84.36000061035156,84.36000061035156,83.11000061035156,83.18000030517578,27086600,0.2778595238095238,MSFT
2017-11-01,83.68000030517578,83.76000213623047,82.87999725341797,83.18000030517578,22307400,0.22016417112299466,MSFT
2017-11-02,83.3499984741211,84.45999908447266,83.12000274658203,84.05000305175781,23992900,0.2750278409090909,MSFT
2017-11-03,84.08000183105469,84.54000091552734,83.4000015258789,84.13999938964844,17633500,0.3099858695652174,MSFT
2017-11-06,84.19999694824219,84.69999694824219,84.08000183105469,84.47000122070312,19860900,0.14204503816793893,MSFT
2017-11-07,84.7699966430664,84.9000015258789,83.93000030517578,84.2699966430664,17939700,0.22274610778443113,MSFT
2017-11-08,84.13999938964844,84.61000061035156,83.83000183105469,84.55999755859375,18034200,0.246202,MSFT
2017-11-09,84.11000061035156,84.2699966430664,82.9000015258789,84.08999633789062,21178400,0.20571627906976744,MSFT
2017-11-10,83.79000091552734,84.0999984741211,83.2300033569336,83.87000274658203,19397800,0.23360695652173916,MSFT
2017-11-13,83.66000366210938,83.94000244140625,83.45999908447266,83.93000030517578,14196900,0.23541634615384616,MSFT
2017-11-14,83.5,84.0999984741211,82.9800033569336,84.05000305175781,18801300,0.30773522267206477,MSFT
2017-11-15,83.47000122070312,83.69000244140625,82.69000244140625,82.9800033569336,19383100,0.23682712765957445,MSFT
2017-11-16,83.0999984741211,83.41999816894531,82.94000244140625,83.19999694824219,20962800,0.3537719424460432,MSFT
2017-11-17,83.12000274658203,83.12000274658203,82.23999786376953,82.4000015258789,22079000,0.1665478260869565,MSFT
2017-11-20,82.4000015258789,82.58999633789062,82.25,82.52999877929688,16315000,0.27041509433962263,MSFT
2017-11-21,82.73999786376953,83.83999633789062,82.73999786376953,83.72000122070312,21237500,0.2197336,MSFT
2017-11-22,83.83000183105469,83.9000015258789,83.04000091552734,83.11000061035156,20553100,0.19861276595744679,MSFT
2017-11-24,83.01000213623047,83.43000030517578,82.77999877929688,83.26000213623047,7425600,0.19787083333333333,MSFT
2017-11-27,83.30999755859375,83.9800033569336,83.30000305175781,83.87000274658203,18265200,0.16494609375,MSFT
2017-11-28,84.06999969482422,85.05999755859375,84.0199966430664,84.87999725341797,21926000,0.18015196506550218,MSFT
2017-11-29,84.70999908447266,84.91999816894531,83.18000030517578,83.33999633789062,27381100,0.19896346153846153,MSFT
2017-11-30,83.51000213623047,84.5199966430664,83.33999633789062,84.16999816894531,33054600,0.1270464,MSFT
2017-12-01,83.5999984741211,84.80999755859375,83.22000122070312,84.26000213623047,29532100,0.17800568181818183,MSFT
2017-12-04,84.41999816894531,84.43000030517578,80.69999694824219,81.08000183105469,39094900,0.22442626728110598,MSFT
2017-12-05,81.33999633789062,82.68000030517578,80.9800033569336,81.58999633789062,26152300,0.18123403141361258,MSFT
2017-12-06,81.55000305175781,83.13999938964844,81.43000030517578,82.77999877929688,26162100,0.18204629629629632,MSFT
2017-12-07,82.54000091552734,82.80000305175781,82.0,82.48999786376953,23184500,0.16609477124183009,MSFT
2017-12-08,83.62999725341797,84.58000183105469,83.33000183105469,84.16000366210938,24489100,0.18545265957446808,MSFT
2017-12-11,84.29000091552734,85.37000274658203,84.12000274658203,85.2300033569336,22857900,0.23314303797468358,MSFT
2017-12-12,85.30999755859375,86.05000305175781,85.08000183105469,85.58000183105469,23924100,0.3241,MSFT
2017-12-13,85.73999786376953,86.0,85.16999816894531,85.3499984741211,22062700,0.3296875,MSFT
2017-12-14,85.43000030517578,85.87000274658203,84.52999877929688,84.69000244140625,19306000,0.25854710743801657,MSFT
2017-12-15,85.26000213623047,87.08999633789062,84.87999725341797,86.8499984741211,53936700,0.2498962962962963,MSFT
2017-12-18,87.12000274658203,87.5,86.2300033569336,86.37999725341797,22283800,0.3028666666666667,MSFT
2017-12-19,86.3499984741211,86.3499984741211,85.2699966430664,85.83000183105469,23524800,0.18356030534351145,MSFT
2017-12-20,86.19999694824219,86.30000305175781,84.70999908447266,85.5199966430664,23674900,0.44148225806451613,MSFT
2017-12-21,86.05000305175781,86.0999984741211,85.4000015258789,85.5,17990700,0.27326666666666666,MSFT
2017-12-22,85.4000015258789,85.62999725341797,84.91999816894531,85.51000213623047,14145800,0.2514941935483871,MSFT
2017-12-26,85.30999755859375,85.52999877929688,85.02999877929688,85.4000015258789,9891200,0.2047618320610687,MSFT
2017-12-27,85.6500015258789,85.9800033569336,85.22000122070312,85.70999908447266,14678000,0.26143145161290327,MSFT
2017-12-28,85.9000015258789,85.93000030517578,85.55000305175781,85.72000122070312,10594300,0.22459658119658119,MSFT
2017-12-29,85.62999725341797,86.05000305175781,85.5,85.54000091552734,18717400,0.2390496894409938,MSFT
2018-01-02,86.12999725341797,86.30999755859375,85.5,85.94999694824219,22483800,0.24865984251968504,MSFT
2018-01-03,86.05999755859375,86.51000213623047,85.97000122070312,86.3499984741211,26061400,0.13758992805755396,MSFT
2018-01-04,86.58999633789062,87.66000366210938,86.56999969482422,87.11000061035156,21912000,0.09174571428571429,MSFT
2018-01-05,87.66000366210938,88.41000366210938,87.43000030517578,88.19000244140625,23407100,0.2524283950617284,MSFT
2018-01-08,88.19999694824219,88.58000183105469,87.5999984741211,88.27999877929688,22113000,0.17581363636363637,MSFT
2018-01-09,88.6500015258789,88.7300033569336,87.86000061035156,88.22000122070312,19484300,0.13684104046242776,MSFT
2018-01-10,87.86000061035156,88.19000244140625,87.41000366210938,87.81999969482422,18652200,0.14945426829268293,MSFT
2018-01-11,88.12999725341797,88.12999725341797,87.23999786376953,88.08000183105469,17808900,0.29715904761904766,MSFT
2018-01-12,88.66999816894531,89.77999877929688,88.44999694824219,89.5999984741211,24271500,0.1837119496855346,MSFT
2018-01-16,90.0999984741211,90.79000091552734,88.01000213623047,88.3499984741211,36599700,0.23841586206896553,MSFT
2018-01-17,89.08000183105469,90.27999877929688,88.75,90.13999938964844,25621200,0.20428273381294962,MSFT
2018-01-18,89.80000305175781,90.66999816894531,89.66000366210938,90.0999984741211,24159700,0.24491868131868133,MSFT
2018-01-19,90.13999938964844,90.61000061035156,89.66000366210938,90.0,36875000,0.28193617021276596,MSFT
2018-01-22,90.0,91.62000274658203,89.73999786376953,91.61000061035156,23601600,0.19990457516339868,MSFT
2018-01-23,91.9000015258789,92.30000305175781,91.54000091552734,91.9000015258789,23412800,0.19025714285714285,MSFT
2018-01-24,92.55000305175781,93.43000030517578,91.58000183105469,91.81999969482422,33277500,0.2298989361702128,MSFT
2018-01-25,92.47000122070312,93.23999786376953,91.93000030517578,92.33000183105469,26383200,0.21821160220994473,MSFT
2018-01-26,93.12000274658203,94.05999755859375,92.58000183105469,94.05999755859375,29172200,0.21041330049261084,MSFT
2018-01-29,95.13999938964844,95.44999694824219,93.72000122070312,93.91999816894531,31569900,0.2122442996742671,MSFT
2018-01-30,93.30000305175781,93.66000366210938,92.0999984741211,92.73999786376953,38635100,0.2891640167364017,MSFT
2018-01-31,93.75,95.4000015258789,93.51000213623047,95.01000213623047,48756300,0.27491717612809313,MSFT
2018-02-01,94.79000091552734,96.06999969482422,93.58000183105469,94.26000213623047,47227900,0.23198706697459584,MSFT
2018-02-02,93.63999938964844,93.97000122070312,91.5,91.77999877929688,47867800,0.2991741666666667,MSFT
2018-02-05,90.55999755859375,93.23999786376953,88.0,88.0,51031500,0.2556202127659575,MSFT
2018-02-06,86.88999938964844,91.4800033569336,85.25,91.33000183105469,67998600,0.24161456310679613,MSFT
2018-02-07,90.48999786376953,91.7699966430664,89.19999694824219,89.61000061035156,41107600,0.1531259067357513,MSFT
2018-02-08,89.70999908447266,89.87999725341797,84.76000213623047,85.01000213623047,55628700,0.17955863636363634,MSFT
2018-02-09,86.30000305175781,88.93000030517578,83.83000183105469,88.18000030517578,63499100,0.2254681818181818,MSFT
2018-02-12,88.73999786376953,89.77999877929688,87.93000030517578,89.12999725341797,35720300,0.25591276595744683,MSFT
2018-02-13,88.93000030517578,90.0,87.80000305175781,89.83000183105469,26407700,0.24156149425287357,MSFT
2018-02-14,88.51000213623047,90.98999786376953,88.41000366210938,90.80999755859375,34960900,0.22620674846625766,MSFT
2018-02-15,91.20999908447266,92.72000122070312,90.62000274658203,92.66000366210938,27823900,0.28062621951219513,MSFT
2018-02-16,92.44999694824219,93.5,91.80000305175781,92.0,30596900,0.1462982456140351,MSFT
2018-02-20,91.4800033569336,93.05999755859375,91.01000213623047,92.72000122070312,30911700,0.13949855072463768,MSFT
2018-02-21,92.9800033569336,93.36000061035156,91.48999786376953,91.48999786376953,26922500,0.15482785714285716,MSFT
2018-02-22,92.05000305175781,92.7300033569336,91.36000061035156,91.7300033569336,24392800,0.24370885416666666,MSFT
2018-02-23,93.5999984741211,94.06999969482422,92.36000061035156,94.05999755859375,26329200,0.2525558823529412,MSFT
2018-02-26,94.4000015258789,95.44999694824219,94.25,95.41999816894531,30199800,0.20778978494623654,MSFT
2018-02-27,95.73999786376953,95.83999633789062,94.19999694824219,94.19999694824219,25869100,0.2946343373493976,MSFT
2018-02-28,94.83999633789062,95.70999908447266,93.62999725341797,93.7699966430664,31167300,0.19525459770114942,MSFT
2018-03-01,93.98999786376953,94.56999969482422,91.83999633789062,92.8499984741211,37135600,0.2006978102189781,MSFT
2018-03-02,91.58000183105469,93.1500015258789,90.86000061035156,93.05000305175781,32830400,0.2473907142857143,MSFT
2018-03-05,92.33999633789062,94.2699966430664,92.26000213623047,93.63999938964844,23901600,0.24901942446043165,MSFT
2018-03-06,94.33999633789062,94.48999786376953,92.94000244140625,93.31999969482422,22175800,0.19241946308724833,MSFT
2018-03-07,93.16000366210938,93.94000244140625,92.43000030517578,93.86000061035156,26716100,0.2337796178343949,MSFT
2018-03-08,94.2699966430664,95.0999984741211,93.7699966430664,94.43000030517578,25887800,0.17656459627329193,MSFT
2018-03-09,95.29000091552734,96.54000091552734,95.0,96.54000091552734,36937300,0.2781234741784037,MSFT
2018-03-12,96.5,97.20999908447266,96.04000091552734,96.7699966430664,26073700,0.24956054054054055,MSFT
2018-03-13,97.0,97.23999786376953,93.97000122070312,94.41000366210938,35387800,0.08621297071129708,MSFT
2018-03-14,95.12000274658203,95.41000366210938,93.5,93.8499984741211,32132000,0.17812777777777777,MSFT
2018-03-15,93.52999877929688,94.58000183105469,92.83000183105469,94.18000030517578,27611000,0.17372971014492752,MSFT
2018-03-16,94.68000030517578,95.37999725341797,93.91999816894531,94.5999984741211,49081300,0.25400375939849623,MSFT
2018-03-19,93.73999786376953,93.9000015258789,92.11000061035156,92.88999938964844,33344100,0.15613181818181818,MSFT
2018-03-20,93.05000305175781,93.7699966430664,93.0,93.12999725341797,23075200,0.3206973384030418,MSFT
2018-03-21,92.93000030517578,94.05000305175781,92.20999908447266,92.4800033569336,24457100,0.11114444444444443,MSFT
2018-03-22,91.2699966430664,91.75,89.66000366210938,89.79000091552734,38604700,0.3056870848708487,MSFT
2018-03-23,89.5,90.45999908447266,87.08000183105469,87.18000030517578,44068900,0.2868838056680162,MSFT
2018-03-26,90.61000061035156,94.0,90.4000015258789,93.77999877929688,56396800,0.1906938864628821,MSFT
2018-03-27,94.94000244140625,95.13999938964844,88.51000213623047,89.47000122070312,56569000,0.21588042895442358,MSFT
2018-03-28,89.81999969482422,91.2300033569336,88.87000274658203,89.38999938964844,52501100,0.29840582524271847,MSFT
2018-03-29,90.18000030517578,92.29000091552734,88.4000015258789,91.2699966430664,45867500,0.1615564393939394,MSFT
2018-04-02,90.47000122070312,90.87999725341797,87.51000213623047,88.5199966430664,48515400,0.23402355555555557,MSFT
2018-04-03,89.58000183105469,90.05000305175781,87.88999938964844,89.70999908447266,37213800,0.21108128654970762,MSFT
2018-04-04,87.8499984741211,92.76000213623047,87.7300033569336,92.33000183105469,35560000,0.19321206030150753,MSFT
2018-04-05,92.44000244140625,93.06999969482422,91.4000015258789,92.37999725341797,29771900,0.20590206185567012,MSFT
2018-04-06,91.48999786376953,92.45999908447266,89.4800033569336,90.2300033569336,38026000,0.19380298507462687,MSFT
2018-04-09,91.04000091552734,93.16999816894531,90.62000274658203,90.7699966430664,31533900,0.21459639639639638,MSFT
2018-04-10,92.38999938964844,93.27999877929688,91.63999938964844,92.87999725341797,26812000,0.28161967871485943,MSFT
2018-04-11,92.01000213623047,93.29000091552734,91.4800033569336,91.86000061035156,24872100,0.29200666666666664,MSFT
2018-04-12,92.43000030517578,94.16000366210938,92.43000030517578,93.58000183105469,26758900,0.31430563909774434,MSFT
2018-04-13,94.05000305175781,94.18000030517578,92.44000244140625,93.08000183105469,23346100,0.45419684684684686,MSFT
2018-04-16,94.06999969482422,94.66000366210938,93.41999816894531,94.16999816894531,20288100,0.15994347826086958,MSFT
2018-04-17,95.0,96.54000091552734,94.87999725341797,96.06999969482422,26771000,0.20721063829787234,MSFT
2018-04-18,96.22000122070312,96.72000122070312,95.5199966430664,96.44000244140625,21043300,0.2119056818181818,MSFT
2018-04-19,96.44000244140625,97.06999969482422,95.33999633789062,96.11000061035156,23552500,0.3144716129032258,MSFT
2018-04-20,95.91000366210938,96.11000061035156,94.05000305175781,95.0,31154400,0.1727907608695652,MSFT
2018-04-23,95.73999786376953,96.29000091552734,94.62999725341797,95.3499984741211,22331800,0.2992336956521739,MSFT
2018-04-24,96.23999786376953,96.47000122070312,92.41000366210938,93.12000274658203,34524800,0.2401458100558659,MSFT
2018-04-25,93.30000305175781,93.30000305175781,90.27999877929688,92.30999755859375,33729300,0.28842645739910316,MSFT
2018-04-26,93.55000305175781,95.1500015258789,93.0999984741211,94.26000213623047,42529000,0.3028259631490787,MSFT
2018-04-27,97.5999984741211,97.9000015258789,93.91000366210938,95.81999969482422,48272800,0.29153184466019416,MSFT
2018-04-30,96.33000183105469,96.4000015258789,93.1500015258789,93.5199966430664,41523600,0.20709710743801651,MSFT
2018-05-01,93.20999908447266,95.29000091552734,92.79000091552734,95.0,31408900,0.18378937198067635,MSFT
2018-05-02,94.98999786376953,95.16999816894531,93.19000244140625,93.51000213623047,27471000,0.18150700636942677,MSFT
2018-05-03,92.95999908447266,94.93000030517578,92.44999694824219,94.06999969482422,31142500,0.2020951807228916,MSFT
2018-05-04,93.31999969482422,95.37000274658203,92.91999816894531,95.16000366210938,22531300,0.2453138364779874,MSFT
2018-05-07,95.16999816894531,96.70999908447266,95.0999984741211,96.22000122070312,24242000,0.31361169811320755,MSFT
2018-05-08,95.8499984741211,96.16000366210938,95.05999755859375,95.80999755859375,23484600,0.36194907407407406,MSFT
2018-05-09,96.01000213623047,96.97000122070312,95.05000305175781,96.94000244140625,27327400,0.3234085227272727,MSFT
2018-05-10,97.45999908447266,97.94999694824219,97.05000305175781,97.91000366210938,22388100,0.3166864864864865,MSFT
2018-05-11,97.80000305175781,97.87000274658203,97.04000091552734,97.69999694824219,16778300,0.31391460674157307,MSFT
2018-05-14,97.91999816894531,98.69000244140625,97.30999755859375,98.02999877929688,19454100,0.33295977011494254,MSFT
2018-05-15,97.23999786376953,97.8499984741211,96.33999633789062,97.31999969482422,24594000,0.35107714285714287,MSFT
2018-05-16,97.36000061035156,97.4000015258789,96.62000274658203,97.1500015258789,17384700,0.29745245901639344,MSFT
2018-05-17,96.76000213623047,97.54000091552734,95.83000183105469,96.18000030517578,17246700,0.26429738562091504,MSFT
2018-05-18,96.01000213623047,96.93000030517578,96.01000213623047,96.36000061035156,17865800,0.3436102941176471,MSFT
2018-05-21,97.0,98.01000213623047,96.80000305175781,97.5999984741211,19422500,0.2581105263157895,MSFT
2018-05-22,97.68000030517578,98.16999816894531,97.19999694824219,97.5,15441200,0.2853254237288136,MSFT
2018-05-23,96.70999908447266,98.7300033569336,96.31999969482422,98.66000366210938,21251200,0.3334687861271676,MSFT
2018-05-24,98.7300033569336,98.94000244140625,96.80999755859375,98.30999755859375,26649300,0.28020151515151515,MSFT
2018-05-25,98.30000305175781,98.9800033569336,97.86000061035156,98.36000061035156,18363900,0.26413917525773195,MSFT
2018-05-29,97.83999633789062,98.87999725341797,97.2300033569336,98.01000213623047,28671000,0.31586486486486487,MSFT
2018-05-30,98.30999755859375,99.25,97.91000366210938,98.94999694824219,22158500,0.26562798353909467,MSFT
2018-05-31,99.29000091552734,99.98999786376953,98.61000061035156,98.83999633789062,34140900,0.24361068702290076,MSFT
2018-06-01,99.27999877929688,100.86000061035156,99.16999816894531,100.79000091552734,28655600,0.25783343949044585,MSFT
2018-06-04,101.26000213623047,101.86000061035156,100.8499984741211,101.66999816894531,27281600,0.2710201834862385,MSFT
2018-06-05,102.0,102.33000183105469,101.52999877929688,102.19000244140625,23514400,0.2100216931216931,MSFT
2018-06-06,102.4800033569336,102.5999984741211,101.9000015258789,102.48999786376953,21122900,0.23794448818897637,MSFT
2018-06-07,102.6500015258789,102.69000244140625,100.37999725341797,100.87999725341797,28232200,0.2951625,MSFT
2018-06-08,101.08999633789062,101.94999694824219,100.54000091552734,101.62999725341797,22165100,0.28266261682242994,MSFT
2018-06-11,101.01000213623047,101.58999633789062,100.66999816894531,101.05000305175781,23490900,0.16992897196261683,MSFT
2018-06-12,101.0999984741211,101.44999694824219,100.75,101.30999755859375,18325200,0.2948505,MSFT
2018-06-13,101.72000122070312,102.01000213623047,100.55999755859375,100.8499984741211,29492900,0.30278266666666664,MSFT
2018-06-14,101.6500015258789,102.02999877929688,101.0,101.41999816894531,25691800,0.2129822463768116,MSFT
2018-06-15,101.51000213623047,101.52999877929688,100.06999969482422,100.12999725341797,65738600,0.2353637168141593,MSFT
2018-06-18,100.01000213623047,101.11000061035156,99.41999816894531,100.86000061035156,23586000,0.26284243902439025,MSFT
2018-06-19,99.6500015258789,101.0,99.5,100.86000061035156,28653100,0.2555198979591837,MSFT
2018-06-20,101.37000274658203,102.5199966430664,101.12000274658203,101.87000274658203,26180800,0.27191658536585367,MSFT
2018-06-21,102.08000183105469,102.45999908447266,100.87999725341797,101.13999938964844,23198200,0.17861,MSFT
2018-06-22,100.41000366210938,100.7699966430664,99.62999725341797,100.41000366210938,38923100,0.2071718181818182,MSFT
2018-06-25,100.0,100.11000061035156,97.30000305175781,98.38999938964844,35433300,0.23552731481481481,MSFT
2018-06-26,98.81999969482422,100.08000183105469,98.75,99.08000183105469,26897200,0.30472272727272726,MSFT
2018-06-27,99.58000183105469,100.0199966430664,97.4000015258789,97.54000091552734,31298400,0.24852202643171806,MSFT
2018-06-28,97.37999725341797,99.11000061035156,97.26000213623047,98.62999725341797,26650700,0.2743988095238096,MSFT
2018-06-29,98.93000030517578,99.91000366210938,98.33000183105469,98.61000061035156,28053200,0.33390077519379846,MSFT
2018-07-02,98.0999984741211,100.05999755859375,98.0,100.01000213623047,19564500,0.1173798449612403,MSFT
2018-07-03,100.4800033569336,100.62999725341797,98.94000244140625,99.05000305175781,14670300,0.21963434343434343,MSFT
2018-07-05,99.5,99.91999816894531,99.02999877929688,99.76000213623047,18977400,0.24953333333333333,MSFT
2018-07-06,99.88999938964844,101.43000030517578,99.66999816894531,101.16000366210938,19234600,0.197715,MSFT
2018-07-09,101.6500015258789,102.25,101.25,101.8499984741211,18212000,0.2564295081967213,MSFT
2018-07-10,102.0,102.51000213623047,101.86000061035156,102.12000274658203,19293100,0.2418312883435583,MSFT
2018-07-11,101.1500015258789,102.33999633789062,101.0999984741211,101.9800033569336,19644600,0.14048666666666668,MSFT
2018-07-12,102.7699966430664,104.41000366210938,102.7300033569336,104.19000244140625,24335900,0.25744980079681273,MSFT
2018-07-13,104.37000274658203,105.5999984741211,104.08999633789062,105.43000030517578,24635200,0.27234764150943397,MSFT
2018-07-16,105.4000015258789,105.81999969482422,104.5199966430664,104.91000366210938,21786900,0.2148634730538922,MSFT
2018-07-17,104.61000061035156,106.5,104.31999969482422,105.94999694824219,25901700,0.23519540983606557,MSFT
2018-07-18,105.94000244140625,106.05000305175781,104.72000122070312,105.12000274658203,29493900,0.2726810483870968,MSFT
2018-07-19,104.93000030517578,105.30999755859375,103.88999938964844,104.4000015258789,40171600,0.29495404530744335,MSFT
2018-07-20,108.08000183105469,108.19999694824219,106.08000183105469,106.2699966430664,56004000,0.26616648044692737,MSFT
2018-07-23,106.30000305175781,108.13999938964844,106.12999725341797,107.97000122070312,29707000,0.3046223443223443,MSFT
2018-07-24,108.56999969482422,108.81999969482422,107.26000213623047,107.66000366210938,26316600,0.21797066666666665,MSFT
2018-07-25,107.95999908447266,111.1500015258789,107.5999984741211,110.83000183105469,30702100,0.27006080000000005,MSFT
2018-07-26,110.73999786376953,111.0,109.5,109.62000274658203,31372100,0.2328799043062201,MSFT
2018-07-27,110.18000030517578,110.18000030517578,106.13999938964844,107.68000030517578,37005300,0.276702538071066,MSFT
2018-07-30,107.19000244140625,107.52999877929688,104.76000213623047,105.37000274658203,34668300,0.18626888888888887,MSFT
2018-07-31,106.48999786376953,106.72000122070312,105.37999725341797,106.08000183105469,27655200,0.2858,MSFT
2018-08-01,106.02999877929688,106.44999694824219,105.41999816894531,106.27999877929688,23628700,0.31264234234234234,MSFT
2018-08-02,105.4000015258789,108.08999633789062,104.83999633789062,107.56999969482422,26104300,0.27127545454545454,MSFT
2018-08-03,107.80000305175781,108.05000305175781,106.81999969482422,108.04000091552734,18659600,0.2576814432989691,MSFT
2018-08-06,108.12000274658203,108.41999816894531,107.55999755859375,108.12999725341797,20265900,0.18118503401360544,MSFT
2018-08-07,108.55999755859375,109.0999984741211,108.16999816894531,108.87999725341797,16080200,0.22215661764705882,MSFT
2018-08-08,109.33000183105469,109.75,108.76000213623047,109.48999786376953,15487500,0.25514714285714285,MSFT
2018-08-09,109.70999908447266,110.16000366210938,109.5999984741211,109.66999816894531,13677200,0.1975811188811189,MSFT
2018-08-10,109.41999816894531,109.69000244140625,108.37999725341797,109.0,18183700,0.2598739130434783,MSFT
2018-08-13,109.23999786376953,109.58000183105469,108.0999984741211,108.20999908447266,18472500,0.21588782608695653,MSFT
2018-08-14,108.55999755859375,109.75,108.04000091552734,109.55999755859375,16788300,0.18522419354838712,MSFT
2018-08-15,108.48999786376953,108.98999786376953,106.81999969482422,107.66000366210938,29982800,0.22531895424836598,MSFT
2018-08-16,108.30000305175781,108.86000061035156,107.30000305175781,107.63999938964844,21384300,0.17760666666666666,MSFT
2018-08-17,107.36000061035156,107.9000015258789,106.69000244140625,107.58000183105469,18061500,0.1266104,MSFT
2018-08-20,107.51000213623047,107.9000015258789,106.4800033569336,106.87000274658203,17914200,0.16320133333333334,MSFT
2018-08-21,106.91999816894531,107.3499984741211,105.8499984741211,105.9800033569336,22881900,0.14633333333333332,MSFT
2018-08-22,105.8499984741211,107.33999633789062,105.77999877929688,107.05999755859375,18000600,0.21645459770114941,MSFT
2018-08-23,107.1500015258789,108.18000030517578,106.87000274658203,107.55999755859375,18167700,0.21772444444444447,MSFT
2018-08-24,107.66999816894531,108.55999755859375,107.55999755859375,108.4000015258789,17234000,0.2675,MSFT
2018-08-27,109.2699966430664,109.63999938964844,108.51000213623047,109.5999984741211,19662300,0.21167142857142857,MSFT
2018-08-28,109.94000244140625,110.5,109.79000091552734,110.26000213623047,19151500,0.16150670391061453,MSFT
2018-08-29,110.44999694824219,112.02999877929688,110.2699966430664,112.0199966430664,20818000,0.28357312775330396,MSFT
2018-08-30,111.66999816894531,112.61000061035156,111.44000244140625,111.94999694824219,22798700,0.15991589958158997,MSFT
2018-08-31,111.69000244140625,112.77999877929688,111.5199966430664,112.33000183105469,23222700,0.19609418604651163,MSFT
2018-09-04,110.8499984741211,111.95999908447266,110.22000122070312,111.70999908447266,22634600,0.2576276595744681,MSFT
2018-09-05,111.01000213623047,111.41999816894531,108.0999984741211,108.48999786376953,32872400,0.11567357512953368,MSFT
2018-09-06,108.25,108.98999786376953,107.51000213623047,108.73999786376953,23477600,0.17542741935483872,MSFT
2018-09-07,108.2300033569336,108.72000122070312,107.2300033569336,108.20999908447266,22498600,0.25678913043478263,MSFT
2018-09-10,108.83999633789062,109.63999938964844,108.36000061035156,109.37999725341797,20727900,0.2566668831168831,MSFT
2018-09-11,108.9000015258789,111.58999633789062,108.88999938964844,111.23999786376953,24301800,0.26674754098360653,MSFT
2018-09-12,111.43000030517578,111.8499984741211,110.51000213623047,111.70999908447266,18891100,0.20916508875739645,MSFT
2018-09-13,112.12000274658203,113.7300033569336,112.12000274658203,112.91000366210938,26055600,0.24444885057471266,MSFT
2018-09-14,113.36000061035156,113.7300033569336,112.44000244140625,113.37000274658203,19122300,0.21471970802919707,MSFT
2018-09-17,113.69000244140625,113.69999694824219,111.86000061035156,112.13999938964844,20736500,0.20288333333333336,MSFT
2018-09-18,112.19000244140625,113.69999694824219,111.72000122070312,113.20999908447266,22170900,0.2219946308724832,MSFT
2018-09-19,113.05000305175781,113.31999969482422,111.04000091552734,111.69999694824219,21728400,0.19522727272727272,MSFT
2018-09-20,112.27999877929688,113.80000305175781,111.93000030517578,113.56999969482422,23714500,0.29597532467532467,MSFT
2018-09-21,114.0,115.29000091552734,113.51000213623047,114.26000213623047,71229700,0.258559793814433,MSFT
2018-09-24,113.02999877929688,114.9000015258789,112.22000122070312,114.66999816894531,27334500,0.21662472527472526,MSFT
2018-09-25,114.80000305175781,115.0999984741211,113.75,114.44999694824219,22668000,0.18865677966101696,MSFT
2018-09-26,114.47000122070312,115.05999755859375,113.73999786376953,113.9800033569336,19352000,0.2535777777777778,MSFT
2018-09-27,114.77999877929688,114.91000366210938,114.19999694824219,114.41000366210938,19091300,0.16096262626262625,MSFT
2018-09-28,114.19000244140625,114.56999969482422,113.68000030517578,114.37000274658203,21647800,0.18728702290076338,MSFT
2018-10-01,114.75,115.68000030517578,114.7300033569336,115.61000061035156,18883100,0.2642958904109589,MSFT
2018-10-02,115.30000305175781,115.83999633789062,114.44000244140625,115.1500015258789,20787200,0.16769718309859155,MSFT
2018-10-03,115.41999816894531,116.18000030517578,114.93000030517578,115.16999816894531,16648000,0.21415244755244756,MSFT
2018-10-04,114.61000061035156,114.76000213623047,111.62999725341797,112.79000091552734,34821700,0.1862230769230769,MSFT
2018-10-05,112.62999725341797,113.16999816894531,110.63999938964844,112.12999725341797,29068900,0.268378813559322,MSFT
2018-10-08,111.66000366210938,112.02999877929688,109.33999633789062,110.8499984741211,29640600,0.10719777777777778,MSFT
2018-10-09,111.13999938964844,113.08000183105469,110.80000305175781,112.26000213623047,26198600,0.16678256880733947,MSFT
2018-10-10,111.23999786376953,111.5,105.79000091552734,106.16000366210938,61376300,0.17602416666666668,MSFT
2018-10-11,105.3499984741211,108.93000030517578,104.19999694824219,105.91000366210938,63904300,0.12966901408450704,MSFT
2018-10-12,109.01000213623047,111.23999786376953,107.12000274658203,109.56999969482422,47742100,0.17565102040816324,MSFT
2018-10-15,108.91000366210938,109.4800033569336,106.94999694824219,107.5999984741211,32068100,0.11291295336787566,MSFT
2018-10-16,109.54000091552734,111.41000366210938,108.94999694824219,111.0,31610200,0.1992729591836735,MSFT
2018-10-17,111.68000030517578,111.80999755859375,109.55000305175781,110.70999908447266,26548200,0.18991637931034483,MSFT
2018-10-18,110.0999984741211,110.52999877929688,107.83000183105469,108.5,32506200,0.15240499999999998,MSFT
2018-10-19,108.93000030517578,110.86000061035156,108.20999908447266,108.66000366210938,32785500,0.25185343915343916,MSFT
2018-10-22,109.31999969482422,110.54000091552734,108.23999786376953,109.62999725341797,26545600,0.2226727272727273,MSFT
2018-10-23,107.7699966430664,108.97000122070312,105.11000061035156,108.0999984741211,43770400,0.15401052631578946,MSFT
2018-10-24,108.41000366210938,108.48999786376953,101.58999633789062,102.31999969482422,63897800,0.31778569620253166,MSFT
2018-10-25,106.55000305175781,109.2699966430664,106.1500015258789,108.30000305175781,61646800,0.24195594989561586,MSFT
2018-10-26,105.69000244140625,108.75,104.76000213623047,106.95999908447266,55523100,0.2718569491525424,MSFT
2018-10-29,108.11000061035156,108.69999694824219,101.62999725341797,103.8499984741211,55162000,0.16017716535433071,MSFT
2018-10-30,103.66000366210938,104.37999725341797,100.11000061035156,103.7300033569336,65350900,0.1621347014925373,MSFT
2018-10-31,105.44000244140625,108.13999938964844,105.38999938964844,106.80999755859375,51062400,0.25712529411764706,MSFT
2018-11-01,107.05000305175781,107.31999969482422,105.52999877929688,105.91999816894531,33384200,0.22615810810810813,MSFT
2018-11-02,106.4800033569336,107.31999969482422,104.9800033569336,106.16000366210938,37680200,0.22767870967741935,MSFT
2018-11-05,106.37000274658203,107.73999786376953,105.9000015258789,107.51000213623047,27922100,0.22331538461538464,MSFT
2018-11-06,107.37999725341797,108.83999633789062,106.27999877929688,107.72000122070312,24340200,0.2094225165562914,MSFT
2018-11-07,109.44000244140625,112.23999786376953,109.4000015258789,111.95999908447266,37901700,0.22569353233830847,MSFT
2018-11-08,111.80000305175781,112.20999908447266,110.91000366210938,111.75,25644100,0.2836908256880734,MSFT
2018-11-09,110.8499984741211,111.44999694824219,108.76000213623047,109.56999969482422,32039200,0.18676847290640394,MSFT
2018-11-12,109.41999816894531,109.95999908447266,106.0999984741211,106.87000274658203,33621800,0.16712706766917296,MSFT
2018-11-13,107.55000305175781,108.73999786376953,106.63999938964844,106.94000244140625,35374600,0.18138553459119497,MSFT
2018-11-14,108.0999984741211,108.26000213623047,104.47000122070312,104.97000122070312,39495100,0.200125,MSFT
2018-11-15,104.98999786376953,107.80000305175781,103.91000366210938,107.27999877929688,38505200,0.13425359477124182,MSFT
2018-11-16,107.08000183105469,108.87999725341797,106.80000305175781,108.29000091552734,33502100,0.25006879432624113,MSFT
2018-11-19,108.2699966430664,108.55999755859375,103.55000305175781,104.62000274658203,44773900,0.14325406976744187,MSFT
2018-11-20,101.80000305175781,102.97000122070312,99.3499984741211,101.70999908447266,64052500,0.20024,MSFT
2018-11-21,103.5999984741211,104.43000030517578,102.23999786376953,103.11000061035156,28130600,0.13955028248587573,MSFT
2018-11-23,102.16999816894531,103.80999755859375,102.0,103.06999969482422,13823100,0.16749661016949155,MSFT
2018-11-26,104.79000091552734,106.62999725341797,104.58000183105469,106.47000122070312,32336200,0.257765,MSFT
2018-11-27,106.2699966430664,107.33000183105469,105.36000061035156,107.13999938964844,29124500,0.23550582191780822,MSFT
2018-11-28,107.88999938964844,111.33000183105469,107.86000061035156,111.12000274658203,46788500,0.2642878787878788,MSFT
2018-11-29,110.33000183105469,111.12000274658203,109.02999877929688,110.19000244140625,28123200,0.1696964664310954,MSFT
2018-11-30,110.69999694824219,110.97000122070312,109.36000061035156,110.88999938964844,33665600,0.2538357142857143,MSFT
2018-12-03,113.0,113.41999816894531,110.7300033569336,112.08999633789062,34732800,0.2463922448979592,MSFT
2018-12-04,111.94000244140625,112.63999938964844,108.20999908447266,108.5199966430664,45197000,0.20781095890410958,MSFT
2018-12-06,105.81999969482422,109.23999786376953,105.0,109.19000244140625,49107400,0.12806863905325444,MSFT
2018-12-07,108.37999725341797,109.44999694824219,104.30000305175781,104.81999969482422,45044900,0.20000866666666667,MSFT
2018-12-10,104.80000305175781,107.9800033569336,103.88999938964844,107.58999633789062,40801500,0.19356428571428574,MSFT
2018-12-11,109.80000305175781,110.94999694824219,107.44000244140625,108.58999633789062,42381900,0.22786903765690378,MSFT
2018-12-12,110.88999938964844,111.2699966430664,109.04000091552734,109.08000183105469,36183000,0.23169251336898397,MSFT
2018-12-13,109.58000183105469,110.87000274658203,108.62999725341797,109.44999694824219,31333400,0.08327045454545455,MSFT
2018-12-14,108.25,109.26000213623047,105.5,106.02999877929688,47043100,0.19060059171597635,MSFT
2018-12-17,105.41000366210938,105.80000305175781,101.70999908447266,102.88999938964844,56957300,0.1578841176470588,MSFT
2018-12-18,103.75,104.51000213623047,102.5199966430664,103.97000122070312,49319200,0.2136169491525424,MSFT
2018-12-19,103.6500015258789,106.87999725341797,101.3499984741211,103.69000244140625,68198200,0.18731980676328502,MSFT
2018-12-20,103.05000305175781,104.30999755859375,98.77999877929688,101.51000213623047,70334200,0.11218713235294119,MSFT
2018-12-21,101.62999725341797,103.0,97.45999908447266,98.2300033569336,111242100,0.1906847533632287,MSFT
2018-12-24,97.68000030517578,97.97000122070312,93.9800033569336,94.12999725341797,43935200,0.07130774647887324,MSFT
2018-12-26,95.13999938964844,100.69000244140625,93.95999908447266,100.55999755859375,51634800,0.20317532467532468,MSFT
2018-12-27,99.30000305175781,101.19000244140625,96.4000015258789,101.18000030517578,49498500,0.13803987341772153,MSFT
2018-12-28,102.08999633789062,102.41000366210938,99.5199966430664,100.38999938964844,38196300,0.10097445255474453,MSFT
2018-12-31,101.29000091552734,102.4000015258789,100.44000244140625,101.56999969482422,33173800,0.22097226890756302,MSFT
2019-01-02,99.55000305175781,101.75,98.94000244140625,101.12000274658203,35329300,0.10836354166666667,MSFT
2019-01-03,100.0999984741211,100.19000244140625,97.19999694824219,97.4000015258789,42579100,0.1239760180995475,MSFT
2019-01-04,99.72000122070312,102.51000213623047,98.93000030517578,101.93000030517578,44060600,0.14804303797468354,MSFT
2019-01-07,101.63999938964844,103.2699966430664,100.9800033569336,102.05999755859375,35656100,0.19465138121546963,MSFT
2019-01-08,103.04000091552734,103.97000122070312,101.70999908447266,102.80000305175781,31514400,0.1772322404371585,MSFT
2019-01-09,103.86000061035156,104.87999725341797,103.23999786376953,104.2699966430664,32280800,0.23859097744360902,MSFT
2019-01-10,103.22000122070312,103.75,102.37999725341797,103.5999984741211,30067600,0.21754690265486726,MSFT
2019-01-11,103.19000244140625,103.44000244140625,101.63999938964844,102.80000305175781,28314200,0.18326666666666666,MSFT
2019-01-14,101.9000015258789,102.87000274658203,101.26000213623047,102.05000305175781,28437100,0.15917,MSFT
2019-01-15,102.51000213623047,105.05000305175781,101.87999725341797,105.01000213623047,31587600,0.25709794238683126,MSFT
2019-01-16,105.26000213623047,106.26000213623047,104.95999908447266,105.37999725341797,29853900,0.26202287234042554,MSFT
2019-01-17,105.0,106.62999725341797,104.76000213623047,106.12000274658203,28393000,0.27086137566137564,MSFT
2019-01-18,107.45999908447266,107.9000015258789,105.91000366210938,107.70999908447266,37427600,0.32157135416666666,MSFT
2019-01-22,106.75,107.0999984741211,104.86000061035156,105.68000030517578,32371300,0.2384254237288136,MSFT
2019-01-23,106.12000274658203,107.04000091552734,105.33999633789062,106.70999908447266,25874300,0.30360909090909094,MSFT
2019-01-24,106.86000061035156,107.0,105.33999633789062,106.19999694824219,23164800,0.1589273076923077,MSFT
2019-01-25,107.23999786376953,107.87999725341797,106.19999694824219,107.16999816894531,31225600,0.25740610328638497,MSFT
2019-01-28,106.26000213623047,106.4800033569336,104.66000366210938,105.08000183105469,29476700,0.24632162162162166,MSFT
2019-01-29,104.87999725341797,104.97000122070312,102.16999816894531,102.94000244140625,31490500,0.26763563636363635,MSFT
2019-01-30,104.62000274658203,106.37999725341797,104.33000183105469,106.37999725341797,49471900,0.3266951923076923,MSFT
2019-01-31,103.80000305175781,105.22000122070312,103.18000030517578,104.43000030517578,55636400,0.3004958230958231,MSFT
2019-02-01,103.77999877929688,104.0999984741211,102.3499984741211,102.77999877929688,35535700,0.19949668246445498,MSFT
2019-02-04,102.87000274658203,105.80000305175781,102.7699966430664,105.73999786376953,31315100,0.25530252100840334,MSFT
2019-02-05,106.05999755859375,107.2699966430664,105.95999908447266,107.22000122070312,27325400,0.29180755555555554,MSFT
2019-02-06,107.0,107.0,105.52999877929688,106.02999877929688,20609800,0.24014615384615384,MSFT
2019-02-07,105.19000244140625,105.58999633789062,104.29000091552734,105.2699966430664,29760700,0.2240441717791411,MSFT
2019-02-08,104.38999938964844,105.77999877929688,104.26000213623047,105.66999816894531,21461100,0.18430157480314963,MSFT
2019-02-11,106.19999694824219,106.58000183105469,104.97000122070312,105.25,18914100,0.21660506329113924,MSFT
2019-02-12,106.13999938964844,107.13999938964844,105.4800033569336,106.88999938964844,25056600,0.2917616766467066,MSFT
2019-02-13,107.5,107.77999877929688,106.70999908447266,106.80999755859375,18394900,0.19603684210526318,MSFT
2019-02-14,106.30999755859375,107.29000091552734,105.66000366210938,106.9000015258789,21784700,0.3272189024390244,MSFT
2019-02-15,107.91000366210938,108.30000305175781,107.36000061035156,108.22000122070312,26606900,0.29613659793814434,MSFT
2019-02-19,107.79000091552734,108.66000366210938,107.77999877929688,108.16999816894531,18038500,0.30088390804597703,MSFT
2019-02-20,107.86000061035156,107.94000244140625,106.29000091552734,107.1500015258789,21607700,0.20615,MSFT
2019-02-21,106.9000015258789,109.4800033569336,106.87000274658203,109.41000366210938,29063200,0.2529717607973422,MSFT
2019-02-22,110.05000305175781,111.19999694824219,109.81999969482422,110.97000122070312,27763200,0.2183034188034188,MSFT
2019-02-25,111.76000213623047,112.18000030517578,111.26000213623047,111.58999633789062,23750600,0.27327640000000003,MSFT
2019-02-26,111.26000213623047,113.23999786376953,111.16999816894531,112.36000061035156,21536700,0.19487174887892378,MSFT
2019-02-27,111.69000244140625,112.36000061035156,110.87999725341797,112.16999816894531,21487100,0.25862313432835826,MSFT
2019-02-28,112.04000091552734,112.87999725341797,111.7300033569336,112.02999877929688,29083900,0.31616502732240437,MSFT
2019-03-01,112.88999938964844,113.0199966430664,111.66999816894531,112.52999877929688,23501200,0.32491169590643276,MSFT
2019-03-04,113.0199966430664,113.25,110.80000305175781,112.26000213623047,26608000,0.19788441558441558,MSFT
2019-03-05,112.25,112.38999938964844,111.2300033569336,111.69999694824219,19538300,0.2987124087591241,MSFT
2019-03-06,111.87000274658203,112.66000366210938,111.43000030517578,111.75,17687000,0.28372916666666664,MSFT
2019-03-07,111.4000015258789,111.55000305175781,109.87000274658203,110.38999938964844,25339000,0.2973372972972973,MSFT
2019-03-08,109.16000366210938,110.70999908447266,108.80000305175781,110.51000213623047,22818400,0.2582724867724868,MSFT
2019-03-11,110.98999786376953,112.94999694824219,110.9800033569336,112.83000183105469,26491600,0.2557118279569892,MSFT
2019-03-12,112.81999969482422,113.98999786376953,112.6500015258789,113.62000274658203,26132700,0.20855648535564852,MSFT
2019-03-13,114.12999725341797,115.0,113.77999877929688,114.5,35513800,0.21944609053497943,MSFT
2019-03-14,114.54000091552734,115.19999694824219,114.33000183105469,114.58999633789062,30763400,0.24703708333333332,MSFT
2019-03-15,115.33999633789062,117.25,114.58999633789062,115.91000366210938,54681100,0.30286065573770493,MSFT
2019-03-18,116.16999816894531,117.61000061035156,116.05000305175781,117.56999969482422,31207600,0.22647021276595744,MSFT
2019-03-19,118.08999633789062,118.44000244140625,116.98999786376953,117.6500015258789,37588700,0.3062265486725664,MSFT
2019-03-20,117.38999938964844,118.75,116.70999908447266,117.5199966430664,28113300,0.2841030837004405,MSFT
2019-03-21,117.13999938964844,120.81999969482422,117.08999633789062,120.22000122070312,29854400,0.2661212962962963,MSFT
2019-03-22,119.5,119.58999633789062,117.04000091552734,117.05000305175781,33624500,0.15064427083333334,MSFT
2019-03-25,116.55999755859375,118.01000213623047,116.31999969482422,117.66000366210938,27067100,0.3303979166666667,MSFT
2019-03-26,118.62000274658203,118.70999908447266,116.8499984741211,117.91000366210938,26097700,0.2956901408450704,MSFT
2019-03-27,117.87999725341797,118.20999908447266,115.5199966430664,116.7699966430664,22733400,0.2659004901960784,MSFT
2019-03-28,117.44000244140625,117.58000183105469,116.12999725341797,116.93000030517578,18334800,0.2946882075471698,MSFT
2019-03-29,118.06999969482422,118.31999969482422,116.95999908447266,117.94000244140625,25399800,0.34490191082802546,MSFT
2019-04-01,118.94999694824219,119.11000061035156,118.0999984741211,119.0199966430664,22789100,0.2016413043478261,MSFT
2019-04-02,119.05999755859375,119.4800033569336,118.5199966430664,119.19000244140625,18142300,0.24429595375722543,MSFT
2019-04-03,119.86000061035156,120.43000030517578,119.1500015258789,119.97000122070312,22860700,0.294595,MSFT
2019-04-04,120.0999984741211,120.2300033569336,118.37999725341797,119.36000061035156,20112800,0.2372488095238095,MSFT
2019-04-05,119.38999938964844,120.2300033569336,119.37000274658203,119.88999938964844,15826200,0.25810828402366864,MSFT
2019-04-08,119.80999755859375,120.0199966430664,118.63999938964844,119.93000030517578,15116200,0.29720186335403725,MSFT
2019-04-09,118.62999725341797,119.54000091552734,118.58000183105469,119.27999877929688,17612000,0.2669583850931677,MSFT
2019-04-10,119.76000213623047,120.3499984741211,119.54000091552734,120.19000244140625,16477200,0.18272814371257484,MSFT
2019-04-11,120.54000091552734,120.8499984741211,119.91999816894531,120.33000183105469,14209100,0.3015106796116505,MSFT
2019-04-12,120.63999938964844,120.9800033569336,120.37000274658203,120.94999694824219,19745100,0.24776976744186047,MSFT
2019-04-15,120.94000244140625,121.58000183105469,120.56999969482422,121.05000305175781,15792600,0.2633005,MSFT
2019-04-16,121.63999938964844,121.6500015258789,120.0999984741211,120.7699966430664,14071800,0.22308855721393037,MSFT
2019-04-17,121.23999786376953,121.8499984741211,120.54000091552734,121.7699966430664,19300900,0.25751778846153844,MSFT
2019-04-18,122.19000244140625,123.5199966430664,121.30000305175781,123.37000274658203,27991000,0.26329166666666665,MSFT
2019-04-22,122.62000274658203,124.0,122.56999969482422,123.76000213623047,15648700,0.2863709359605911,MSFT
2019-04-23,124.0999984741211,125.58000183105469,123.83000183105469,125.44000244140625,24025500,0.2794575971731449,MSFT
2019-04-24,125.79000091552734,125.8499984741211,124.5199966430664,125.01000213623047,31257000,0.33108039950062423,MSFT
2019-04-25,130.05999755859375,131.3699951171875,128.8300018310547,129.14999389648438,38033900,0.3021541296060991,MSFT
2019-04-26,129.6999969482422,130.52000427246094,129.02000427246094,129.88999938964844,23654900,0.2915651260504202,MSFT
2019-04-29,129.89999389648438,130.17999267578125,129.35000610351562,129.77000427246094,16324200,0.21626055045871562,MSFT
2019-04-30,129.80999755859375,130.6999969482422,129.38999938964844,130.60000610351562,24166500,0.2059402489626556,MSFT
2019-05-01,130.52999877929688,130.64999389648438,127.69999694824219,127.87999725341797,26821700,0.20432098214285715,MSFT
2019-05-02,127.9800033569336,128.0,125.5199966430664,126.20999908447266,27350200,0.2147674740484429,MSFT
2019-05-03,127.36000061035156,129.42999267578125,127.25,128.89999389648438,24911100,0.2171798941798942,MSFT
2019-05-06,126.38999938964844,128.55999755859375,126.11000061035156,128.14999389648438,24239800,0.13520729166666667,MSFT
2019-05-07,126.45999908447266,127.18000030517578,124.22000122070312,125.5199966430664,36017700,0.17006,MSFT
2019-05-08,125.44000244140625,126.37000274658203,124.75,125.51000213623047,28419000,0.17752701149425287,MSFT
2019-05-09,124.29000091552734,125.79000091552734,123.56999969482422,125.5,27235800,0.1533405714285714,MSFT
2019-05-10,124.91000366210938,127.93000030517578,123.81999969482422,127.12999725341797,30915100,0.19558794326241136,MSFT
2019-05-13,124.11000061035156,125.55000305175781,123.04000091552734,123.3499984741211,33944900,0.14707488986784142,MSFT
2019-05-14,123.87000274658203,125.87999725341797,123.69999694824219,124.7300033569336,25266300,0.2088131914893617,MSFT
2019-05-15,124.26000213623047,126.70999908447266,123.69999694824219,126.0199966430664,24722700,0.19012171945701356,MSFT
2019-05-16,126.75,129.3800048828125,126.45999908447266,128.92999267578125,30112200,0.21417112068965516,MSFT
2019-05-17,128.30999755859375,130.4600067138672,127.91999816894531,128.07000732421875,25770500,0.13740560747663552,MSFT
2019-05-20,126.5199966430664,127.58999633789062,125.76000213623047,126.22000122070312,23706900,0.13974267515923566,MSFT
2019-05-21,127.43000030517578,127.52999877929688,126.58000183105469,126.9000015258789,15293300,0.22663417721518986,MSFT
2019-05-22,126.62000274658203,128.24000549316406,126.5199966430664,127.66999816894531,15396500,0.18677300613496933,MSFT
2019-05-23,126.19999694824219,126.29000091552734,124.73999786376953,126.18000030517578,23603800,0.14825644171779143,MSFT
2019-05-24,126.91000366210938,127.41999816894531,125.97000122070312,126.23999786376953,14123400,0.2125296875,MSFT
2019-05-28,126.9800033569336,128.0,126.05000305175781,126.16000366210938,23128400,0.1868660606060606,MSFT
2019-05-29,125.37999725341797,125.38999938964844,124.04000091552734,124.94000244140625,22763100,0.16742875816993463,MSFT
2019-05-30,125.26000213623047,125.76000213623047,124.77999877929688,125.7300033569336,16829600,0.2135646408839779,MSFT
2019-05-31,124.2300033569336,124.62000274658203,123.31999969482422,123.68000030517578,26646800,0.23153680555555553,MSFT
2019-06-03,123.8499984741211,124.37000274658203,119.01000213623047,119.83999633789062,37983600,0.14928471074380165,MSFT
2019-06-04,121.27999877929688,123.27999877929688,120.6500015258789,123.16000366210938,29382600,0.2192569306930693,MSFT
2019-06-05,124.94999694824219,125.87000274658203,124.20999908447266,125.83000183105469,24926100,0.23291433691756275,MSFT
2019-06-06,126.44000244140625,127.97000122070312,125.5999984741211,127.81999969482422,21459000,0.21545751072961372,MSFT
2019-06-07,129.19000244140625,132.25,128.25999450683594,131.39999389648438,33885600,0.24398480565371028,MSFT
2019-06-10,132.39999389648438,134.0800018310547,132.0,132.60000610351562,26477100,0.21088358662613982,MSFT
2019-06-11,133.8800048828125,134.24000549316406,131.27999877929688,132.10000610351562,23913700,0.16042762237762237,MSFT
2019-06-12,131.39999389648438,131.97000122070312,130.7100067138672,131.49000549316406,17092500,0.22807276995305165,MSFT
2019-06-13,131.97999572753906,133.0,131.55999755859375,132.32000732421875,17200800,0.1970084656084656,MSFT
2019-06-14,132.25999450683594,133.7899932861328,131.63999938964844,132.4499969482422,17821700,0.225054,MSFT
2019-06-17,132.6300048828125,133.72999572753906,132.52999877929688,132.85000610351562,14517800,0.1685554945054945,MSFT
2019-06-18,134.19000244140625,135.24000549316406,133.57000732421875,135.16000366210938,25934500,0.006033333333333335,MSFT
2019-06-19,135.0,135.92999267578125,133.80999755859375,135.69000244140625,23744400,0.22605822784810126,MSFT
2019-06-20,137.4499969482422,137.66000366210938,135.72000122070312,136.9499969482422,33042600,0.22835541666666667,MSFT
2019-06-21,136.5800018310547,137.72999572753906,136.4600067138672,136.97000122070312,36727900,0.1862916666666667,MSFT
2019-06-24,137.0,138.39999389648438,137.0,137.77999877929688,20628800,0.2116706896551724,MSFT
2019-06-25,137.25,137.58999633789062,132.72999572753906,133.42999267578125,33327400,0.14801241134751772,MSFT
2019-06-26,134.35000610351562,135.74000549316406,133.60000610351562,133.92999267578125,23657700,0.17481063829787236,MSFT
2019-06-27,134.13999938964844,134.7100067138672,133.50999450683594,134.14999389648438,16557500,0.1652572327044025,MSFT
2019-06-28,134.57000732421875,134.60000610351562,133.16000366210938,133.9600067138672,30043000,0.309959375,MSFT
2019-07-01,136.6300048828125,136.6999969482422,134.97000122070312,135.67999267578125,22613500,0.24282911392405063,MSFT
2019-07-02,136.1199951171875,136.58999633789062,135.33999633789062,136.5800018310547,15237800,0.19308490566037737,MSFT
2019-07-03,136.8000030517578,137.74000549316406,136.2899932861328,137.4600067138672,13629300,0.25560113636363635,MSFT
2019-07-05,135.94000244140625,137.3300018310547,135.72000122070312,137.05999755859375,18141100,0.26350576923076924,MSFT
2019-07-08,136.39999389648438,137.10000610351562,135.3699951171875,136.9600067138672,16779700,0.17290068493150684,MSFT
2019-07-09,136.0,136.97000122070312,135.8000030517578,136.4600067138672,19953100,0.24572512077294686,MSFT
2019-07-10,137.1300048828125,138.5800018310547,137.02000427246094,137.85000610351562,24204400,0.252760396039604,MSFT
2019-07-11,138.1999969482422,139.22000122070312,137.8699951171875,138.39999389648438,22327900,0.1808906015037594,MSFT
2019-07-12,138.85000610351562,139.1300048828125,138.00999450683594,138.89999389648438,18936800,0.24286017699115045,MSFT
2019-07-15,139.44000244140625,139.5399932861328,138.4600067138672,138.89999389648438,16651500,0.2319632558139535,MSFT
2019-07-16,138.9600067138672,139.0500030517578,136.52000427246094,137.0800018310547,22726100,0.08271086956521738,MSFT
2019-07-17,137.6999969482422,137.92999267578125,136.22000122070312,136.27000427246094,20211000,0.21632666666666667,MSFT
2019-07-18,135.5500030517578,136.6199951171875,134.6699981689453,136.4199981689453,30381800,0.3036986301369863,MSFT
2019-07-19,140.22000122070312,140.6699981689453,136.4499969482422,136.6199951171875,48992400,0.27263849315068495,MSFT
2019-07-22,137.41000366210938,139.19000244140625,137.3300018310547,138.42999267578125,25074900,0.23655763888888892,MSFT
2019-07-23,139.75999450683594,139.99000549316406,138.02999877929688,139.2899932861328,18034600,0.22038458781362005,MSFT
2019-07-24,138.89999389648438,140.74000549316406,138.85000610351562,140.72000122070312,20738300,0.2427299019607843,MSFT
2019-07-25,140.42999267578125,140.61000061035156,139.32000732421875,140.19000244140625,18356900,0.2630117073170732,MSFT
2019-07-26,140.3699951171875,141.67999267578125,140.3000030517578,141.33999633789062,19037600,0.24385245901639344,MSFT
2019-07-29,141.5,141.50999450683594,139.3699951171875,141.02999877929688,16605900,0.18604788732394367,MSFT
2019-07-30,140.13999938964844,141.22000122070312,139.8000030517578,140.35000610351562,16846500,0.21635859375,MSFT
2019-07-31,140.3300018310547,140.49000549316406,135.0800018310547,136.27000427246094,38598800,0.22810047393364927,MSFT
2019-08-01,137.0,140.94000244140625,136.92999267578125,138.05999755859375,40557500,0.21390503597122304,MSFT
2019-08-02,138.08999633789062,138.32000732421875,135.25999450683594,136.89999389648438,30791600,0.18471455696202532,MSFT
2019-08-05,133.3000030517578,133.92999267578125,130.77999877929688,132.2100067138672,42749600,0.18996218905472637,MSFT
2019-08-06,133.8000030517578,135.67999267578125,133.2100067138672,134.69000244140625,32696700,0.16679128205128207,MSFT
2019-08-07,133.7899932861328,135.64999389648438,131.8300018310547,135.27999877929688,33414500,0.23689277777777779,MSFT
2019-08-08,136.60000610351562,138.99000549316406,135.92999267578125,138.88999938964844,27496500,0.24945,MSFT
2019-08-09,138.61000061035156,139.3800048828125,136.4600067138672,137.7100067138672,23466700,0.27267593984962407,MSFT
2019-08-12,137.07000732421875,137.86000061035156,135.24000549316406,135.7899932861328,20484300,0.24078176795580108,MSFT
2019-08-13,136.0500030517578,138.8000030517578,135.0,138.60000610351562,25154600,0.2206113636363636,MSFT
2019-08-14,136.36000061035156,136.9199981689453,133.6699981689453,133.97999572753906,32527300,0.17045470588235295,MSFT
2019-08-15,134.38999938964844,134.5800018310547,132.25,133.67999267578125,28074400,0.20770892857142856,MSFT
2019-08-16,134.8800048828125,136.4600067138672,134.72000122070312,136.1300048828125,24449100,0.17836644736842105,MSFT
2019-08-19,137.85000610351562,138.5500030517578,136.88999938964844,138.41000366210938,24355700,0.19928455284552846,MSFT
2019-08-20,138.2100067138672,138.7100067138672,137.24000549316406,137.25999450683594,21170800,0.23448155339805826,MSFT
2019-08-21,138.5500030517578,139.49000549316406,138.0,138.7899932861328,14970300,0.2104035294117647,MSFT
2019-08-22,138.66000366210938,139.1999969482422,136.2899932861328,137.77999877929688,18697000,0.041905194805194806,MSFT
2019-08-23,137.19000244140625,138.35000610351562,132.8000030517578,133.38999938964844,38508600,0.10839545454545454,MSFT
2019-08-26,134.99000549316406,135.55999755859375,133.89999389648438,135.4499969482422,20312600,0.20477723577235774,MSFT
2019-08-27,136.38999938964844,136.72000122070312,134.66000366210938,135.74000549316406,23102100,0.20129507042253522,MSFT
2019-08-28,134.8800048828125,135.75999450683594,133.5500030517578,135.55999755859375,17393300,0.09639931506849315,MSFT
2019-08-29,137.25,138.44000244140625,136.91000366210938,138.1199951171875,20168700,0.24879653179190753,MSFT
2019-08-30,139.14999389648438,139.17999267578125,136.27000427246094,137.86000061035156,23940100,0.2283608187134503,MSFT
2019-09-03,136.61000061035156,137.1999969482422,135.6999969482422,136.0399932861328,18869300,0.22383207547169812,MSFT
2019-09-04,137.3000030517578,137.69000244140625,136.47999572753906,137.6300048828125,17995900,0.1722421052631579,MSFT
2019-09-05,139.11000061035156,140.3800048828125,138.75999450683594,140.0500030517578,26101800,0.17023125,MSFT
2019-09-06,140.02999877929688,140.17999267578125,138.1999969482422,139.10000610351562,20824500,0.1527,MSFT
2019-09-09,139.58999633789062,139.75,136.4600067138672,137.52000427246094,25773900,0.09335928143712574,MSFT
2019-09-10,136.8000030517578,136.88999938964844,134.50999450683594,136.0800018310547,28903400,0.18146335078534032,MSFT
2019-09-11,135.91000366210938,136.27000427246094,135.08999633789062,136.1199951171875,24726100,0.15212849740932644,MSFT
2019-09-12,137.85000610351562,138.4199981689453,136.8699951171875,137.52000427246094,27010000,0.16988693877551023,MSFT
2019-09-13,137.77999877929688,138.05999755859375,136.57000732421875,137.32000732421875,23363100,0.12632067039106146,MSFT
2019-09-16,135.8300018310547,136.6999969482422,135.66000366210938,136.3300018310547,16731400,0.13655703125,MSFT
2019-09-17,136.9600067138672,137.52000427246094,136.42999267578125,137.38999938964844,17814200,0.16092173913043478,MSFT
2019-09-18,137.36000061035156,138.6699981689453,136.52999877929688,138.52000427246094,23982100,0.23710976331360947,MSFT
2019-09-19,140.3000030517578,142.3699951171875,140.07000732421875,141.07000732421875,35772100,0.2453073756432247,MSFT
2019-09-20,141.00999450683594,141.64999389648438,138.25,139.44000244140625,39167300,0.20127713310580206,MSFT
2019-09-23,139.22999572753906,139.6300048828125,138.44000244140625,139.13999938964844,17139300,0.23179757281553398,MSFT
2019-09-24,140.36000061035156,140.69000244140625,136.8800048828125,137.3800048828125,29773200,0.21977319587628869,MSFT
2019-09-25,137.5,139.9600067138672,136.02999877929688,139.36000061035156,21382000,0.19200848484848484,MSFT
2019-09-26,139.44000244140625,140.17999267578125,138.44000244140625,139.5399932861328,17456600,0.20268589743589743,MSFT
2019-09-27,140.14999389648438,140.36000061035156,136.64999389648438,137.72999572753906,22477700,0.14881358695652175,MSFT
2019-09-30,138.0500030517578,139.22000122070312,137.77999877929688,139.02999877929688,17280900,0.20908961748633878,MSFT
2019-10-01,139.66000366210938,140.25,137.0,137.07000732421875,21466600,0.14110855855855856,MSFT
2019-10-02,136.25,136.3699951171875,133.5800018310547,134.64999389648438,30521700,0.09373070422535211,MSFT
2019-10-03,134.9499969482422,136.75,133.22000122070312,136.27999877929688,24132900,0.2028008163265306,MSFT
2019-10-04,136.75,138.25,136.4199981689453,138.1199951171875,22897700,0.18460530612244896,MSFT
2019-10-07,137.13999938964844,138.17999267578125,137.02000427246094,137.1199951171875,15303700,0.1695558659217877,MSFT
2019-10-08,137.0800018310547,137.75999450683594,135.6199951171875,135.6699981689453,25550500,0.18441643356643356,MSFT
2019-10-09,137.4600067138672,138.6999969482422,136.97000122070312,138.24000549316406,19749900,0.25139263157894737,MSFT
2019-10-10,138.49000549316406,139.6699981689453,138.25,139.10000610351562,17654600,0.23853390804597702,MSFT
2019-10-11,140.1199951171875,141.02999877929688,139.5,139.67999267578125,25446000,0.2173924623115578,MSFT
2019-10-14,139.69000244140625,140.2899932861328,139.52000427246094,139.5500030517578,13304300,0.24902971014492756,MSFT
2019-10-15,140.05999755859375,141.7899932861328,139.80999755859375,141.57000732421875,19695700,0.20203117647058824,MSFT
2019-10-16,140.7899932861328,140.99000549316406,139.52999877929688,140.41000366210938,20751600,0.18865274725274725,MSFT
2019-10-17,140.9499969482422,141.4199981689453,139.02000427246094,139.69000244140625,21460600,0.2062769547325103,MSFT
2019-10-18,139.75999450683594,140.0,136.55999755859375,137.41000366210938,32273500,0.2050624584717608,MSFT
2019-10-21,138.4499969482422,138.5,137.00999450683594,138.42999267578125,20078200,0.17373508196721313,MSFT
2019-10-22,138.97000122070312,140.00999450683594,136.25999450683594,136.3699951171875,27431000,0.16249618320610687,MSFT
2019-10-23,136.8800048828125,137.4499969482422,135.61000061035156,137.24000549316406,29844600,0.3042411260709914,MSFT
2019-10-24,139.38999938964844,140.4199981689453,138.6699981689453,139.94000244140625,37029300,0.26399409523809525,MSFT
2019-10-25,139.33999633789062,141.13999938964844,139.1999969482422,140.72999572753906,25959700,0.2448414117647059,MSFT
2019-10-28,144.39999389648438,145.6699981689453,143.50999450683594,144.19000244140625,35280100,0.2875576666666667,MSFT
2019-10-29,144.0800018310547,144.5,142.64999389648438,142.8300018310547,20589500,0.19666408163265306,MSFT
2019-10-30,143.52000427246094,145.0,142.7899932861328,144.61000061035156,18496600,0.2891878612716763,MSFT
2019-10-31,144.89999389648438,144.92999267578125,142.99000549316406,143.3699951171875,24605100,0.281364238410596,MSFT
2019-11-01,144.25999450683594,144.4199981689453,142.97000122070312,143.72000122070312,33128400,0.1681132450331126,MSFT
2019-11-04,144.8300018310547,145.0,144.16000366210938,144.5500030517578,16912000,0.15508,MSFT
2019-11-05,144.97000122070312,145.02000427246094,143.91000366210938,144.4600067138672,18250200,0.24127100840336135,MSFT
2019-11-06,144.3699951171875,144.52000427246094,143.1999969482422,144.05999755859375,16575800,0.20973184713375798,MSFT
2019-11-07,143.83999633789062,144.8800048828125,143.77000427246094,144.25999450683594,17786700,0.1820050847457627,MSFT
2019-11-08,143.97999572753906,145.99000549316406,143.75999450683594,145.9600067138672,16732700,0.17655884615384618,MSFT
2019-11-11,145.33999633789062,146.4199981689453,144.72999572753906,146.11000061035156,14362600,0.27614690265486724,MSFT
2019-11-12,146.27999877929688,147.57000732421875,146.05999755859375,147.07000732421875,18641600,0.2221255172413793,MSFT
2019-11-13,146.74000549316406,147.4600067138672,146.27999877929688,147.30999755859375,16919200,0.18100972222222222,MSFT
2019-11-14,147.02000427246094,148.41000366210938,147.0,148.05999755859375,19729800,0.18723333333333333,MSFT
2019-11-15,148.92999267578125,149.99000549316406,148.27000427246094,149.97000122070312,23485700,0.17795980066445183,MSFT
2019-11-18,150.07000732421875,150.5500030517578,148.97999572753906,150.33999633789062,21534000,0.1897495575221239,MSFT
2019-11-19,150.8800048828125,151.3300018310547,150.1999969482422,150.38999938964844,23935700,0.21827670454545453,MSFT
2019-11-20,150.30999755859375,150.83999633789062,148.4600067138672,149.6199951171875,25696800,0.22777714285714284,MSFT
2019-11-21,149.39999389648438,149.8000030517578,148.5,149.47999572753906,18576100,0.1960421052631579,MSFT
2019-11-22,150.07000732421875,150.3000030517578,148.82000732421875,149.58999633789062,15901800,0.19253650793650795,MSFT
2019-11-25,150.0,151.35000610351562,149.9199981689453,151.22999572753906,22420900,0.1644871921182266,MSFT
2019-11-26,151.36000061035156,152.4199981689453,151.32000732421875,152.02999877929688,24620100,0.20351666666666668,MSFT
2019-11-27,152.3300018310547,152.5,151.52000427246094,152.32000732421875,15184400,0.23532625,MSFT
2019-11-29,152.10000610351562,152.3000030517578,151.27999877929688,151.3800048828125,11977300,0.15945925925925925,MSFT
2019-12-02,151.80999755859375,151.8300018310547,148.32000732421875,149.5500030517578,27418400,0.17175113122171945,MSFT
2019-12-03,147.49000549316406,149.42999267578125,146.64999389648438,149.30999755859375,24066000,0.20487687861271675,MSFT
2019-12-04,150.13999938964844,150.17999267578125,149.1999969482422,149.85000610351562,17574700,0.24111725663716815,MSFT
2019-12-05,150.0500030517578,150.32000732421875,149.47999572753906,149.92999267578125,17869100,0.2073381443298969,MSFT
2019-12-06,150.99000549316406,151.8699951171875,150.27000427246094,151.75,16403500,0.2552056074766355,MSFT
2019-12-09,151.07000732421875,152.2100067138672,150.91000366210938,151.36000061035156,16687400,0.17159075630252102,MSFT
2019-12-10,151.2899932861328,151.88999938964844,150.75999450683594,151.1300048828125,16476100,0.23894050632911393,MSFT
2019-12-11,151.5399932861328,151.8699951171875,150.3300018310547,151.6999969482422,18856600,0.18898994082840237,MSFT
2019-12-12,151.64999389648438,153.44000244140625,151.02000427246094,153.24000549316406,24612100,0.26317168141592917,MSFT
2019-12-13,153.0,154.88999938964844,152.8300018310547,154.52999877929688,23845400,0.2389560669456067,MSFT
2019-12-16,155.11000061035156,155.89999389648438,154.82000732421875,155.52999877929688,24144200,0.23147885462555065,MSFT
2019-12-17,155.4499969482422,155.7100067138672,154.4499969482422,154.69000244140625,25425600,0.3239302521008403,MSFT
2019-12-18,154.3000030517578,155.47999572753906,154.17999267578125,154.3699951171875,24129200,0.17826763285024155,MSFT
2019-12-19,154.0,155.77000427246094,153.75,155.7100067138672,24958900,0.1956266009852217,MSFT
2019-12-20,157.35000610351562,158.49000549316406,156.2899932861328,157.41000366210938,53477500,0.21943809523809524,MSFT
2019-12-23,158.1199951171875,158.1199951171875,157.27000427246094,157.41000366210938,17718200,0.15710533333333332,MSFT
2019-12-24,157.47999572753906,157.7100067138672,157.1199951171875,157.3800048828125,8989200,0.20620238095238094,MSFT
2019-12-26,157.55999755859375,158.72999572753906,157.39999389648438,158.6699981689453,14520600,0.21358602150537637,MSFT
2019-12-27,159.4499969482422,159.5500030517578,158.22000122070312,158.9600067138672,18412800,0.2164200956937799,MSFT
2019-12-30,158.99000549316406,159.02000427246094,156.72999572753906,157.58999633789062,16348400,0.1883983673469388,MSFT
2019-12-31,156.77000427246094,157.77000427246094,156.4499969482422,157.6999969482422,18369400,0.1824697247706422,MSFT
2015-01-02,14.857999801635742,14.883333206176758,14.21733283996582,14.620667457580566,71466000,0.08584179104477613,TSLA
2015-01-05,14.303333282470703,14.433333396911621,13.810667037963867,14.005999565124512,80527500,0.14386223021582736,TSLA
2015-01-06,14.003999710083008,14.279999732971191,13.61400032043457,14.085332870483398,93928500,0.07929166666666668,TSLA
2015-01-07,14.223333358764648,14.3186674118042,13.985333442687988,14.063332557678223,44526000,0.1320452380952381,TSLA
2015-01-08,14.187333106994629,14.25333309173584,14.000666618347168,14.041333198547363,51637500,0.15765546218487397,TSLA
2015-01-09,13.928000450134277,13.998666763305664,13.663999557495117,13.77733325958252,70024500,0.12983796992481203,TSLA
2015-01-12,13.536666870117188,13.631333351135254,13.283332824707031,13.480667114257812,89254500,0.07386004901960785,TSLA
2015-01-13,13.554667472839355,13.840666770935059,13.394000053405762,13.616666793823242,67159500,0.05422165820642978,TSLA
2015-01-14,12.388667106628418,13.013333320617676,12.333333015441895,12.845999717712402,173278500,0.02785,TSLA
2015-01-15,12.965999603271484,13.050000190734863,12.666666984558105,12.791333198547363,78247500,0.15396743515850145,TSLA
2015-01-16,12.713333129882812,12.965999603271484,12.643333435058594,12.871333122253418,54048000,-0.08286736842105263,TSLA
2015-01-20,12.924667358398438,12.941332817077637,12.469332695007324,12.795332908630371,67548000,0.19437043795620437,TSLA
2015-01-21,12.636667251586914,13.245332717895508,12.633999824523926,13.104666709899902,62295000,0.21622226027397262,TSLA
2015-01-22,13.133333206176758,13.549332618713379,13.013333320617676,13.441332817077637,61753500,-0.3107244655581948,TSLA
2015-01-23,13.352666854858398,13.566666603088379,13.222000122070312,13.419333457946777,51579000,-0.12967280701754386,TSLA
2015-01-26,13.45533275604248,13.907999992370605,13.403332710266113,13.770000457763672,48517500,0.19874133333333333,TSLA
2015-01-27,13.628000259399414,13.868666648864746,13.553333282470703,13.732000350952148,41715000,0.19798953974895397,TSLA
2015-01-28,13.740667343139648,13.758000373840332,13.227999687194824,13.291333198547363,47244000,0.18303243243243245,TSLA
2015-01-29,13.404666900634766,13.732000350952148,13.100000381469727,13.680000305175781,53221500,0.1277888888888889,TSLA
2015-01-30,13.597332954406738,13.83133316040039,13.533332824707031,13.573332786560059,45105000,0.20968719008264464,TSLA
2015-02-02,13.597999572753906,14.130000114440918,13.553333282470703,14.062666893005371,62238000,0.1141353711790393,TSLA
2015-02-03,14.214667320251465,14.691332817077637,14.084667205810547,14.557332992553711,72393000,0.12787978723404256,TSLA
2015-02-04,14.552666664123535,14.76533317565918,14.453332901000977,14.569999694824219,49581000,-0.08737351916376307,TSLA
2015-02-05,14.658666610717773,15.031999588012695,14.642666816711426,14.732666969299316,52843500,-0.05426946564885497,TSLA
2015-02-06,14.800000190734863,14.893333435058594,14.433333396911621,14.490667343139648,48658500,0.0789416083916084,TSLA
2015-02-09,14.358667373657227,14.528667449951172,14.13266658782959,14.498666763305664,52086000,0.18714214285714284,TSLA
2015-02-10,14.50333309173584,14.699999809265137,14.333333015441895,14.419333457946777,80857500,0.13038818737270877,TSLA
2015-02-11,14.147333145141602,14.315999984741211,13.8186674118042,14.186667442321777,146536500,0.1697646598905395,TSLA
2015-02-12,12.904666900634766,13.53933334350586,12.885333061218262,13.525333404541016,234744000,0.11469150556531928,TSLA
2015-02-13,13.526666641235352,13.732666969299316,13.394000053405762,13.584667205810547,92865000,0.09398987341772151,TSLA
2015-02-17,13.713333129882812,13.713333129882812,13.433333396911621,13.623332977294922,59694000,0.1307865060240964,TSLA
2015-02-18,13.611332893371582,13.744667053222656,13.506667137145996,13.630666732788086,40704000,0.18449958158995816,TSLA
2015-02-19,13.666666984558105,14.162667274475098,13.583333015441895,14.11400032043457,77311500,0.14704543325526934,TSLA
2015-02-20,14.052000045776367,14.506667137145996,13.987333297729492,14.473999977111816,89731500,0.1399304054054054,TSLA
2015-02-23,14.37733268737793,14.546667098999023,13.755332946777344,13.822667121887207,127497000,0.13244661458333334,TSLA
2015-02-24,13.81933307647705,13.81933307647705,13.446666717529297,13.607333183288574,99054000,0.13474569892473118,TSLA
2015-02-25,13.662667274475098,13.809332847595215,13.505332946777344,13.583999633789062,58642500,-0.015032386363636364,TSLA
2015-02-26,13.600000381469727,14.072667121887207,13.481332778930664,13.812666893005371,97093500,0.044237796976241896,TSLA
2015-02-27,13.793333053588867,13.903332710266113,13.520000457763672,13.555999755859375,58231500,0.06093885135135135,TSLA
2015-03-02,13.513333320617676,13.555999755859375,13.055333137512207,13.155332565307617,118831500,0.040355082742316785,TSLA
2015-03-03,13.120667457580566,13.349332809448242,13.021332740783691,13.303999900817871,66484500,0.1161017094017094,TSLA
2015-03-04,13.283332824707031,13.501333236694336,13.147333145141602,13.496000289916992,63330000,-0.007778901734104048,TSLA
2015-03-05,13.523332595825195,13.746000289916992,13.34333324432373,13.375332832336426,73155000,0.10996422018348624,TSLA
2015-03-06,13.280667304992676,13.383333206176758,12.8100004196167,12.925333023071289,100686000,0.037254054054054055,TSLA
2015-03-09,12.959333419799805,12.965999603271484,12.550000190734863,12.725333213806152,101050500,0.05446425619834711,TSLA
2015-03-10,12.564000129699707,12.899999618530273,12.506667137145996,12.687999725341797,83695500,0.09614046997389035,TSLA
2015-03-11,12.743332862854004,13.078666687011719,12.734000205993652,12.916000366210938,74623500,0.11577432835820894,TSLA
2015-03-12,12.916666984558105,12.963333129882812,12.649999618530273,12.73799991607666,62239500,0.04983430656934307,TSLA
2015-03-13,12.596667289733887,12.783332824707031,12.48799991607666,12.578666687011719,81514500,0.11100847457627118,TSLA
2015-03-16,12.800000190734863,13.060667037963867,12.653332710266113,13.046667098999023,84432000,0.12647326203208556,TSLA
2015-03-17,13.028667449951172,13.247332572937012,12.929332733154297,12.982000350952148,73411500,0.12276955017301039,TSLA
2015-03-18,12.997332572937012,13.392000198364258,12.87399959564209,13.380666732788086,72313500,0.17208053892215572,TSLA
2015-03-19,13.466667175292969,13.63933277130127,12.968667030334473,13.043333053588867,127128000,0.09848079710144927,TSLA
2015-03-20,13.16333293914795,13.265999794006348,13.041333198547363,13.20533275604248,64042500,0.062018990384615384,TSLA
2015-03-23,13.233332633972168,13.366666793823242,13.164667129516602,13.308667182922363,39474000,0.16278173076923078,TSLA
2015-03-24,13.438667297363281,13.586000442504883,13.316666603088379,13.447999954223633,54748500,0.12564494382022473,TSLA
2015-03-25,13.218000411987305,13.239333152770996,12.846667289733887,12.953332901000977,85956000,0.13638586666666666,TSLA
2015-03-26,12.928000450134277,12.986000061035156,12.646666526794434,12.694000244140625,61920000,0.06278385964912281,TSLA
2015-03-27,12.604666709899902,12.619333267211914,12.09333324432373,12.333333015441895,129073500,0.10653824091778202,TSLA
2015-03-30,12.390000343322754,12.816666603088379,12.119999885559082,12.704667091369629,151342500,0.146142006615215,TSLA
2015-03-31,12.902000427246094,12.917332649230957,12.560667037963867,12.584667205810547,75399000,0.12485019455252919,TSLA
2015-04-01,12.579999923706055,12.819999694824219,12.403332710266113,12.505999565124512,56919000,0.08194845360824742,TSLA
2015-04-02,12.682000160217285,12.881999969482422,12.666666984558105,12.733332633972168,75156000,0.1061643031784841,TSLA
2015-04-06,13.199999809265137,13.850000381469727,13.166666984558105,13.539999961853027,186837000,0.12636689734717418,TSLA
2015-04-07,13.500666618347168,13.670666694641113,13.409333229064941,13.550000190734863,65218500,0.06870652818991098,TSLA
2015-04-08,13.880000114440918,14.0600004196167,13.724666595458984,13.844667434692383,94546500,0.06606336134453782,TSLA
2015-04-09,13.895333290100098,14.024666786193848,13.7413330078125,14.005999565124512,57003000,0.07984915254237289,TSLA
2015-04-10,13.989999771118164,14.109999656677246,13.933333396911621,14.0600004196167,61015500,0.06826465863453816,TSLA
2015-04-13,14.029333114624023,14.199999809265137,13.936667442321777,13.985333442687988,56373000,0.032802898550724637,TSLA
2015-04-14,13.904666900634766,13.965999603271484,13.699999809265137,13.830666542053223,45390000,0.14070757575757575,TSLA
2015-04-15,13.830666542053223,13.97266674041748,13.773332595825195,13.85533332824707,29286000,-0.062038931297709925,TSLA
2015-04-16,13.846667289733887,13.944666862487793,13.752667427062988,13.779999732971191,24886500,0.1204467391304348,TSLA
2015-04-17,13.666000366210938,13.791999816894531,13.566666603088379,13.78600025177002,37048500,0.10713543307086615,TSLA
2015-04-20,13.785332679748535,13.856666564941406,13.59000015258789,13.684666633605957,38389500,0.046678078078078084,TSLA
2015-04-21,13.720000267028809,14.050000190734863,13.620667457580566,13.96066665649414,51487500,0.06066225490196078,TSLA
2015-04-22,14.166666984558105,14.791999816894531,14.112667083740234,14.629332542419434,117945000,0.14752732919254657,TSLA
2015-04-23,14.5513334274292,14.76533317565918,14.476667404174805,14.573332786560059,66168000,0.16327016574585634,TSLA
2015-04-24,14.699999809265137,14.720000267028809,14.534000396728516,14.562000274658203,36417000,-0.05694174757281554,TSLA
2015-04-27,14.837332725524902,15.916666984558105,14.800000190734863,15.436667442321777,175089000,0.20241493333333335,TSLA
2015-04-28,15.649999618530273,15.699999809265137,15.20199966430664,15.36533260345459,91281000,0.15629460154241645,TSLA
2015-04-29,15.33666706085205,15.664667129516602,15.175333023071289,15.49666690826416,59041500,0.11158690807799443,TSLA
2015-04-30,15.359333038330078,15.526000022888184,15.011333465576172,15.069999694824219,58678500,0.09540857142857144,TSLA
2015-05-01,15.329333305358887,15.451333045959473,14.694000244140625,15.0686674118042,79225500,0.12463336058871628,TSLA
2015-05-04,15.211999893188477,15.648667335510254,15.140666961669922,15.36733341217041,66519000,0.16801,TSLA
2015-05-05,15.850666999816895,15.966667175292969,15.275333404541016,15.529999732971191,86953500,0.22985973597359738,TSLA
2015-05-06,15.606666564941406,15.631333351135254,15.213333129882812,15.362000465393066,79063500,0.24284423076923076,TSLA
2015-05-07,14.733332633972168,15.831999778747559,14.683333396911621,15.786666870117188,141838500,0.038408722741433025,TSLA
2015-05-08,15.732666969299316,15.894000053405762,15.579999923706055,15.77400016784668,70023000,0.05541558752997602,TSLA
2015-05-11,15.752667427062988,16.191999435424805,15.687333106994629,15.965999603271484,85084500,0.14868554216867472,TSLA
2015-05-12,16.007333755493164,16.42333221435547,15.879332542419434,16.31599998474121,95451000,0.1359669014084507,TSLA
2015-05-13,16.507333755493164,16.553333282470703,16.149999618530273,16.211999893188477,81603000,0.12955058823529414,TSLA
2015-05-14,16.321332931518555,16.326000213623047,16.083332061767578,16.273332595825195,43438500,0.07427738693467337,TSLA
2015-05-15,16.261999130249023,16.626667022705078,16.166667938232422,16.589332580566406,67914000,0.07010647482014389,TSLA
2015-05-18,16.46666717529297,16.65999984741211,16.399999618530273,16.583332061767578,50298000,-0.09203394495412845,TSLA
2015-05-19,16.562000274658203,16.733333587646484,16.40999984741211,16.47599983215332,55113000,-0.22659281045751634,TSLA
2015-05-20,16.475332260131836,16.516000747680664,16.091333389282227,16.290000915527344,56334000,0.05406000000000001,TSLA
2015-05-21,16.20199966430664,16.441333770751953,16.157333374023438,16.374666213989258,29559000,-0.09712567287784679,TSLA
2015-05-22,16.358667373657227,16.573333740234375,16.333999633789062,16.51533317565918,33346500,-0.03021472081218274,TSLA
2015-05-26,16.511999130249023,16.799999237060547,16.433332443237305,16.497333526611328,52480500,0.0660017667844523,TSLA
2015-05-27,16.567333221435547,16.633333206176758,16.3700008392334,16.495332717895508,51123000,0.20785110294117648,TSLA
2015-05-28,16.468666076660156,16.786666870117188,16.336666107177734,16.76333236694336,54709500,0.14640714285714285,TSLA
2015-05-29,16.733333587646484,16.857999801635742,16.6286678314209,16.719999313354492,56839500,0.09863780160857909,TSLA
2015-06-01,16.76066780090332,16.773332595825195,16.49799919128418,16.6299991607666,37576500,0.14831270903010033,TSLA
2015-06-02,16.594667434692383,16.626667022705078,16.420000076293945,16.55666732788086,32022000,0.14115364238410597,TSLA
2015-06-03,16.546667098999023,16.71466636657715,16.46733283996582,16.599332809448242,26722500,0.07402916666666667,TSLA
2015-06-04,16.5,16.6200008392334,16.380666732788086,16.39466667175293,36804000,0.1453438775510204,TSLA
2015-06-05,16.399999618530273,16.64666748046875,16.3786678314209,16.609333038330078,45330000,0.2689277777777778,TSLA
2015-06-08,16.72333335876465,17.25,16.687332153320312,17.086000442504883,75255000,0.18455703275529864,TSLA
2015-06-09,17.02666664123535,17.182666778564453,16.94266700744629,17.066667556762695,39166500,0.1132169014084507,TSLA
2015-06-10,16.793333053588867,16.933332443237305,16.566667556762695,16.713333129882812,51817500,0.08177113163972287,TSLA
2015-06-11,16.884000778198242,16.95800018310547,16.69533348083496,16.76066780090332,30661500,0.04943269230769231,TSLA
2015-06-12,16.680667877197266,16.8973331451416,16.680667877197266,16.71266746520996,21334500,-0.24768096385542168,TSLA
2015-06-15,16.64666748046875,16.75200080871582,16.400667190551758,16.691999435424805,32793000,-0.01706560693641618,TSLA
2015-06-16,16.67533302307129,16.895999908447266,16.606666564941406,16.874666213989258,29770500,0.1259115107913669,TSLA
2015-06-17,16.81133270263672,17.624000549316406,16.801332473754883,17.360666275024414,82693500,0.1978008676789588,TSLA
2015-06-18,17.46666717529297,17.56399917602539,17.334667205810547,17.459333419799805,41740500,-0.05562993197278912,TSLA
2015-06-19,17.49333381652832,17.586666107177734,17.34000015258789,17.500667572021484,36945000,0.09550905923344948,TSLA
2015-06-22,17.476667404174805,17.626667022705078,17.04599952697754,17.319332122802734,68416500,0.04744459770114943,TSLA
2015-06-23,17.35466766357422,17.866666793823242,17.238000869750977,17.844667434692383,58062000,0.15747356948228883,TSLA
2015-06-24,17.798667907714844,17.823333740234375,17.58133316040039,17.67799949645996,36184500,0.16471920731707318,TSLA
2015-06-25,17.76333236694336,18.0939998626709,17.683332443237305,17.91933250427246,42738000,0.16056739659367397,TSLA
2015-06-26,17.926000595092773,17.94066619873047,17.733333587646484,17.805999755859375,57576000,0.1607603125,TSLA
2015-06-29,17.463333129882812,17.729999542236328,17.3799991607666,17.468000411987305,52183500,0.16592430555555554,TSLA
2015-06-30,17.65333366394043,18.06133270263672,17.600000381469727,17.884000778198242,46303500,0.16731302083333333,TSLA
2015-07-01,18.073999404907227,18.174667358398438,17.856666564941406,17.94333267211914,31518000,0.1151630996309963,TSLA
2015-07-02,18.68000030517578,18.829999923706055,18.220666885375977,18.667999267578125,107458500,0.06188338323353293,TSLA
2015-07-06,18.591999053955078,18.779333114624023,18.420000076293945,18.648000717163086,61828500,0.166827374301676,TSLA
2015-07-07,18.333332061767578,18.34666633605957,17.384666442871094,17.858667373657227,91576500,0.12689882352941176,TSLA
2015-07-08,17.288000106811523,17.386667251586914,16.95400047302246,16.997333526611328,93316500,0.11664332493702771,TSLA
2015-07-09,17.27199935913086,17.530000686645508,17.119333267211914,17.19466781616211,50011500,0.1599979079497908,TSLA
2015-07-10,17.481332778930664,17.53333282470703,17.187999725341797,17.27666664123535,39163500,0.11756769662921349,TSLA
2015-07-13,17.483333587646484,17.503332138061523,17.06999969482422,17.477333068847656,44404500,0.12615298013245033,TSLA
2015-07-14,17.47333335876465,17.732667922973633,17.367332458496094,17.709999084472656,28614000,-0.22110185185185188,TSLA
2015-07-15,17.78266716003418,17.832666397094727,17.472000122070312,17.542667388916016,30324000,0.07273573883161512,TSLA
2015-07-16,17.614667892456055,17.81333351135254,17.54400062561035,17.778667449951172,24240000,0.13571371237458194,TSLA
2015-07-17,18.166667938232422,18.369333267211914,17.883333206176758,18.310667037963867,75061500,0.19668267857142857,TSLA
2015-07-20,18.333332061767578,19.110000610351562,18.16933250427246,18.817333221435547,74677500,0.12706153846153845,TSLA
2015-07-21,18.003332138061523,18.233333587646484,17.770000457763672,17.784666061401367,91630500,0.05836068222621185,TSLA
2015-07-22,17.417999267578125,17.96266746520996,17.390666961669922,17.857999801635742,46575000,0.11811157556270097,TSLA
2015-07-23,17.976667404174805,17.99333381652832,17.684667587280273,17.81333351135254,33408000,0.03509846153846154,TSLA
2015-07-24,17.825332641601562,18.07266616821289,17.594667434692383,17.694000244140625,42547500,0.1254944680851064,TSLA
2015-07-27,17.495332717895508,17.6286678314209,16.71933364868164,16.867332458496094,70413000,0.15489560975609756,TSLA
2015-07-28,17.049999237060547,17.69333267211914,16.78933334350586,17.654666900634766,58437000,0.145404012345679,TSLA
2015-07-29,17.618000030517578,17.859333038330078,17.46666717529297,17.58799934387207,41851500,0.19324450867052023,TSLA
2015-07-30,17.512666702270508,17.79599952697754,17.474000930786133,17.785999298095703,30519000,0.046424630541871924,TSLA
2015-07-31,17.84000015258789,17.957332611083984,17.674667358398438,17.74333381652832,33339000,0.03715168236877524,TSLA
2015-08-03,17.752666473388672,17.78066635131836,17.13800048828125,17.332666397094727,38302500,0.05970248618784531,TSLA
2015-08-04,17.333999633789062,17.781333923339844,17.222667694091797,17.75200080871582,35287500,0.3015474358974359,TSLA
2015-08-05,17.57200050354004,18.066667556762695,17.360000610351562,18.0086669921875,93214500,0.18678468013468014,TSLA
2015-08-06,16.63599967956543,17.0,15.7413330078125,16.408666610717773,219357000,0.09754429530201342,TSLA
2015-08-07,16.238666534423828,16.248666763305664,15.892666816711426,16.167333602905273,76101000,0.07152677595628415,TSLA
2015-08-10,15.876667022705078,16.197999954223633,15.736666679382324,16.076000213623047,62788500,-0.0028059999999999995,TSLA
2015-08-11,15.8100004196167,15.953332901000977,15.629332542419434,15.824666976928711,63973500,0.11714038461538462,TSLA
2015-08-12,15.666666984558105,15.98466682434082,15.515999794006348,15.878000259399414,55920000,0.18262857142857142,TSLA
2015-08-13,15.990667343139648,16.43199920654297,15.941332817077637,16.167333602905273,70338000,0.12996444099378882,TSLA
2015-08-14,16.482667922973633,16.528667449951172,16.118000030517578,16.209999084472656,65472000,0.041771340206185566,TSLA
2015-08-17,17.03733253479004,17.106000900268555,16.700666427612305,16.999332427978516,107650500,0.1816846153846154,TSLA
2015-08-18,17.025333404541016,17.39666748046875,16.90399932861328,17.381332397460938,62925000,0.010479220779220776,TSLA
2015-08-19,17.35533332824707,17.376667022705078,17.001333236694336,17.016666412353516,54064500,0.20264782608695653,TSLA
2015-08-20,16.804000854492188,16.970666885375977,16.126667022705078,16.14533233642578,73587000,0.029124436090225563,TSLA
2015-08-21,15.733332633972168,16.253332138061523,15.36733341217041,15.38466739654541,98853000,0.06312440944881889,TSLA
2015-08-24,13.519332885742188,15.426667213439941,13.0,14.591333389282227,143724000,0.06438640776699028,TSLA
2015-08-25,15.368000030517578,15.393333435058594,14.607999801635742,14.66866683959961,64909500,0.07780035714285714,TSLA
2015-08-26,15.195332527160645,15.199999809265137,14.36733341217041,14.989333152770996,74445000,0.07040402298850576,TSLA
2015-08-27,15.399999618530273,16.316667556762695,15.387332916259766,16.19933319091797,114840000,0.10647324723247233,TSLA
2015-08-28,16.124000549316406,16.76333236694336,16.10466766357422,16.565332412719727,82705500,0.04964651162790698,TSLA
2015-08-31,16.374666213989258,16.996667861938477,16.367332458496094,16.604000091552734,70503000,0.0884466275659824,TSLA
2015-09-01,16.022666931152344,16.399999618530273,15.79800033569336,15.908666610717773,81822000,0.017377536231884053,TSLA
2015-09-02,16.35333251953125,16.525333404541016,15.985333442687988,16.512666702270508,69438000,0.12361033333333334,TSLA
2015-09-03,16.804000854492188,16.80533218383789,16.333332061767578,16.3713321685791,62922000,0.14262190476190476,TSLA
2015-09-04,16.05933380126953,16.272666931152344,15.880000114440918,16.1286678314209,55338000,-0.10876832061068703,TSLA
2015-09-08,16.336666107177734,16.610666275024414,16.270000457763672,16.544666290283203,47073000,0.1217328125,TSLA
2015-09-09,16.803333282470703,16.950000762939453,16.553333282470703,16.5939998626709,50862000,0.08264885245901639,TSLA
2015-09-10,16.48200035095215,16.71466636657715,16.35533332824707,16.565332412719727,40635000,0.05414103773584906,TSLA
2015-09-11,16.50933265686035,16.682666778564453,16.315332412719727,16.682666778564453,35262000,0.050620462046204615,TSLA
2015-09-14,16.739999771118164,16.950000762939453,16.64466667175293,16.87933349609375,43363500,0.0505595,TSLA
2015-09-15,16.850000381469727,16.97333335876465,16.633333206176758,16.904666900634766,44002500,0.11272252559726964,TSLA
2015-09-16,16.869333267211914,17.525333404541016,16.858667373657227,17.483333587646484,66256500,0.1341258302583026,TSLA
2015-09-17,17.597333908081055,17.700000762939453,17.37933349609375,17.471332550048828,53787000,0.10560935064935065,TSLA
2015-09-18,17.19733238220215,17.58799934387207,17.166667938232422,17.374666213989258,56446500,0.06361188118811881,TSLA
2015-09-21,17.59866714477539,18.10466766357422,17.053333282470703,17.613332748413086,91803000,0.06261133603238866,TSLA
2015-09-22,17.268667221069336,17.510000228881836,17.058000564575195,17.395999908447266,54966000,0.1750754601226994,TSLA
2015-09-23,17.463333129882812,17.472000122070312,17.172000885009766,17.40399932861328,39012000,0.12105345454545456,TSLA
2015-09-24,17.302000045776367,17.56333351135254,17.08066749572754,17.541332244873047,51723000,0.09179551282051282,TSLA
2015-09-25,17.77400016784668,17.79400062561035,17.07666778564453,17.12733268737793,56601000,0.12949515570934256,TSLA
2015-09-28,17.156667709350586,17.319332122802734,16.44066619873047,16.562000274658203,73516500,0.048064397905759164,TSLA
2015-09-29,16.69733238220215,16.98200035095215,16.36400032043457,16.44333267211914,55548000,0.09140638297872342,TSLA
2015-09-30,16.799999237060547,16.82666778564453,16.1560001373291,16.559999465942383,73944000,0.029304746317512276,TSLA
2015-10-01,16.500667572021484,16.566667556762695,15.808667182922363,15.991999626159668,68595000,0.08478005617977528,TSLA
2015-10-02,15.706666946411133,16.51333236694336,15.661999702453613,16.504667282104492,66360000,0.1349848404255319,TSLA
2015-10-05,16.589332580566406,16.6560001373291,16.275333404541016,16.40999984741211,55348500,0.1002790273556231,TSLA
2015-10-06,16.0,16.20199966430664,15.70533275604248,16.097333908081055,78378000,0.10152186588921283,TSLA
2015-10-07,15.775333404541016,15.846667289733887,15.274666786193848,15.46399974822998,102210000,0.009397447795823665,TSLA
2015-10-08,15.338666915893555,15.381333351135254,14.753999710083008,15.114666938781738,91998000,0.06542833333333334,TSLA
2015-10-09,14.728667259216309,14.958000183105469,14.557332992553711,14.712667465209961,92376000,0.08772077727952168,TSLA
2015-10-12,14.866000175476074,14.866666793823242,14.351332664489746,14.371999740600586,57544500,-0.0064831932773109285,TSLA
2015-10-13,14.218667030334473,14.834667205810547,14.075332641601562,14.616666793823242,77572500,0.13156253369272236,TSLA
2015-10-14,14.711333274841309,14.729999542236328,14.362000465393066,14.458666801452637,46566000,0.019895823665893275,TSLA
2015-10-15,14.428667068481445,14.781999588012695,14.24666690826416,14.753999710083008,42663000,-0.034706860706860715,TSLA
2015-10-16,14.869333267211914,15.36533260345459,14.857999801635742,15.133999824523926,65017500,0.1292455,TSLA
2015-10-19,15.100000381469727,15.40999984741211,14.996000289916992,15.206666946411133,37618500,0.11734333333333334,TSLA
2015-10-20,15.1813325881958,15.239999771118164,13.466667175292969,14.20199966430664,223500000,0.06103019390581717,TSLA
2015-10-21,14.13266658782959,14.320667266845703,13.920000076293945,14.005999565124512,62272500,0.03766638830897704,TSLA
2015-10-22,14.104000091552734,14.383333206176758,13.960000038146973,14.114666938781738,42378000,0.1821518382352941,TSLA
2015-10-23,14.333333015441895,14.356666564941406,13.845999717712402,13.939332962036133,63532500,0.09079190140845071,TSLA
2015-10-26,14.092000007629395,14.392000198364258,14.0,14.350666999816895,50871000,0.11442447916666666,TSLA
2015-10-27,14.322667121887207,14.473333358764648,13.833999633789062,14.023332595825195,52791000,0.3207754768392371,TSLA
2015-10-28,14.087332725524902,14.229999542236328,13.886667251586914,14.197333335876465,40929000,-0.2987926430517711,TSLA
2015-10-29,14.116666793823242,14.25,14.042667388916016,14.108667373657227,27075000,-0.13437400000000002,TSLA
2015-10-30,14.026666641235352,14.108667373657227,13.592666625976562,13.795332908630371,66583500,0.200343,TSLA
2015-11-02,13.928000450134277,14.386667251586914,13.814666748046875,14.252667427062988,58918500,0.17079453924914675,TSLA
2015-11-03,14.256667137145996,14.295999526977539,13.850000381469727,13.890000343322754,124987500,0.18985830303030304,TSLA
2015-11-04,15.133333206176758,15.515999794006348,15.013333320617676,15.442000389099121,190896000,0.15758554744525546,TSLA
2015-11-05,15.371999740600586,15.638667106628418,15.279333114624023,15.451333045959473,67452000,0.0829048872180451,TSLA
2015-11-06,15.380000114440918,15.557332992553711,15.300000190734863,15.490667343139648,36679500,0.21897044534412957,TSLA
2015-11-09,15.53266716003418,15.53266716003418,14.954000473022461,15.022000312805176,57763500,0.14893478260869564,TSLA
2015-11-10,14.898667335510254,14.91333293914795,14.405332565307617,14.433333396911621,69255000,0.20186258741258742,TSLA
2015-11-11,14.517999649047852,14.631999969482422,14.241999626159668,14.60533332824707,50217000,0.07289535864978902,TSLA
2015-11-12,14.523332595825195,14.600000381469727,14.177332878112793,14.196000099182129,43738500,0.13780096618357487,TSLA
2015-11-13,14.196666717529297,14.199333190917969,13.767999649047852,13.812666893005371,51454500,0.02766395348837209,TSLA
2015-11-16,13.739333152770996,14.331999778747559,13.720000267028809,14.287332534790039,43881000,-0.1252721875,TSLA
2015-11-17,14.346667289733887,14.399999618530273,14.09333324432373,14.266667366027832,32230500,0.07157929292929292,TSLA
2015-11-18,14.300000190734863,14.7586669921875,14.168000221252441,14.73799991607666,42178500,0.21992054794520546,TSLA
2015-11-19,14.702667236328125,15.079333305358887,14.686667442321777,14.786666870117188,37566000,0.10195462962962963,TSLA
2015-11-20,14.899333000183105,15.0,14.238666534423828,14.667332649230957,66010500,-0.07262882352941177,TSLA
2015-11-23,14.489999771118164,14.612000465393066,14.312000274658203,14.516667366027832,37893000,0.16044,TSLA
2015-11-24,14.357999801635742,14.733332633972168,14.333333015441895,14.550000190734863,37204500,0.1143490990990991,TSLA
2015-11-25,14.755999565124512,15.388667106628418,14.692000389099121,15.309332847595215,59862000,0.024391370558375626,TSLA
2015-11-27,15.404000282287598,15.483332633972168,15.133999824523926,15.440667152404785,29241000,0.15162067039106145,TSLA
2015-11-30,15.452667236328125,15.618666648864746,15.272000312805176,15.350666999816895,39897000,0.12252904564315353,TSLA
2015-12-01,15.404000282287598,15.866666793823242,15.403332710266113,15.812666893005371,56010000,0.12801176470588235,TSLA
2015-12-02,15.800000190734863,15.90666675567627,15.415332794189453,15.465999603271484,44722500,-0.048852043596730246,TSLA
2015-12-03,15.6986665725708,15.829999923706055,15.333333015441895,15.513999938964844,44094000,0.13496965811965814,TSLA
2015-12-04,15.497332572937012,15.5513334274292,15.177332878112793,15.358667373657227,38604000,0.14231834862385323,TSLA
2015-12-07,15.180000305175781,15.708666801452637,15.076666831970215,15.408666610717773,47163000,0.15133931623931626,TSLA
2015-12-08,15.168000221252441,15.25333309173584,14.946666717529297,15.114666938781738,40314000,0.08554285714285714,TSLA
2015-12-09,15.113332748413086,15.166666984558105,14.714667320251465,14.968000411987305,45867000,0.14534433497536944,TSLA
2015-12-10,14.980667114257812,15.232666969299316,14.909333229064941,15.137999534606934,31075500,0.14588,TSLA
2015-12-11,15.015999794006348,15.050000190734863,14.442667007446289,14.468000411987305,49030500,0.3512867424242424,TSLA
2015-12-14,14.500666618347168,14.727999687194824,14.324666976928711,14.571999549865723,42406500,0.030712444444444445,TSLA
2015-12-15,14.788000106811523,14.814666748046875,14.533332824707031,14.739333152770996,33666000,0.19089609375,TSLA
2015-12-16,14.80666732788086,15.658666610717773,14.715332984924316,15.633999824523926,76564500,0.1697951851851852,TSLA
2015-12-17,15.595999717712402,15.850666999816895,15.320667266845703,15.559332847595215,49479000,0.02502569832402235,TSLA
2015-12-18,15.526000022888184,15.726667404174805,15.28600025177002,15.36400032043457,45213000,-0.026935371179039307,TSLA
2015-12-21,15.446000099182129,15.722000122070312,15.405332565307617,15.503999710083008,29298000,0.10097134502923978,TSLA
2015-12-22,15.666000366210938,15.770000457763672,15.308667182922363,15.329999923706055,29422500,0.1355448717948718,TSLA
2015-12-23,15.478667259216309,15.563332557678223,15.208666801452637,15.313332557678223,23325000,0.17559753086419752,TSLA
2015-12-24,15.370667457580566,15.458666801452637,15.218667030334473,15.371333122253418,10620000,0.12048688524590165,TSLA
2015-12-28,15.432666778564453,15.465332984924316,15.03600025177002,15.263333320617676,28519500,0.16270057142857142,TSLA
2015-12-29,15.337332725524902,15.847999572753906,15.303333282470703,15.812666893005371,36094500,0.1713909090909091,TSLA
2015-12-30,15.773332595825195,16.242000579833984,15.711333274841309,15.87266731262207,55468500,0.14142144772117962,TSLA
2015-12-31,15.900667190551758,16.229999542236328,15.891332626342773,16.000667572021484,40725000,0.2234038596491228,TSLA
2016-01-04,15.381333351135254,15.425333023071289,14.600000381469727,14.894000053405762,102406500,0.0735950103950104,TSLA
2016-01-05,15.090666770935059,15.12600040435791,14.666666984558105,14.895333290100098,47802000,0.08433860294117647,TSLA
2016-01-06,14.666666984558105,14.670000076293945,14.398667335510254,14.602666854858398,56686500,0.06463216080402011,TSLA
2016-01-07,14.279333114624023,14.562666893005371,14.244667053222656,14.376667022705078,53314500,0.16915866666666668,TSLA
2016-01-08,14.52400016784668,14.696000099182129,14.0513334274292,14.066666603088379,54421500,0.22100526315789476,TSLA
2016-01-11,14.267333030700684,14.296667098999023,13.533332824707031,13.856666564941406,61371000,0.08750209790209791,TSLA
2016-01-12,14.106666564941406,14.249333381652832,13.687333106994629,13.998000144958496,46378500,0.13927477876106195,TSLA
2016-01-13,14.133999824523926,14.176667213439941,13.333333015441895,13.354000091552734,61896000,0.2394881040892193,TSLA
2016-01-14,13.480667114257812,14.0,12.892000198364258,13.745332717895508,97360500,0.10788823529411765,TSLA
2016-01-15,13.264666557312012,13.671333312988281,13.149999618530273,13.666000366210938,83679000,-0.014836324786324788,TSLA
2016-01-19,13.913999557495117,14.031332969665527,13.385333061218262,13.64799976348877,60580500,0.11891928251121077,TSLA
2016-01-20,13.293333053588867,13.41866683959961,12.75,13.24666690826416,87579000,0.1853820945945946,TSLA
2016-01-21,13.436667442321777,13.548666954040527,13.001333236694336,13.33133316040039,47493000,0.10823679245283019,TSLA
2016-01-22,13.653332710266113,13.699999809265137,13.268667221069336,13.50333309173584,46861500,0.012721290322580639,TSLA
2016-01-25,13.337332725524902,13.571332931518555,13.058667182922363,13.092000007629395,40480500,0.19805314685314684,TSLA
2016-01-26,13.113332748413086,13.187999725341797,12.592000007629395,12.904000282287598,74463000,-0.016287500000000003,TSLA
2016-01-27,12.825332641601562,12.883999824523926,12.38466739654541,12.538000106811523,54258000,0.011441509433962263,TSLA
2016-01-28,12.719332695007324,12.751999855041504,12.160667419433594,12.646666526794434,68892000,0.18010916334661353,TSLA
2016-01-29,12.66333293914795,12.916000366210938,12.538666725158691,12.74666690826416,42784500,-0.2586401812688822,TSLA
2016-02-01,12.583999633789062,13.3013334274292,12.183333396911621,13.129332542419434,79464000,0.14147216748768474,TSLA
2016-02-02,12.82800006866455,12.874667167663574,12.01533317565918,12.185333251953125,86604000,0.06645706806282722,TSLA
2016-02-03,12.239333152770996,12.262666702270508,11.345333099365234,11.565333366394043,118971000,0.07750563106796116,TSLA
2016-02-04,11.380000114440918,11.732000350952148,11.13266658782959,11.688667297363281,65781000,0.020282692307692307,TSLA
2016-02-05,11.420000076293945,11.533332824707031,10.515999794006348,10.84000015258789,141564000,0.03618425925925926,TSLA
2016-02-08,10.473333358764648,10.476667404174805,9.733332633972168,9.866000175476074,139695000,0.0914476821192053,TSLA
2016-02-09,9.48799991607666,10.652667045593262,9.403332710266113,9.883333206176758,129774000,0.08183687230989957,TSLA
2016-02-10,10.033332824707031,10.33133316040039,9.449333190917969,9.57800006866455,156097500,0.13507807083647325,TSLA
2016-02-11,10.133333206176758,10.883999824523926,9.800000190734863,10.031332969665527,213786000,0.12806087443946187,TSLA
2016-02-12,10.333333015441895,10.46733283996582,9.579999923706055,10.06933307647705,108537000,0.08634690265486726,TSLA
2016-02-16,10.579999923706055,10.863332748413086,10.27400016784668,10.344667434692383,83907000,0.04919739413680782,TSLA
2016-02-17,10.600000381469727,11.28933334350586,10.445332527160645,11.245332717895508,87378000,0.12967342995169082,TSLA
2016-02-18,11.494667053222656,11.529999732971191,10.98466682434082,11.118000030517578,58314000,0.14483961352657004,TSLA
2016-02-19,10.910667419433594,11.166000366210938,10.833333015441895,11.10533332824707,44391000,0.14034171779141105,TSLA
2016-02-22,11.341333389282227,11.927332878112793,11.323332786560059,11.849332809448242,75901500,0.1642850746268657,TSLA
2016-02-23,11.744000434875488,12.11533260345459,11.578666687011719,11.814000129699707,89766000,-0.0043939393939393945,TSLA
2016-02-24,11.516667366027832,11.966667175292969,11.189332962036133,11.933333396911621,80934000,0.13558373015873018,TSLA
2016-02-25,11.90999984741211,12.567999839782715,11.680000305175781,12.495332717895508,86260500,0.08935498007968128,TSLA
2016-02-26,12.579999923706055,12.800000190734863,12.333333015441895,12.689332962036133,90976500,-0.008805208333333333,TSLA
2016-02-29,12.826666831970215,13.09000015258789,12.614666938781738,12.795332908630371,67485000,0.062238759689922485,TSLA
2016-03-01,12.949999809265137,13.063332557678223,12.180000305175781,12.423333168029785,100683000,-0.003920425531914894,TSLA
2016-03-02,12.248666763305664,12.567999839782715,12.100000381469727,12.555999755859375,72936000,0.02402836676217765,TSLA
2016-03-03,12.552000045776367,13.161333084106445,12.281332969665527,13.049332618713379,72435000,0.00517372013651877,TSLA
2016-03-04,13.199999809265137,13.60200023651123,13.166666984558105,13.402667045593262,97336500,0.10863836206896552,TSLA
2016-03-07,13.178667068481445,13.979999542236328,13.15999984741211,13.685999870300293,79941000,0.04136,TSLA
2016-03-08,13.566666603088379,13.833333015441895,13.479999542236328,13.506667137145996,62680500,0.029563793103448276,TSLA
2016-03-09,13.63466739654541,13.958000183105469,13.519332885742188,13.914667129516602,48129000,0.157518407960199,TSLA
2016-03-10,14.0,14.219332695007324,13.378000259399414,13.678667068481445,77887500,0.11324909090909091,TSLA
2016-03-11,13.862000465393066,13.961333274841309,13.688667297363281,13.833333015441895,50146500,-0.45207212806026364,TSLA
2016-03-14,14.176667213439941,14.447999954223633,14.042667388916016,14.34333324432373,60985500,-0.07723824228028504,TSLA
2016-03-15,14.284667015075684,14.597999572753906,14.100000381469727,14.555999755859375,47707500,0.21109267241379312,TSLA
2016-03-16,14.533332824707031,14.838666915893555,14.468000411987305,14.795332908630371,52750500,0.061271129707112966,TSLA
2016-03-17,14.764666557312012,15.233332633972168,14.666666984558105,15.092000007629395,56743500,-0.01054915824915825,TSLA
2016-03-18,15.273332595825195,15.631999969482422,15.204000473022461,15.515999794006348,70677000,0.08735310559006211,TSLA
2016-03-21,15.689332962036133,15.991999626159668,15.666666984558105,15.887999534606934,79617000,0.05535720338983051,TSLA
2016-03-22,15.814000129699707,15.932666778564453,15.503999710083008,15.616000175476074,64740000,0.03459830985915493,TSLA
2016-03-23,15.4913330078125,15.648667335510254,14.802000045776367,14.838666915893555,74232000,0.005917796610169488,TSLA
2016-03-24,14.385333061218262,15.259332656860352,14.333333015441895,15.183333396911621,74413500,0.10589523809523808,TSLA
2016-03-28,15.440667152404785,15.654000282287598,15.0,15.350666999816895,58885500,0.02767003367003367,TSLA
2016-03-29,15.326000213623047,15.491999626159668,15.022000312805176,15.342000007629395,60214500,0.09235411764705882,TSLA
2016-03-30,15.672666549682617,15.699999809265137,15.100000381469727,15.12600040435791,60495000,0.08246974063400576,TSLA
2016-03-31,15.28933334350586,15.82800006866455,15.000666618347168,15.317999839782715,120193500,0.1292119658119658,TSLA
2016-04-01,16.32200050354004,16.52666664123535,15.550000190734863,15.839332580566406,239962500,0.15091765734265733,TSLA
2016-04-04,16.607999801635742,16.808000564575195,16.242666244506836,16.465999603271484,202129500,0.04586827524575514,TSLA
2016-04-05,16.03333282470703,17.104000091552734,16.0,17.031333923339844,149230500,0.018769354838709677,TSLA
2016-04-06,16.931333541870117,17.849332809448242,16.89666748046875,17.69466781616211,175582500,0.049143401015228426,TSLA
2016-04-07,17.76333236694336,17.95599937438965,16.96733283996582,17.14666748046875,132843000,0.018085953608247423,TSLA
2016-04-08,17.366666793823242,17.38800048828125,16.534666061401367,16.67133331298828,110458500,0.006756463878326993,TSLA
2016-04-11,16.733333587646484,17.266000747680664,16.35333251953125,16.661333084106445,137425500,0.08954434628975265,TSLA
2016-04-12,16.633333206176758,16.786666870117188,16.242000579833984,16.521333694458008,86448000,0.02426277915632754,TSLA
2016-04-13,16.567333221435547,17.03333282470703,16.488666534423828,16.968666076660156,73884000,-0.10914333333333333,TSLA
2016-04-14,16.866666793823242,17.12266731262207,16.73666763305664,16.790666580200195,61983000,0.03852262295081968,TSLA
2016-04-15,16.753999710083008,16.97333335876465,16.607999801635742,16.96733283996582,56286000,0.0558762962962963,TSLA
2016-04-18,16.815332412719727,17.220666885375977,16.777332305908203,16.92533302307129,64071000,0.11548910891089109,TSLA
2016-04-19,16.874666213989258,16.95800018310547,16.083332061767578,16.4913330078125,95362500,0.015136936936936936,TSLA
2016-04-20,16.417333602905273,16.910667419433594,16.100000381469727,16.6646671295166,77911500,0.07060361111111112,TSLA
2016-04-21,16.599332809448242,16.726667404174805,16.46066665649414,16.55266761779785,41746500,0.027885113268608416,TSLA
2016-04-22,16.592666625976562,16.933332443237305,16.380666732788086,16.916667938232422,56794500,0.04284290657439446,TSLA
2016-04-25,16.867332458496094,17.158666610717773,16.71733283996582,16.788000106811523,55054500,0.12098027681660901,TSLA
2016-04-26,16.803333282470703,17.048667907714844,16.625999450683594,16.916000366210938,48357000,0.14507297297297297,TSLA
2016-04-27,16.850000381469727,17.0,16.626667022705078,16.764667510986328,48087000,0.09761478873239436,TSLA
2016-04-28,16.656667709350586,16.89533233642578,16.496000289916992,16.513999938964844,37785000,0.22556493506493505,TSLA
2016-04-29,16.542667388916016,16.562000274658203,15.854000091552734,16.05066680908203,81207000,0.18252177121771218,TSLA
2016-05-02,16.100000381469727,16.21266746520996,15.654666900634766,16.1200008392334,57658500,0.20743553113553112,TSLA
2016-05-03,15.824000358581543,15.927332878112793,15.441332817077637,15.48799991607666,64533000,0.15477719298245612,TSLA
2016-05-04,15.352666854858398,15.630666732788086,14.69333267211914,14.837332725524902,130507500,0.16153553054662378,TSLA
2016-05-05,15.230667114257812,15.242667198181152,13.986000061035156,14.10200023651123,168822000,0.09316509528585758,TSLA
2016-05-06,14.057999610900879,14.424667358398438,13.87399959564209,14.328666687011719,85278000,-0.017265625,TSLA
2016-05-09,14.381333351135254,14.40999984741211,13.786666870117188,13.928000450134277,71646000,0.12244641744548287,TSLA
2016-05-10,13.83666706085205,13.964667320251465,13.666666984558105,13.912667274475098,61059000,0.13556730158730157,TSLA
2016-05-11,13.839332580566406,14.36533260345459,13.736666679382324,13.93066692352295,77428500,-0.11416042884990255,TSLA
2016-05-12,14.095999717712402,14.111332893371582,13.577333450317383,13.8186674118042,54757500,0.04663065476190476,TSLA
2016-05-13,13.85200023651123,14.079999923706055,13.779999732971191,13.840666770935059,42342000,0.07007601809954751,TSLA
2016-05-16,13.876667022705078,14.210000038146973,13.861332893371582,13.88599967956543,44241000,0.14178248847926267,TSLA
2016-05-17,13.936667442321777,13.98799991607666,13.601332664489746,13.644000053405762,42654000,0.10320086580086581,TSLA
2016-05-18,13.94333267211914,14.354000091552734,13.850000381469727,14.07800006866455,84262500,0.1217781690140845,TSLA
2016-05-19,14.2413330078125,14.452667236328125,13.819999694824219,14.347332954406738,102994500,0.06753986842105263,TSLA
2016-05-20,14.465999603271484,14.703332901000977,14.423333168029785,14.685333251953125,135106500,0.18045632411067195,TSLA
2016-05-23,14.657999992370605,14.84000015258789,14.390666961669922,14.414667129516602,76537500,0.12328996415770609,TSLA
2016-05-24,14.4399995803833,14.582667350769043,14.345333099365234,14.52733325958252,45207000,-0.008431164383561647,TSLA
2016-05-25,14.52733325958252,14.757332801818848,14.434000015258789,14.638667106628418,46902000,0.07786864111498258,TSLA
2016-05-26,14.699999809265137,15.017333030700684,14.603333473205566,15.008000373840332,61086000,0.10846534090909091,TSLA
2016-05-27,14.999333381652832,15.062000274658203,14.716667175292969,14.869333267211914,54754500,0.1833780876494024,TSLA
2016-05-31,14.869333267211914,14.983332633972168,14.766667366027832,14.881999969482422,41835000,0.13999798387096776,TSLA
2016-06-01,14.76533317565918,14.826666831970215,14.459333419799805,14.637332916259766,44740500,0.10152624584717608,TSLA
2016-06-02,14.63933277130127,14.660667419433594,14.473999977111816,14.597332954406738,30492000,0.15811146496815287,TSLA
2016-06-03,14.666666984558105,14.795999526977539,14.534000396728516,14.599332809448242,33435000,0.20323548387096774,TSLA
2016-06-06,14.533332824707031,14.726667404174805,14.363332748413086,14.711999893188477,33742500,0.10846755319148936,TSLA
2016-06-07,14.815999984741211,15.629332542419434,14.767999649047852,15.489333152770996,93204000,0.16551674107142858,TSLA
2016-06-08,15.58666706085205,16.05666732788086,15.507332801818848,15.701333045959473,89580000,0.10641158192090396,TSLA
2016-06-09,15.665332794189453,15.688667297363281,15.137332916259766,15.290666580200195,67381500,0.08132776617954071,TSLA
2016-06-10,15.159333229064941,15.197999954223633,14.561332702636719,14.586000442504883,90399000,0.03767275641025641,TSLA
2016-06-13,14.633333206176758,15.0513334274292,14.510666847229004,14.524666786193848,62895000,0.15952048780487807,TSLA
2016-06-14,14.592000007629395,14.813332557678223,14.16866683959961,14.330666542053223,53703000,-0.002545977011494253,TSLA
2016-06-15,14.463333129882812,14.793333053588867,14.342000007629395,14.513333320617676,43627500,-0.063575,TSLA
2016-06-16,14.494667053222656,14.53600025177002,14.233332633972168,14.528667449951172,36604500,0.16885858585858585,TSLA
2016-06-17,14.52066707611084,14.666000366210938,14.300000190734863,14.364666938781738,46689000,0.17402311827956987,TSLA
2016-06-20,14.633333206176758,14.916666984558105,14.548666954040527,14.646666526794434,53332500,0.14663442622950817,TSLA
2016-06-21,14.711999893188477,14.838000297546387,14.587332725524902,14.640666961669922,67935000,0.1604823016564952,TSLA
2016-06-22,13.29800033569336,13.729999542236328,13.050000190734863,13.11066722869873,356136000,0.09603405902273826,TSLA
2016-06-23,13.045999526977539,13.170000076293945,12.808667182922363,13.09333324432373,151960500,0.062033252427184465,TSLA
2016-06-24,12.670000076293945,13.008000373840332,12.648667335510254,12.876667022705078,105397500,0.076504432132964,TSLA
2016-06-27,12.723999977111816,13.253999710083008,12.524666786193848,13.236666679382324,108081000,0.1386210242587601,TSLA
2016-06-28,13.459333419799805,13.603333473205566,13.293999671936035,13.452667236328125,93186000,0.10643720930232559,TSLA
2016-06-29,13.675333023071289,14.118666648864746,13.533332824707031,14.012666702270508,89923500,0.12944879356568365,TSLA
2016-06-30,14.197999954223633,14.233332633972168,13.934666633605957,14.152000427246094,72646500,-0.08046910755148741,TSLA
2016-07-01,13.742667198181152,14.549332618713379,13.733332633972168,14.433333396911621,81000000,-0.08251491803278689,TSLA
2016-07-05,13.982000350952148,14.302666664123535,13.866666793823242,14.26533317565918,77629500,-0.028631128404669262,TSLA
2016-07-06,14.0,14.34866714477539,13.933333396911621,14.295999526977539,73798500,-0.031547961165048544,TSLA
2016-07-07,14.206666946411133,14.541333198547363,14.200667381286621,14.395999908447266,54180000,0.03948138888888889,TSLA
2016-07-08,14.520000457763672,14.654000282287598,14.300000190734863,14.45199966430664,61122000,-0.018147781569965868,TSLA
2016-07-11,14.663999557495117,15.118666648864746,14.633999824523926,14.985333442687988,81447000,0.04633300561797753,TSLA
2016-07-12,14.9399995803833,15.166666984558105,14.881333351135254,14.976667404174805,68569500,0.025825763358778626,TSLA
2016-07-13,15.033332824707031,15.03933334350586,14.685999870300293,14.835332870483398,53506500,-0.03406028368794326,TSLA
2016-07-14,14.874667167663574,14.996000289916992,14.736666679382324,14.768667221069336,40137000,0.03173678160919541,TSLA
2016-07-15,14.834667205810547,14.850000381469727,14.642666816711426,14.69333267211914,33513000,-0.008613445378151261,TSLA
2016-07-18,14.642666816711426,15.13933277130127,14.553333282470703,15.083333015441895,51181500,0.0483604501607717,TSLA
2016-07-19,15.0,15.273332595825195,14.983332633972168,15.017333030700684,46726500,0.1104786231884058,TSLA
2016-07-20,15.097999572753906,15.319999694824219,15.0,15.223999977111816,38527500,0.1216818181818182,TSLA
2016-07-21,15.066666603088379,15.1899995803833,14.606666564941406,14.699999809265137,66430500,0.1157168016194332,TSLA
2016-07-22,14.799332618713379,14.966667175292969,14.592000007629395,14.817999839782715,38695500,0.0494390625,TSLA
2016-07-25,14.817999839782715,15.425999641418457,14.758000373840332,15.333999633789062,67360500,0.1702527508090615,TSLA
2016-07-26,15.179332733154297,15.333333015441895,15.020000457763672,15.300666809082031,51450000,0.06272376033057851,TSLA
2016-07-27,15.28933334350586,15.557332992553711,15.128000259399414,15.232666969299316,43335000,0.1088081447963801,TSLA
2016-07-28,15.196666717529297,15.383999824523926,15.106666564941406,15.37399959564209,36286500,0.16691033210332104,TSLA
2016-07-29,15.380000114440918,15.685333251953125,15.349332809448242,15.652667045593262,46062000,0.1268309608540925,TSLA
2016-08-01,15.699999809265137,15.775333404541016,15.291999816894531,15.333999633789062,60244500,0.2060890243902439,TSLA
2016-08-02,15.291333198547363,15.324666976928711,14.760000228881836,15.146666526794434,59016000,0.11965511363636364,TSLA
2016-08-03,15.157999992370605,15.313332557678223,14.947333335876465,15.052666664123535,58317000,0.1501047379032258,TSLA
2016-08-04,15.045999526977539,15.390666961669922,14.803333282470703,15.37399959564209,62205000,0.10686652482269504,TSLA
2016-08-05,15.333333015441895,15.466667175292969,15.15999984741211,15.335332870483398,48078000,0.03118909090909091,TSLA
2016-08-08,15.199999809265137,15.30666732788086,15.072667121887207,15.077333450317383,33954000,0.04676419753086419,TSLA
2016-08-09,15.121333122253418,15.435999870300293,15.109999656677246,15.272000312805176,33117000,0.02972649253731343,TSLA
2016-08-10,15.215999603271484,15.324666976928711,14.974666595458984,15.043333053588867,35074500,-0.037684745762711865,TSLA
2016-08-11,15.07800006866455,15.171333312988281,14.894000053405762,14.994000434875488,28213500,0.05311169590643275,TSLA
2016-08-12,15.02733325958252,15.109999656677246,14.935999870300293,15.040666580200195,27202500,0.07176102564102564,TSLA
2016-08-15,15.067999839782715,15.300000190734863,14.995332717895508,15.03933334350586,30514500,0.0194198224852071,TSLA
2016-08-16,15.03266716003418,15.145999908447266,14.894000053405762,14.907333374023438,34006500,0.011971729957805906,TSLA
2016-08-17,14.95533275604248,14.988666534423828,14.853333473205566,14.88266658782959,26806500,0.06286708860759493,TSLA
2016-08-18,14.921333312988281,15.043999671936035,14.81933307647705,14.900667190551758,25717500,-0.006726229508196721,TSLA
2016-08-19,14.902667045593262,15.011333465576172,14.835332870483398,15.0,24892500,0.04284572864321608,TSLA
2016-08-22,14.944666862487793,15.007332801818848,14.845333099365234,14.862000465393066,30982500,0.1262574358974359,TSLA
2016-08-23,14.954667091369629,15.232666969299316,14.853333473205566,14.989333152770996,71766000,0.07475995055624228,TSLA
2016-08-24,15.136667251586914,15.143333435058594,14.814666748046875,14.841333389282227,38560500,0.11412566844919786,TSLA
2016-08-25,14.87399959564209,14.920000076293945,14.718000411987305,14.730667114257812,26437500,0.18575849056603774,TSLA
2016-08-26,14.809332847595215,14.857333183288574,14.588000297546387,14.666000366210938,33585000,0.10561089108910891,TSLA
2016-08-29,14.676667213439941,14.69333267211914,14.333333015441895,14.346667289733887,48994500,0.12110679611650485,TSLA
2016-08-30,14.407333374023438,14.407333374023438,14.034667015075684,14.089332580566406,47533500,0.08958969465648856,TSLA
2016-08-31,14.028667449951172,14.173333168029785,13.90999984741211,14.133999824523926,49147500,0.09892004310344828,TSLA
2016-09-01,13.934000015258789,14.073332786560059,13.366666793823242,13.38466739654541,119146500,0.05825259067357513,TSLA
2016-09-02,13.488666534423828,13.546667098999023,13.079999923706055,13.185333251953125,89661000,0.10830465587044534,TSLA
2016-09-06,13.267999649047852,13.550000190734863,13.266667366027832,13.522000312805176,65859000,0.1423520295202952,TSLA
2016-09-07,13.699999809265137,13.766667366027832,13.380666732788086,13.447333335876465,54613500,0.08373482428115016,TSLA
2016-09-08,13.303333282470703,13.326000213623047,13.090666770935059,13.157333374023438,50668500,-0.002289795918367345,TSLA
2016-09-09,13.272666931152344,13.32800006866455,12.91333293914795,12.964667320251465,56355000,0.06522310030395137,TSLA
2016-09-12,13.0,13.424667358398438,12.9399995803833,13.220000267028809,55728000,0.10476623711340208,TSLA
2016-09-13,13.137332916259766,13.232666969299316,12.896666526794434,13.069999694824219,53841000,0.10308561151079136,TSLA
2016-09-14,13.050000190734863,13.194666862487793,12.990667343139648,13.093999862670898,33817500,0.09546145833333333,TSLA
2016-09-15,13.099332809448242,13.501333236694336,13.09333324432373,13.361332893371582,46158000,0.1260099173553719,TSLA
2016-09-16,13.361332893371582,13.713333129882812,13.266667366027832,13.69333267211914,46617000,0.08445714285714287,TSLA
2016-09-19,13.800000190734863,13.961999893188477,13.666666984558105,13.755999565124512,34492500,0.11520168067226891,TSLA
2016-09-20,13.789999961853027,13.850000381469727,13.593999862670898,13.642666816711426,36157500,0.1040791519434629,TSLA
2016-09-21,13.758000373840332,13.800000190734863,13.437333106994629,13.6813325881958,39502500,0.08983284023668639,TSLA
2016-09-22,13.760000228881836,13.8186674118042,13.533332824707031,13.76200008392334,35743500,0.072874609375,TSLA
2016-09-23,13.732666969299316,14.01200008392334,13.711333274841309,13.829999923706055,43578000,0.16039328063241107,TSLA
2016-09-26,13.766667366027832,14.066666603088379,13.766667366027832,13.932666778564453,35916000,0.0794860824742268,TSLA
2016-09-27,13.976667404174805,13.998666763305664,13.640666961669922,13.720666885375977,50598000,0.19358669527896996,TSLA
2016-09-28,13.833999633789062,13.883333206176758,13.684000015258789,13.751333236694336,31326000,0.08780284360189573,TSLA
2016-09-29,13.706666946411133,13.821999549865723,13.371999740600586,13.380000114440918,40905000,0.10597689393939394,TSLA
2016-09-30,13.480667114257812,13.665332794189453,13.303333282470703,13.60200023651123,38794500,0.12572622222222224,TSLA
2016-10-03,14.153332710266113,14.378000259399414,13.883333206176758,14.24666690826416,89998500,0.12376304801670146,TSLA
2016-10-04,14.206666946411133,14.221332550048828,13.921333312988281,14.093999862670898,53122500,0.13335784753363228,TSLA
2016-10-05,14.149333000183105,14.210000038146973,13.874667167663574,13.897333145141602,28162500,0.08899,TSLA
2016-10-06,13.497332572937012,13.61400032043457,13.347332954406738,13.399999618530273,70551000,0.10751209068010074,TSLA
2016-10-07,13.399999618530273,13.421333312988281,13.053333282470703,13.107333183288574,52395000,0.08325250836120401,TSLA
2016-10-10,13.423333168029785,13.609333038330078,13.310667037963867,13.396666526794434,49744500,0.08483302469135803,TSLA
2016-10-11,13.456666946411133,13.479999542236328,13.220666885375977,13.34000015258789,34926000,0.04527115384615384,TSLA
2016-10-12,13.396666526794434,13.592000007629395,13.361332893371582,13.434000015258789,29560500,0.04487546296296296,TSLA
2016-10-13,13.366666793823242,13.393333435058594,13.136667251586914,13.349332809448242,37419000,0.11281897435897437,TSLA
2016-10-14,13.37733268737793,13.428667068481445,13.08666706085205,13.100666999816895,64048500,0.0700190909090909,TSLA
2016-10-17,13.136667251586914,13.22599983215332,12.800000190734863,12.93066692352295,68311500,0.043217096018735364,TSLA
2016-10-18,13.065999984741211,13.29800033569336,12.883999824523926,13.273332595825195,85207500,0.0806245810055866,TSLA
2016-10-19,13.315999984741211,13.77733325958252,13.204000473022461,13.570667266845703,104868000,0.07327049504950496,TSLA
2016-10-20,13.474666595458984,13.533332824707031,13.136667251586914,13.273332595825195,76093500,0.10858861578266495,TSLA
2016-10-21,13.239999771118164,13.437999725341797,13.160667419433594,13.339332580566406,44151000,0.12088943089430895,TSLA
2016-10-24,13.399999618530273,13.596667289733887,13.350000381469727,13.517333030700684,41274000,0.22258120805369128,TSLA
2016-10-25,13.526666641235352,13.645999908447266,13.41333293914795,13.489333152770996,36675000,0.19270822368421053,TSLA
2016-10-26,13.399999618530273,13.545999526977539,13.34000015258789,13.482666969299316,84492000,0.27473926267281107,TSLA
2016-10-27,14.089332580566406,14.24666690826416,13.44333267211914,13.600666999816895,196405500,0.16596268656716417,TSLA
2016-10-28,13.600000381469727,13.687999725341797,13.321999549865723,13.33133316040039,64201500,0.14547302052785924,TSLA
2016-10-31,13.499333381652832,13.499333381652832,13.053999900817871,13.182000160217285,70384500,0.12334673913043478,TSLA
2016-11-01,13.202667236328125,13.233332633972168,12.540666580200195,12.719332695007324,105900000,0.1417345537757437,TSLA
2016-11-02,12.670000076293945,12.846667289733887,12.500666618347168,12.534667015075684,63801000,0.0314586301369863,TSLA
2016-11-03,12.600000381469727,12.764666557312012,12.469332695007324,12.494667053222656,39795000,0.17036719367588932,TSLA
2016-11-04,12.600000381469727,12.897333145141602,12.397333145141602,12.704000473022461,77190000,0.21979306722689076,TSLA
2016-11-07,12.906000137329102,12.952667236328125,12.670000076293945,12.880666732788086,58051500,0.08649033333333334,TSLA
2016-11-08,12.919333457946777,13.166000366210938,12.750666618347168,12.996000289916992,49014000,0.13468173374613004,TSLA
2016-11-09,12.458666801452637,12.800000190734863,12.263333320617676,12.670666694641113,122596500,0.11661170212765959,TSLA
2016-11-10,12.736666679382324,12.77400016784668,12.027999877929688,12.356666564941406,101254500,-0.009932616487455198,TSLA
2016-11-11,12.28266716003418,12.592000007629395,12.199999809265137,12.570667266845703,59827500,0.12053409090909092,TSLA
2016-11-14,12.533332824707031,12.550000190734863,11.879332542419434,12.096667289733887,98283000,0.04004855967078189,TSLA
2016-11-15,12.185333251953125,12.428667068481445,12.136667251586914,12.251333236694336,58530000,0.029210384615384614,TSLA
2016-11-16,12.176667213439941,12.315333366394043,12.080666542053223,12.26200008392334,51516000,0.13285771144278608,TSLA
2016-11-17,12.232666969299316,12.63266658782959,12.140666961669922,12.577333450317383,73306500,0.16763391684901532,TSLA
2016-11-18,12.710000038146973,12.866666793823242,12.333333015441895,12.334667205810547,78154500,0.150024064171123,TSLA
2016-11-21,12.336000442504883,12.592666625976562,12.293999671936035,12.3013334274292,65415000,0.13175565217391305,TSLA
2016-11-22,12.38933277130127,12.764666557312012,12.247332572937012,12.744667053222656,84051000,0.118992,TSLA
2016-11-23,12.707332611083984,13.042667388916016,12.600000381469727,12.87600040435791,73378500,0.07446360759493671,TSLA
2016-11-25,12.909333229064941,13.149333000183105,12.909333229064941,13.109999656677246,35491500,0.11336861702127661,TSLA
2016-11-28,13.031999588012695,13.289999961853027,12.970000267028809,13.074666976928711,67938000,0.06120393013100437,TSLA
2016-11-29,13.037332534790039,13.11533260345459,12.633333206176758,12.637999534606934,66589500,0.041097206703910615,TSLA
2016-11-30,12.733332633972168,12.792667388916016,12.5,12.626667022705078,53206500,0.18895,TSLA
2016-12-01,12.550000190734863,12.5686674118042,12.066666603088379,12.125332832336426,76896000,0.015984905660377358,TSLA
2016-12-02,12.192000389099121,12.325332641601562,12.0,12.097999572753906,60634500,0.0442825,TSLA
2016-12-05,12.167332649230957,12.592666625976562,12.167332649230957,12.453332901000977,61083000,0.17507634854771786,TSLA
2016-12-06,12.368000030517578,12.438667297363281,12.178667068481445,12.390000343322754,50874000,0.1049303317535545,TSLA
2016-12-07,12.40999984741211,12.893333435058594,12.333333015441895,12.876667022705078,81928500,0.1286114864864865,TSLA
2016-12-08,12.803333282470703,12.833333015441895,12.63599967956543,12.81933307647705,47911500,0.0757995145631068,TSLA
2016-12-09,12.724666595458984,12.922666549682617,12.720666885375977,12.812000274658203,40837500,0.01686163265306122,TSLA
2016-12-12,12.853333473205566,12.961333274841309,12.745332717895508,12.828666687011719,36583500,0.08290504587155963,TSLA
2016-12-13,12.878666877746582,13.41866683959961,12.866666793823242,13.210000038146973,102358500,0.029985117493472577,TSLA
2016-12-14,13.249333381652832,13.533332824707031,13.11733341217041,13.246000289916992,62263500,0.15516344410876132,TSLA
2016-12-15,13.227333068847656,13.38266658782959,13.159333229064941,13.17199993133545,48294000,0.1076567944250871,TSLA
2016-12-16,13.20533275604248,13.505999565124512,13.173333168029785,13.499333381652832,56953500,0.08688177966101696,TSLA
2016-12-19,13.499333381652832,13.630000114440918,13.322667121887207,13.51533317565918,52321500,0.12702675438596492,TSLA
2016-12-20,13.536666870117188,13.933333396911621,13.5,13.919333457946777,70336500,0.11231648044692737,TSLA
2016-12-21,13.896666526794434,14.148667335510254,13.827333450317383,13.846667289733887,78114000,0.14636223776223775,TSLA
2016-12-22,13.881333351135254,13.999333381652832,13.766667366027832,13.896666526794434,46666500,0.1929265402843602,TSLA
2016-12-23,13.866666793823242,14.229999542236328,13.847332954406738,14.22266674041748,70057500,0.21665756097560976,TSLA
2016-12-27,14.325332641601562,14.816666603088379,14.29466724395752,14.635333061218262,88735500,0.09618903394255875,TSLA
2016-12-28,14.768667221069336,14.920000076293945,14.479999542236328,14.649333000183105,56737500,0.07744439834024897,TSLA
2016-12-29,14.570667266845703,14.613332748413086,14.274666786193848,14.312000274658203,60675000,0.05276941580756014,TSLA
2016-12-30,14.420000076293945,14.5,14.112000465393066,14.246000289916992,69639000,0.13767172131147543,TSLA
2017-01-03,14.324000358581543,14.688667297363281,14.064000129699707,14.465999603271484,88849500,0.06850618101545254,TSLA
2017-01-04,14.316666603088379,15.199999809265137,14.287332534790039,15.13266658782959,168202500,0.07539647355163728,TSLA
2017-01-05,15.094667434692383,15.165332794189453,14.796667098999023,15.116666793823242,88675500,0.1393658031088083,TSLA
2017-01-06,15.128666877746582,15.354000091552734,15.029999732971191,15.267333030700684,82918500,0.1109890625,TSLA
2017-01-09,15.264666557312012,15.461333274841309,15.199999809265137,15.41866683959961,59692500,0.10762771084337348,TSLA
2017-01-10,15.466667175292969,15.466667175292969,15.12600040435791,15.324666976928711,54900000,0.149619723183391,TSLA
2017-01-11,15.271332740783691,15.331999778747559,15.112000465393066,15.315333366394043,54762000,0.120594140625,TSLA
2017-01-12,15.27066707611084,15.380000114440918,15.038666725158691,15.305999755859375,56853000,0.20258170731707315,TSLA
2017-01-13,15.333333015441895,15.856666564941406,15.305999755859375,15.850000381469727,91395000,0.19531359447004606,TSLA
2017-01-17,15.779999732971191,15.997332572937012,15.624667167663574,15.70533275604248,69262500,0.1385073593073593,TSLA
2017-01-18,15.776666641235352,15.980667114257812,15.70533275604248,15.890666961669922,56535000,0.18606625000000002,TSLA
2017-01-19,16.483333587646484,16.57866668701172,16.049999237060547,16.250667572021484,115984500,0.09259295977011493,TSLA
2017-01-20,16.36400032043457,16.399999618530273,16.200666427612305,16.315332412719727,63064500,0.15512049469964664,TSLA
2017-01-23,16.389999389648438,16.72599983215332,16.366666793823242,16.594667434692383,93943500,0.1733043701799486,TSLA
2017-01-24,16.666667938232422,16.98666763305664,16.643333435058594,16.974000930786133,74482500,0.12060959595959596,TSLA
2017-01-25,17.15399932861328,17.230667114257812,16.786666870117188,16.96466636657715,77139000,0.12818839285714287,TSLA
2017-01-26,16.952667236328125,17.049333572387695,16.71666717529297,16.833999633789062,47281500,0.0863,TSLA
2017-01-27,16.7586669921875,16.866666793823242,16.56800079345703,16.863332748413086,47494500,0.1588375796178344,TSLA
2017-01-30,16.8353328704834,17.019332885742188,16.47333335876465,16.708667755126953,57016500,0.18418112449799198,TSLA
2017-01-31,16.615999221801758,17.05933380126953,16.51333236694336,16.795333862304688,61741500,0.20312253968253968,TSLA
2017-02-01,16.8700008392334,16.8799991607666,16.60333251953125,16.615999221801758,59382000,0.08656371951219513,TSLA
2017-02-02,16.555999755859375,16.827999114990234,16.513999938964844,16.770000457763672,37497000,0.17338607594936709,TSLA
2017-02-03,16.79400062561035,16.812000274658203,16.64533233642578,16.755332946777344,32800500,0.1651552346570397,TSLA
2017-02-06,16.733333587646484,17.187999725341797,16.708667755126953,17.184667587280273,53437500,0.14012013422818792,TSLA
2017-02-07,17.21266746520996,17.333332061767578,17.094667434692383,17.165332794189453,63672000,0.20193325183374083,TSLA
2017-02-08,17.156667709350586,17.55733299255371,17.079999923706055,17.472000122070312,58995000,0.17968657407407407,TSLA
2017-02-09,17.75,18.07866668701172,17.74333381652832,17.946666717529297,117303000,0.11508703465982029,TSLA
2017-02-10,17.986000061035156,18.06333351135254,17.74066734313965,17.948667526245117,54295500,0.09934488778054863,TSLA
2017-02-13,18.049333572387695,18.71933364868164,18.034000396728516,18.706666946411133,105444000,0.13195440931780367,TSLA
2017-02-14,18.601999282836914,19.159332275390625,18.573999404907227,18.73200035095215,110178000,0.11950747663551402,TSLA
2017-02-15,18.666667938232422,18.81599998474121,18.429332733154297,18.650667190551758,74218500,0.07397733711048159,TSLA
2017-02-16,18.50666618347168,18.666667938232422,17.899999618530273,17.93000030517578,106159500,0.08038874458874459,TSLA
2017-02-17,17.719999313354492,18.19266700744629,17.610000610351562,18.148666381835938,93856500,0.18949352051835852,TSLA
2017-02-21,18.363332748413086,18.760000228881836,18.267332077026367,18.492666244506836,85150500,0.26913737373737373,TSLA
2017-02-22,18.687332153320312,18.89666748046875,18.17333221435547,18.233999252319336,131325000,0.19150899681528663,TSLA
2017-02-23,17.600000381469727,17.643999099731445,17.03733253479004,17.06599998474121,223728000,0.13115129982668977,TSLA
2017-02-24,16.8439998626709,17.21666717529297,16.68000030517578,17.133333206176758,122574000,0.13577096114519427,TSLA
2017-02-27,16.544666290283203,16.55733299255371,16.134000778198242,16.415332794189453,171912000,0.020654810495626823,TSLA
2017-02-28,16.279333114624023,16.733333587646484,16.260000228881836,16.666000366210938,91171500,0.11567986425339366,TSLA
2017-03-01,16.94533348083496,16.989999771118164,16.607332229614258,16.667999267578125,72142500,0.14882105263157897,TSLA
2017-03-02,16.6473331451416,16.885332107543945,16.551332473754883,16.698667526245117,50277000,0.04880123076923076,TSLA
2017-03-03,16.715999603271484,16.793333053588867,16.600000381469727,16.771333694458008,43791000,0.05147893175074184,TSLA
2017-03-06,16.527332305908203,16.780000686645508,16.500667572021484,16.747333526611328,50332500,0.12521827411167513,TSLA
2017-03-07,16.794666290283203,16.926000595092773,16.55466651916504,16.57266616821289,51892500,0.03883908629441624,TSLA
2017-03-08,16.46666717529297,16.67133331298828,16.35466766357422,16.45800018310547,55878000,0.0532240997229917,TSLA
2017-03-09,16.5086669921875,16.577333450317383,16.200000762939453,16.32666778564453,58189500,0.08562579365079365,TSLA
2017-03-10,16.413999557495117,16.433332443237305,16.200000762939453,16.246000289916992,45994500,-0.002536363636363633,TSLA
2017-03-13,16.321332931518555,16.456666946411133,16.185333251953125,16.411333084106445,45339000,0.0986583038869258,TSLA
2017-03-14,16.407333374023438,17.20800018310547,16.40133285522461,17.200000762939453,113976000,0.10649328859060403,TSLA
2017-03-15,17.133333206176758,17.399999618530273,16.951332092285156,17.048667907714844,79962000,0.1293794171220401,TSLA
2017-03-16,17.49333381652832,17.71666717529297,17.270666122436523,17.469999313354492,106983000,0.11378972125435541,TSLA
2017-03-17,17.600000381469727,17.68866729736328,17.413333892822266,17.433332443237305,97462500,0.09357867647058822,TSLA
2017-03-20,17.373332977294922,17.636667251586914,17.254667282104492,17.461332321166992,54214500,0.1096411320754717,TSLA
2017-03-21,17.52199935913086,17.65333366394043,16.682666778564453,16.711999893188477,103629000,0.09646105263157896,TSLA
2017-03-22,16.770666122436523,17.004667282104492,16.700666427612305,17.000667572021484,60889500,0.14648995433789955,TSLA
2017-03-23,17.025999069213867,17.17799949645996,16.886667251586914,16.985332489013672,49803000,0.13639763033175356,TSLA
2017-03-24,17.046667098999023,17.592666625976562,17.000667572021484,17.54400062561035,84709500,0.11689604863221886,TSLA
2017-03-27,17.373332977294922,18.038000106811523,17.316667556762695,18.014667510986328,93462000,0.17041136363636364,TSLA
2017-03-28,18.468000411987305,18.711999893188477,18.333332061767578,18.496667861938477,119814000,0.1239840425531915,TSLA
2017-03-29,18.555999755859375,18.639999389648438,18.369333267211914,18.492000579833984,55143000,0.13298852040816328,TSLA
2017-03-30,18.535999298095703,18.799999237060547,18.480667114257812,18.527999877929688,62226000,0.15020619195046442,TSLA
2017-03-31,18.582000732421875,18.64533233642578,18.42133331298828,18.553333282470703,49419000,0.11692826747720365,TSLA
2017-04-03,19.126667022705078,19.933332443237305,18.972000122070312,19.90133285522461,208329000,0.1620357776463631,TSLA
2017-04-04,19.792667388916016,20.320667266845703,19.635332107543945,20.246667861938477,152019000,0.14160148553557467,TSLA
2017-04-05,20.13599967956543,20.325332641601562,19.613332748413086,19.666667938232422,118213500,0.1607265785609398,TSLA
2017-04-06,19.79199981689453,20.12933349609375,19.606666564941406,19.913333892822266,82809000,0.10462941176470587,TSLA
2017-04-07,19.833332061767578,20.179332733154297,19.809999465942383,20.16933250427246,68694000,0.11912926208651399,TSLA
2017-04-10,20.610000610351562,20.915332794189453,20.58066749572754,20.826000213623047,114967500,0.18942697132616487,TSLA
2017-04-11,20.892000198364258,20.898000717163086,20.366666793823242,20.58066749572754,85869000,0.12138266296809987,TSLA
2017-04-12,20.422666549682617,20.56333351135254,19.754667282104492,19.78933334350586,90760500,0.08655816164817749,TSLA
2017-04-13,19.780000686645508,20.492666244506836,19.68666648864746,20.266666412353516,139269000,0.13780899014778325,TSLA
2017-04-17,20.18000030517578,20.266666412353516,19.91200065612793,20.09600067138672,62080500,0.1176920353982301,TSLA
2017-04-18,19.979999542236328,20.055999755859375,19.860000610351562,20.016666412353516,45535500,0.08901268656716418,TSLA
2017-04-19,20.163999557495117,20.441333770751953,20.140666961669922,20.368000030517578,58470000,0.1421304932735426,TSLA
2017-04-20,20.43400001525879,20.610000610351562,20.01533317565918,20.167333602905273,92241000,0.0828415061295972,TSLA
2017-04-21,20.133333206176758,20.426666259765625,20.027999877929688,20.373332977294922,67647000,0.12093051948051949,TSLA
2017-04-24,20.614667892456055,20.703332901000977,20.40133285522461,20.53533363342285,76252500,0.1034306329113924,TSLA
2017-04-25,20.53333282470703,20.93199920654297,20.390666961669922,20.91933250427246,101065500,0.12379312839059674,TSLA
2017-04-26,20.82466697692871,20.96666717529297,20.600000381469727,20.67799949645996,70425000,0.10752390350877193,TSLA
2017-04-27,20.779333114624023,20.87266731262207,20.5,20.575332641601562,52029000,0.1153288409703504,TSLA
2017-04-28,20.655332565307617,20.98666763305664,20.53333282470703,20.937999725341797,67582500,0.13296119402985074,TSLA
2017-05-01,20.992000579833984,21.816667556762695,20.987333297729492,21.52199935913086,132444000,0.1844480303030303,TSLA
2017-05-02,21.600000381469727,21.8439998626709,21.104000091552734,21.25933265686035,80742000,0.16180682261208576,TSLA
2017-05-03,21.17799949645996,21.435333251953125,20.696666717529297,20.73466682434082,107001000,0.16840680628272253,TSLA
2017-05-04,20.496000289916992,20.51799964904785,19.384000778198242,19.69733238220215,212280000,0.13681572727272726,TSLA
2017-05-05,19.866666793823242,20.56999969482422,19.786666870117188,20.55666732788086,122659500,0.12903984375,TSLA
2017-05-08,20.726667404174805,20.91933250427246,20.38800048828125,20.479333877563477,105097500,0.1920456561922366,TSLA
2017-05-09,20.625333786010742,21.465999603271484,20.606666564941406,21.417333602905273,145147500,0.15840591397849463,TSLA
2017-05-10,21.437332153320312,21.700000762939453,21.20800018310547,21.681333541870117,86124000,0.14742960288808665,TSLA
2017-05-11,21.559999465942383,21.733333587646484,21.30666732788086,21.540000915527344,71307000,0.14225582417582416,TSLA
2017-05-12,21.698667526245117,21.799999237060547,21.435333251953125,21.65399932861328,61824000,0.14851694915254238,TSLA
2017-05-15,21.225332260131836,21.34666633605957,20.8353328704834,21.058666229248047,114330000,0.10443541666666667,TSLA
2017-05-16,21.172666549682617,21.33733367919922,21.00933265686035,21.134000778198242,62287500,0.10539972527472527,TSLA
2017-05-17,20.959333419799805,20.975332260131836,20.366666793823242,20.407333374023438,100678500,0.0896986577181208,TSLA
2017-05-18,20.46666717529297,20.929332733154297,20.354000091552734,20.87066650390625,84807000,0.10284319371727749,TSLA
2017-05-19,21.03333282470703,21.100000381469727,20.68000030517578,20.722000122070312,70314000,0.09951322580645161,TSLA
2017-05-22,20.85333251953125,20.95800018310547,20.453332901000977,20.690000534057617,64938000,0.05891543209876543,TSLA
2017-05-23,20.69733238220215,20.715333938598633,20.23200035095215,20.257333755493164,64776000,0.09962890995260663,TSLA
2017-05-24,20.43400001525879,20.733333587646484,20.360000610351562,20.681333541870117,75499500,0.1131710396039604,TSLA
2017-05-25,20.73466682434082,21.131332397460938,20.520666122436523,21.121999740600586,75210000,0.12960774487471527,TSLA
2017-05-26,21.152000427246094,21.69933319091797,21.08733367919922,21.676000595092773,117033000,0.14237213740458013,TSLA
2017-05-30,21.733333587646484,22.41866683959961,21.71733283996582,22.34000015258789,116743500,0.19976480446927375,TSLA
2017-05-31,22.512666702270508,22.859333038330078,22.3439998626709,22.733999252319336,149451000,0.1449558383233533,TSLA
2017-06-01,22.933332443237305,22.992000579833984,22.486000061035156,22.691333770751953,114120000,0.12025275735294118,TSLA
2017-06-02,22.65133285522461,22.858667373657227,22.39533233642578,22.656667709350586,83853000,0.11831985815602837,TSLA
2017-06-05,22.566667556762695,23.229333877563477,22.28066635131836,23.154666900634766,101766000,0.11562201138519924,TSLA
2017-06-06,22.979999542236328,23.965999603271484,22.6646671295166,23.523332595825195,166302000,0.11864567650050864,TSLA
2017-06-07,23.756000518798828,24.03333282470703,23.676000595092773,23.976667404174805,140970000,0.13295962099125366,TSLA
2017-06-08,24.25,24.793333053588867,24.014667510986328,24.666667938232422,135922500,0.093429662077597,TSLA
2017-06-09,24.961332321166992,25.124666213989258,23.65333366394043,23.821332931518555,258921000,0.10001411889596604,TSLA
2017-06-12,23.865999221801758,24.299999237060547,23.374666213989258,23.93400001525879,157765500,0.10350715667311412,TSLA
2017-06-13,24.507999420166016,25.066667556762695,24.44066619873047,25.06333351135254,177118500,0.16159513157894737,TSLA
2017-06-14,25.4060001373291,25.616666793823242,25.08733367919922,25.37733268737793,192276000,0.13013096234309623,TSLA
2017-06-15,24.833332061767578,25.03066635131836,24.432666778564453,25.022666931152344,156397500,0.1365320895522388,TSLA
2017-06-16,25.198667526245117,25.200666427612305,24.67333221435547,24.760000228881836,100965000,0.15666739726027396,TSLA
2017-06-19,25.0,25.113332748413086,24.520000457763672,24.65333366394043,98239500,0.13091214128035322,TSLA
2017-06-20,25.1113338470459,25.2586669921875,24.648666381835938,24.81599998474121,111580500,0.08946709558823529,TSLA
2017-06-21,24.956666946411133,25.132667541503906,24.534666061401367,25.093332290649414,73848000,0.16210068027210886,TSLA
2017-06-22,25.19933319091797,25.666667938232422,24.904666900634766,25.507333755493164,112947000,0.13016823529411764,TSLA
2017-06-23,25.496667861938477,25.799333572387695,25.290000915527344,25.56333351135254,96687000,0.1373933774834437,TSLA
2017-06-26,25.779333114624023,25.796667098999023,24.873332977294922,25.166000366210938,99061500,0.19522139423076926,TSLA
2017-06-27,25.093332290649414,25.093332290649414,24.134666442871094,24.158000946044922,104946000,0.12301999999999999,TSLA
2017-06-28,24.44533348083496,24.78266716003418,24.167999267578125,24.749332427978516,94537500,0.14042770270270272,TSLA
2017-06-29,24.707332611083984,24.733333587646484,23.606666564941406,24.049999237060547,123315000,0.1656968152866242,TSLA
2017-06-30,24.247333526611328,24.451332092285156,23.974666595458984,24.107332229614258,87727500,0.17623809523809525,TSLA
2017-07-03,24.682666778564453,24.75666618347168,23.433332443237305,23.507999420166016,94581000,0.11506822916666667,TSLA
2017-07-05,23.14666748046875,23.14933204650879,21.755332946777344,21.805999755859375,255700500,0.07315578684429642,TSLA
2017-07-06,21.150667190551758,21.38599967956543,20.420000076293945,20.588666915893555,289867500,0.0702699706744868,TSLA
2017-07-07,20.899999618530273,21.133333206176758,20.492000579833984,20.881332397460938,212653500,0.10384059139784946,TSLA
2017-07-10,20.860000610351562,21.195999145507812,20.208667755126953,21.06999969482422,207313500,0.11754651428571429,TSLA
2017-07-11,21.066667556762695,21.818666458129883,20.953332901000977,21.814666748046875,173391000,0.13684005235602095,TSLA
2017-07-12,22.02666664123535,22.206666946411133,21.633333206176758,21.968000411987305,155191500,0.160725,TSLA
2017-07-13,22.007333755493164,22.106666564941406,21.33133316040039,21.560667037963867,128917500,0.13161825192802057,TSLA
2017-07-14,21.54599952697754,21.89466667175293,21.4146671295166,21.851999282836914,84378000,0.165551871657754,TSLA
2017-07-17,21.702667236328125,21.80666732788086,20.89666748046875,21.30466651916504,148153500,0.031026586102719033,TSLA
2017-07-18,21.166667938232422,21.941999435424805,21.04400062561035,21.882667541503906,95605500,0.11710867158671587,TSLA
2017-07-19,21.881999969482422,22.110000610351562,21.54800033569336,21.68400001525879,95355000,0.09244069264069264,TSLA
2017-07-20,21.793333053588867,22.014667510986328,21.613332748413086,21.994667053222656,77493000,0.11599279835390947,TSLA
2017-07-21,21.964000701904297,22.083999633789062,21.719999313354492,21.893333435058594,73524000,0.10343835616438357,TSLA
2017-07-24,22.016000747680664,22.893333435058594,22.000667572021484,22.834667205810547,129556500,0.1572418326693227,TSLA
2017-07-25,23.0,23.040000915527344,22.27666664123535,22.639999389648438,104838000,0.13783765957446809,TSLA
2017-07-26,22.69066619873047,23.03333282470703,22.541332244873047,22.92333221435547,72312000,0.1569457227138643,TSLA
2017-07-27,23.066667556762695,23.166667938232422,21.752666473388672,22.297332763671875,124536000,0.12375748792270531,TSLA
2017-07-28,22.459333419799805,22.639999389648438,22.167333602905273,22.33799934387207,73206000,0.16262715736040612,TSLA
2017-07-31,22.366666793823242,22.766000747680664,21.402666091918945,21.564666748046875,128026500,0.06837741433021807,TSLA
2017-08-01,21.53333282470703,21.6299991607666,21.075332641601562,21.30466651916504,124546500,0.13057444089456868,TSLA
2017-08-02,21.262666702270508,21.808000564575195,20.74799919128418,21.72599983215332,196372500,0.1989496573208723,TSLA
2017-08-03,23.02199935913086,23.333332061767578,22.876667022705078,23.139333724975586,203025000,0.10170206422018348,TSLA
2017-08-04,23.133333206176758,23.81800079345703,22.886667251586914,23.79400062561035,139033500,0.19246917510853837,TSLA
2017-08-07,23.823333740234375,23.965333938598633,23.516666412353516,23.67799949645996,94867500,0.05754590417310664,TSLA
2017-08-08,23.8353328704834,24.57200050354004,23.82666778564453,24.347999572753906,111747000,0.11156862442040186,TSLA
2017-08-09,24.066667556762695,24.666667938232422,23.93000030517578,24.235332489013672,103381500,0.13866956521739132,TSLA
2017-08-10,24.106666564941406,24.44333267211914,23.643999099731445,23.69333267211914,106393500,0.17104583333333334,TSLA
2017-08-11,23.79800033569336,24.083999633789062,23.57466697692871,23.857999801635742,65487000,0.12086218274111675,TSLA
2017-08-14,24.308666229248047,24.51066780090332,24.17333221435547,24.253332138061523,67788000,0.16797626373626376,TSLA
2017-08-15,24.34666633605957,24.365999221801758,23.95800018310547,24.155332565307617,46276500,0.10459352112676057,TSLA
2017-08-16,24.200000762939453,24.433332443237305,24.167999267578125,24.194000244140625,51207000,0.16536766467065867,TSLA
2017-08-17,24.08066749572754,24.219999313354492,23.439332962036133,23.461332321166992,75415500,0.05660412979351032,TSLA
2017-08-18,23.527332305908203,23.600000381469727,23.053333282470703,23.163999557495117,81123000,0.07422018348623853,TSLA
2017-08-21,23.05466651916504,23.05466651916504,22.123332977294922,22.52400016784668,97431000,0.0987167088607595,TSLA
2017-08-22,22.742000579833984,22.81599998474121,22.4913330078125,22.75666618347168,64830000,0.1472931506849315,TSLA
2017-08-23,22.599332809448242,23.56599998474121,22.553333282470703,23.51799964904785,74317500,0.17322296296296297,TSLA
2017-08-24,23.501333236694336,23.777332305908203,23.31599998474121,23.528667449951172,68770500,0.13850265486725666,TSLA
2017-08-25,23.615999221801758,23.71266746520996,23.15333366394043,23.203332901000977,52260000,0.12931048158640226,TSLA
2017-08-28,23.152000427246094,23.156667709350586,22.648000717163086,23.04400062561035,56460000,0.13698708333333334,TSLA
2017-08-29,22.631999969482422,23.270000457763672,22.583332061767578,23.157333374023438,61105500,0.18073312101910827,TSLA
2017-08-30,23.31133270263672,23.564666748046875,23.133333206176758,23.545333862304688,51193500,0.12664107142857142,TSLA
2017-08-31,23.56999969482422,23.895999908447266,23.521333694458008,23.726667404174805,61092000,0.15782492401215806,TSLA
2017-09-01,23.7413330078125,23.839332580566406,23.57933235168457,23.69333267211914,45742500,0.167036690647482,TSLA
2017-09-05,23.586666107177734,23.69933319091797,23.05933380126953,23.305999755859375,57526500,0.16987168458781363,TSLA
2017-09-06,23.299999237060547,23.398666381835938,22.770666122436523,22.968666076660156,61371000,0.12456075471698114,TSLA
2017-09-07,23.065332412719727,23.498666763305664,22.89666748046875,23.374000549316406,63588000,0.12172675159235669,TSLA
2017-09-08,23.266000747680664,23.318666458129883,22.81999969482422,22.893333435058594,48952500,0.11997083333333335,TSLA
2017-09-11,23.42333221435547,24.247333526611328,23.333332061767578,24.246000289916992,115006500,0.14599762308998301,TSLA
2017-09-12,24.299333572387695,24.583999633789062,24.02666664123535,24.183332443237305,89593500,0.09729922480620155,TSLA
2017-09-13,24.254667282104492,24.538000106811523,23.972667694091797,24.415332794189453,62778000,0.1464339024390244,TSLA
2017-09-14,24.288667678833008,25.19733238220215,24.17533302307129,25.176000595092773,108037500,0.15570791268758527,TSLA
2017-09-15,24.96733283996582,25.333332061767578,24.84666633605957,25.320667266845703,81307500,0.1554207594936709,TSLA
2017-09-18,25.350000381469727,25.974000930786133,25.178667068481445,25.666667938232422,107820000,0.1759072463768116,TSLA
2017-09-19,25.333332061767578,25.492666244506836,24.904666900634766,25.00666618347168,96778500,0.1274583032490975,TSLA
2017-09-20,24.866666793823242,25.21666717529297,24.738000869750977,24.92733383178711,73786500,0.13370725663716815,TSLA
2017-09-21,24.99333381652832,25.121999740600586,24.30066680908203,24.43199920654297,69273000,0.09467563451776649,TSLA
2017-09-22,24.432666778564453,24.65999984741211,23.392000198364258,23.4060001373291,122391000,0.09529785330948122,TSLA
2017-09-25,23.543333053588867,23.83133316040039,22.858667373657227,22.999332427978516,114088500,0.13962635294117648,TSLA
2017-09-26,23.39533233642578,23.416000366210938,22.726667404174805,23.016666412353516,107344500,0.06550264317180617,TSLA
2017-09-27,23.32666778564453,23.432666778564453,22.700000762939453,22.731332778930664,90904500,0.1097145199063232,TSLA
2017-09-28,22.658666610717773,22.850000381469727,22.360000610351562,22.639999389648438,79794000,0.11836832460732985,TSLA
2017-09-29,22.790666580200195,22.978666305541992,22.573333740234375,22.739999771118164,76606500,0.17459451754385966,TSLA
2017-10-02,22.834667205810547,22.913333892822266,22.367332458496094,22.768667221069336,79302000,0.08018968692449355,TSLA
2017-10-03,22.393333435058594,23.23666763305664,22.0853328704834,23.209333419799805,152304000,0.10751449652777778,TSLA
2017-10-04,23.416667938232422,23.908000946044922,23.30666732788086,23.667333602905273,122452500,0.12559164086687305,TSLA
2017-10-05,23.733333587646484,23.82933235168457,23.42333221435547,23.68866729736328,62575500,0.16419641025641027,TSLA
2017-10-06,23.540000915527344,24.00666618347168,23.483333587646484,23.79199981689453,64462500,0.21763715670436187,TSLA
2017-10-09,23.309999465942383,23.450000762939453,22.844667434692383,22.862667083740234,112405500,0.15508665689149562,TSLA
2017-10-10,23.1200008392334,23.708667755126953,23.03533363342285,23.70599937438965,104677500,0.1586151212553495,TSLA
2017-10-11,23.592666625976562,23.84000015258789,23.40999984741211,23.639999389648438,67512000,0.20444168421052633,TSLA
2017-10-12,23.530000686645508,23.985332489013672,23.50933265686035,23.711999893188477,61305000,0.19831971496437054,TSLA
2017-10-13,23.798667907714844,23.89933204650879,23.57866668701172,23.704666137695312,53107500,0.17745348189415042,TSLA
2017-10-16,23.583999633789062,23.631999969482422,23.143999099731445,23.373332977294922,80632500,0.1679631868131868,TSLA
2017-10-17,23.393999099731445,23.74799919128418,23.33799934387207,23.71666717529297,49399500,0.19057153465346532,TSLA
2017-10-18,23.731332778930664,24.200000762939453,23.608667373657227,23.976667404174805,74086500,0.1772206106870229,TSLA
2017-10-19,23.70400047302246,23.809999465942383,23.213333129882812,23.45400047302246,75927000,0.16148809523809524,TSLA
2017-10-20,23.512666702270508,23.636667251586914,22.95599937438965,23.00666618347168,73956000,0.14735342465753426,TSLA
2017-10-23,23.325332641601562,23.329999923706055,22.416667938232422,22.468000411987305,86209500,0.13917130124777186,TSLA
2017-10-24,22.586666107177734,22.85333251953125,22.410667419433594,22.48933219909668,67375500,0.12158478747203579,TSLA
2017-10-25,22.446666717529297,22.5,21.570667266845703,21.722667694091797,128911500,0.07701236133122029,TSLA
2017-10-26,21.851999282836914,22.01533317565918,21.546667098999023,21.744667053222656,75352500,0.16862744680851066,TSLA
2017-10-27,21.316667556762695,21.639333724975586,21.110666275024414,21.391332626342773,104695500,0.11756705882352941,TSLA
2017-10-30,21.278667449951172,21.5853328704834,21.149999618530273,21.338666915893555,63816000,0.18172513368983956,TSLA
2017-10-31,21.34866714477539,22.1299991607666,21.345333099365234,22.101999282836914,85084500,0.26096106194690266,TSLA
2017-11-01,22.149999618530273,22.173999786376953,21.35066795349121,21.405332565307617,126859500,0.14516255479023168,TSLA
2017-11-02,20.0086669921875,20.57933235168457,19.5086669921875,19.950666427612305,296871000,0.08264662337662337,TSLA
2017-11-03,19.96666717529297,20.416667938232422,19.67533302307129,20.4060001373291,133410000,0.10626842105263158,TSLA
2017-11-06,20.46666717529297,20.5,19.93400001525879,20.185333251953125,97290000,0.16050504587155962,TSLA
2017-11-07,20.06800079345703,20.433332443237305,20.00200080871582,20.40333366394043,79414500,0.13508852813852815,TSLA
2017-11-08,20.366666793823242,20.459333419799805,20.086666107177734,20.292667388916016,70879500,0.11655874125874126,TSLA
2017-11-09,20.166667938232422,20.297332763671875,19.753332138061523,20.19933319091797,81706500,0.13698749999999998,TSLA
2017-11-10,20.166667938232422,20.55733299255371,20.123332977294922,20.19933319091797,69381000,0.11282842105263158,TSLA
2017-11-13,20.0086669921875,21.1200008392334,19.94066619873047,21.02666664123535,113773500,0.12963954887218046,TSLA
2017-11-14,21.0,21.09000015258789,20.459999084472656,20.579999923706055,85141500,0.08310870488322718,TSLA
2017-11-15,20.400667190551758,20.832666397094727,20.100000381469727,20.753332138061523,89680500,0.1282083182640145,TSLA
2017-11-16,20.932666778564453,21.209333419799805,20.753332138061523,20.833332061767578,87331500,0.14385760135135137,TSLA
2017-11-17,21.711332321166992,21.777999877929688,20.876667022705078,21.003332138061523,206026500,0.1027674715909091,TSLA
2017-11-20,20.91933250427246,21.03333282470703,20.316667556762695,20.582666397094727,123715500,0.12602813620071684,TSLA
2017-11-21,20.724000930786133,21.215333938598633,20.58066749572754,21.187332153320312,108919500,0.1573066777963272,TSLA
2017-11-22,21.118000030517578,21.161333084106445,20.78933334350586,20.84000015258789,73764000,0.16514791666666667,TSLA
2017-11-24,20.91933250427246,21.0939998626709,20.733333587646484,21.036666870117188,48661500,0.2567123076923077,TSLA
2017-11-27,20.883333206176758,21.1560001373291,20.634000778198242,21.12066650390625,68338500,0.1988716621253406,TSLA
2017-11-28,21.090667724609375,21.333332061767578,20.92799949645996,21.170000076293945,74242500,0.11990396825396826,TSLA
2017-11-29,21.15333366394043,21.200000762939453,20.082000732421875,20.502666473388672,131511000,0.07821425576519916,TSLA
2017-11-30,20.570667266845703,20.713333129882812,20.30266761779785,20.59000015258789,65274000,0.11762522935779816,TSLA
2017-12-01,20.362667083740234,20.687999725341797,20.336666107177734,20.435333251953125,64393500,0.12721166666666667,TSLA
2017-12-04,20.433332443237305,20.551332473754883,20.040666580200195,20.34666633605957,87526500,0.16512289855072462,TSLA
2017-12-05,20.133333206176758,20.53333282470703,20.066667556762695,20.246667861938477,69697500,0.18100361757105943,TSLA
2017-12-06,20.00666618347168,20.892667770385742,20.0,20.884000778198242,107929500,0.1879011737089202,TSLA
2017-12-07,20.799999237060547,21.242000579833984,20.73666763305664,20.749332427978516,71709000,0.23723497536945815,TSLA
2017-12-08,20.97333335876465,21.131999969482422,20.750667572021484,21.0086669921875,52027500,0.2072748148148148,TSLA
2017-12-11,20.975332260131836,21.93400001525879,20.916667938232422,21.92733383178711,119070000,0.2379496,TSLA
2017-12-12,22.030000686645508,22.762666702270508,22.00200080871582,22.735332489013672,130998000,0.19043353383458647,TSLA
2017-12-13,22.728666305541992,22.947999954223633,22.433332443237305,22.601999282836914,93322500,0.2471865470852018,TSLA
2017-12-14,22.733999252319336,23.16266632080078,22.459999084472656,22.525999069213867,86998500,0.17851708253358925,TSLA
2017-12-15,22.80266761779785,22.926666259765625,22.384000778198242,22.89666748046875,103998000,0.18437123595505617,TSLA
2017-12-18,22.99333381652832,23.115333557128906,22.505332946777344,22.591333389282227,82143000,0.3025658959537572,TSLA
2017-12-19,22.68400001525879,22.766000747680664,22.020000457763672,22.073333740234375,102375000,0.1829065677966102,TSLA
2017-12-20,22.179332733154297,22.206666946411133,21.66933250427246,21.93199920654297,89307000,0.33977999999999997,TSLA
2017-12-21,21.972667694091797,22.249332427978516,21.81399917602539,22.110666275024414,65778000,0.231972268907563,TSLA
2017-12-22,21.96733283996582,22.06133270263672,21.654666900634766,21.68000030517578,63237000,0.18749761194029851,TSLA
2017-12-26,21.588666915893555,21.59600067138672,21.10533332824707,21.152666091918945,65676000,0.23174965034965034,TSLA
2017-12-27,21.066667556762695,21.178667068481445,20.71666717529297,20.775999069213867,70681500,0.12368458498023716,TSLA
2017-12-28,20.78333282470703,21.05466651916504,20.63599967956543,21.02400016784668,64744500,0.192018085106383,TSLA
2017-12-29,21.07866668701172,21.0939998626709,20.666667938232422,20.75666618347168,56658000,0.23223313253012048,TSLA
2018-01-02,20.799999237060547,21.474000930786133,20.733333587646484,21.368667602539062,65283000,0.19093866666666665,TSLA
2018-01-03,21.399999618530273,21.683332443237305,21.036666870117188,21.149999618530273,67822500,0.08959315068493151,TSLA
2018-01-04,20.857999801635742,21.23666763305664,20.3786678314209,20.974666595458984,149194500,0.08931985559566787,TSLA
2018-01-05,21.107999801635742,21.14933204650879,20.799999237060547,21.10533332824707,68868000,0.1618120879120879,TSLA
2018-01-08,21.066667556762695,22.468000411987305,21.03333282470703,22.42733383178711,147891000,0.19445431472081218,TSLA
2018-01-09,22.3439998626709,22.586666107177734,21.82666778564453,22.246000289916992,107199000,0.1498647311827957,TSLA
2018-01-10,22.14666748046875,22.46666717529297,22.0,22.31999969482422,64648500,0.18388035190615837,TSLA
2018-01-11,22.349332809448242,22.987333297729492,22.21733283996582,22.530000686645508,99682500,0.22296031042128603,TSLA
2018-01-12,22.575332641601562,22.694000244140625,22.244667053222656,22.4146671295166,72376500,0.20710879478827363,TSLA
2018-01-16,22.502666473388672,23.0,22.31999969482422,22.67066764831543,97114500,0.1999259375,TSLA
2018-01-17,22.697999954223633,23.266666412353516,22.649999618530273,23.143999099731445,106552500,0.18377285714285715,TSLA
2018-01-18,23.044666290283203,23.48666763305664,22.916000366210938,22.971332550048828,85287000,0.13414692874692874,TSLA
2018-01-19,23.0,23.37266731262207,22.84000015258789,23.334667205810547,73324500,0.14938037037037039,TSLA
2018-01-22,23.293333053588867,23.85533332824707,23.280000686645508,23.437332153320312,93156000,0.13188852459016392,TSLA
2018-01-23,24.0,24.03333282470703,23.399999618530273,23.519332885742188,81981000,0.16827119205298013,TSLA
2018-01-24,23.6386661529541,23.649999618530273,22.90133285522461,23.05933380126953,79312500,0.13558071625344353,TSLA
2018-01-25,23.218000411987305,23.280000686645508,22.426666259765625,22.50933265686035,101104500,0.08732699784017278,TSLA
2018-01-26,22.766666412353516,22.933332443237305,22.380666732788086,22.856666564941406,68091000,0.1943429012345679,TSLA
2018-01-29,22.656667709350586,23.389999389648438,22.552000045776367,23.302000045776367,71206500,0.15379975669099757,TSLA
2018-01-30,23.00933265686035,23.218000411987305,22.81133270263672,23.05466651916504,70765500,0.18610162337662337,TSLA
2018-01-31,23.167333602905273,23.746000289916992,23.012666702270508,23.62066650390625,93211500,0.1964735064935065,TSLA
2018-02-01,23.399999618530273,23.977333068847656,23.242000579833984,23.28333282470703,62965500,0.14949257425742574,TSLA
2018-02-02,23.229333877563477,23.463333129882812,22.700666427612305,22.916667938232422,55572000,0.18074749262536874,TSLA
2018-02-05,22.531333923339844,22.96466636657715,22.200000762939453,22.208667755126953,66961500,0.2257373801916933,TSLA
2018-02-06,21.680667877197266,22.4146671295166,21.566667556762695,22.264667510986328,76326000,0.20156708860759492,TSLA
2018-02-07,22.599332809448242,23.066667556762695,22.37733268737793,23.0,104538000,0.16441940789473683,TSLA
2018-02-08,22.887332916259766,23.2413330078125,20.97333335876465,21.01533317565918,154719000,0.1059294175715696,TSLA
2018-02-09,21.32866668701172,21.398666381835938,19.650667190551758,20.69466781616211,194005500,0.1283945804195804,TSLA
2018-02-12,21.075332641601562,21.205333709716797,20.416667938232422,21.048667907714844,93417000,0.18201691842900303,TSLA
2018-02-13,21.001333236694336,21.612667083740234,20.833999633789062,21.577333450317383,68403000,0.1686688385269122,TSLA
2018-02-14,21.389333724975586,21.744667053222656,21.23466682434082,21.487333297729492,59260500,0.14703557422969188,TSLA
2018-02-15,21.633333206176758,22.274667739868164,21.49333381652832,22.271333694458008,88693500,0.16011966101694916,TSLA
2018-02-16,22.166667938232422,22.874666213989258,22.109333038330078,22.365999221801758,84639000,0.171296511627907,TSLA
2018-02-20,22.29800033569336,22.722667694091797,22.100000381469727,22.31800079345703,60141000,0.18089256965944273,TSLA
2018-02-21,22.402000427246094,22.645999908447266,22.211332321166992,22.219999313354492,48294000,0.09244900221729489,TSLA
2018-02-22,22.368667602539062,23.16266632080078,22.316667556762695,23.077999114990234,104547000,0.12355492957746479,TSLA
2018-02-23,23.18866729736328,23.666000366210938,23.139999389648438,23.469999313354492,87261000,0.15523775510204083,TSLA
2018-02-26,23.566667556762695,23.933332443237305,23.49066734313965,23.827999114990234,65100000,0.13046332453825857,TSLA
2018-02-27,23.75,23.999332427978516,23.333999633789062,23.39933204650879,71961000,0.14016507936507935,TSLA
2018-02-28,23.504667282104492,23.682666778564453,22.814666748046875,22.87066650390625,91045500,0.1006783422459893,TSLA
2018-03-01,23.000667572021484,23.244667053222656,22.004667282104492,22.062000274658203,103284000,0.09162246913580248,TSLA
2018-03-02,21.798667907714844,22.347999572753906,21.531333923339844,22.341333389282227,76392000,0.09017623762376237,TSLA
2018-03-05,22.159332275390625,22.516666412353516,21.952667236328125,22.22333335876465,57357000,0.06575333333333333,TSLA
2018-03-06,22.25,22.424667358398438,21.802000045776367,21.8799991607666,64285500,0.14589354838709678,TSLA
2018-03-07,21.695999145507812,22.166667938232422,21.44933319091797,22.15333366394043,75109500,0.12988615384615385,TSLA
2018-03-08,22.19066619873047,22.219999313354492,21.751333236694336,21.940000534057617,53493000,0.08008247191011235,TSLA
2018-03-09,21.606666564941406,21.89933204650879,21.4913330078125,21.81133270263672,82602000,0.09158337028824834,TSLA
2018-03-12,21.907333374023438,23.1473331451416,21.766666412353516,23.034000396728516,123960000,0.12497724252491695,TSLA
2018-03-13,21.907333374023438,23.1473331451416,21.766666412353516,22.78933334350586,89487000,0.12532348008385744,TSLA
2018-03-14,22.450666427612305,22.65399932861328,21.595333099365234,21.775333404541016,119511000,0.08171802816901409,TSLA
2018-03-15,21.958667755126953,22.190000534057617,21.406667709350586,21.706666946411133,98472000,0.10399192307692308,TSLA
2018-03-16,21.528667449951172,21.82666778564453,21.271333694458008,21.42333221435547,91759500,0.16854567901234566,TSLA
2018-03-19,21.100000381469727,21.383333206176758,20.64466667175293,20.90399932861328,112264500,0.016818063314711362,TSLA
2018-03-20,20.9913330078125,21.083332061767578,20.583999633789062,20.703332901000977,71464500,0.12636838235294118,TSLA
2018-03-21,20.683332443237305,21.496000289916992,20.679332733154297,21.101999282836914,89376000,0.12555052447552448,TSLA
2018-03-22,20.926000595092773,21.254667282104492,20.545333862304688,20.606666564941406,74097000,0.17396811023622047,TSLA
2018-03-23,20.75,20.75,20.030000686645508,20.1026668548584,99823500,0.14752371475953566,TSLA
2018-03-26,20.48933219909668,20.506000518798828,19.423999786376953,20.278667449951172,125628000,0.09961886178861788,TSLA
2018-03-27,20.266666412353516,20.284666061401367,18.478666305541992,18.61199951171875,208080000,0.038852786144578315,TSLA
2018-03-28,17.6386661529541,17.91200065612793,16.80666732788086,17.185333251953125,315021000,0.05031453362255965,TSLA
2018-03-29,17.099332809448242,18.06399917602539,16.547332763671875,17.742000579833984,227560500,0.07024787297783104,TSLA
2018-04-02,17.083999633789062,17.35533332824707,16.305999755859375,16.832000732421875,241710000,0.01095725101921957,TSLA
2018-04-03,17.988000869750977,18.22333335876465,16.965999603271484,17.8353328704834,282666000,0.060949235474006117,TSLA
2018-04-04,16.851999282836914,19.224666595458984,16.799999237060547,19.12933349609375,298450500,0.08448721286370597,TSLA
2018-04-05,19.28933334350586,20.417333602905273,19.213333129882812,20.381332397460938,286816500,0.07438919694072657,TSLA
2018-04-06,20.066667556762695,20.618667602539062,19.700000762939453,19.953332901000977,202804500,0.09676257142857143,TSLA
2018-04-09,20.024667739868164,20.633333206176758,19.28066635131836,19.310667037963867,153747000,0.07468018181818183,TSLA
2018-04-10,19.931333541870117,20.47333335876465,19.57866668701172,20.31333351135254,164847000,0.16740849315068493,TSLA
2018-04-11,20.049333572387695,20.59866714477539,19.977333068847656,20.062000274658203,112243500,0.11546786703601108,TSLA
2018-04-12,20.154666900634766,20.26333236694336,19.57866668701172,19.60533332824707,114132000,0.10271949458483753,TSLA
2018-04-13,20.239999771118164,20.26333236694336,19.73200035095215,20.022666931152344,109908000,0.16136753006475485,TSLA
2018-04-16,19.933332443237305,19.977333068847656,19.267332077026367,19.413999557495117,95077500,0.03512695139911635,TSLA
2018-04-17,19.257999420166016,19.47800064086914,18.833999633789062,19.179332733154297,105000000,0.07837015057573074,TSLA
2018-04-18,19.405332565307617,20.016000747680664,19.21066665649414,19.55666732788086,98365500,0.10127853881278538,TSLA
2018-04-19,19.405332565307617,20.067333221435547,19.23666763305664,20.005332946777344,91359000,0.055167258064516125,TSLA
2018-04-20,19.67799949645996,19.998666763305664,19.316667556762695,19.349332809448242,84418500,0.06904887640449439,TSLA
2018-04-23,19.41933250427246,19.441333770751953,18.82200050354004,18.891332626342773,73401000,0.1106114241001565,TSLA
2018-04-24,19.0,19.139333724975586,18.56399917602539,18.8973331451416,85279500,0.1264698347107438,TSLA
2018-04-25,18.899999618530273,19.01066780090332,18.483333587646484,18.71266746520996,60204000,0.13533129921259843,TSLA
2018-04-26,18.583332061767578,19.05266761779785,18.433332443237305,19.031999588012695,65340000,0.06974157894736843,TSLA
2018-04-27,19.024667739868164,19.631332397460938,18.922000885009766,19.60533332824707,65469000,0.08812925696594427,TSLA
2018-04-30,19.573999404907227,19.915332794189453,19.5,19.593332290649414,63423000,0.17209059674502714,TSLA
2018-05-01,19.567333221435547,20.05466651916504,19.54800033569336,19.994667053222656,69384000,0.1484060698027314,TSLA
2018-05-02,19.904666900634766,20.456666946411133,19.851999282836914,20.07666778564453,134556000,0.16641299363057324,TSLA
2018-05-03,18.586000442504883,19.202667236328125,18.34866714477539,18.963333129882812,260281500,0.17729834744054818,TSLA
2018-05-04,18.866666793823242,19.790666580200195,18.634666442871094,19.606000900268555,128541000,0.0960498491704374,TSLA
2018-05-07,19.833332061767578,20.3973331451416,19.67799949645996,20.184667587280273,130173000,0.096076095311299,TSLA
2018-05-08,20.053333282470703,20.516666412353516,19.933332443237305,20.131332397460938,88950000,0.09934930394431554,TSLA
2018-05-09,20.027332305908203,20.46733283996582,20.003332138061523,20.456666946411133,85911000,0.01052824133504493,TSLA
2018-05-10,20.5,20.865999221801758,20.27400016784668,20.334667205810547,84774000,0.05546682634730539,TSLA
2018-05-11,20.51333236694336,20.591999053955078,19.93866729736328,20.070667266845703,70194000,0.0944235294117647,TSLA
2018-05-14,20.221332550048828,20.32933235168457,19.441333770751953,19.46466636657715,109302000,0.012313656006914434,TSLA
2018-05-15,19.000667572021484,19.130666732788086,18.700000762939453,18.94533348083496,142788000,0.022880590717299577,TSLA
2018-05-16,18.922000885009766,19.253999710083008,18.770666122436523,19.09866714477539,85110000,0.05293325991189427,TSLA
2018-05-17,19.059999465942383,19.279333114624023,18.931333541870117,18.96933364868164,66309000,0.07912971830985915,TSLA
2018-05-18,18.976667404174805,18.976667404174805,18.266666412353516,18.454666137695312,108778500,0.07901450488145048,TSLA
2018-05-21,18.755332946777344,19.432666778564453,18.753332138061523,18.965999603271484,137739000,0.03933789836347976,TSLA
2018-05-22,19.18400001525879,19.200000762939453,18.22800064086914,18.333999633789062,134187000,0.09400740375123395,TSLA
2018-05-23,18.517332077026367,18.660667419433594,18.266666412353516,18.60466766357422,89776500,0.0562038789025544,TSLA
2018-05-24,18.559999465942383,18.74066734313965,18.326000213623047,18.523332595825195,62650500,0.03529509536784741,TSLA
2018-05-25,18.5086669921875,18.642667770385742,18.374000549316406,18.59000015258789,58126500,0.06421339285714285,TSLA
2018-05-29,18.567333221435547,19.100000381469727,18.40999984741211,18.917333602905273,84999000,0.05257194148936171,TSLA
2018-05-30,18.88599967956543,19.667333602905273,18.773332595825195,19.447999954223633,112345500,0.09509158767772512,TSLA
2018-05-31,19.1473331451416,19.357999801635742,18.86199951171875,18.98200035095215,88795500,0.15043497191011238,TSLA
2018-06-01,19.05733299255371,19.463333129882812,18.922666549682617,19.454666137695312,81366000,0.08516379084967321,TSLA
2018-06-04,19.62266731262207,19.933332443237305,19.56999969482422,19.78266716003418,71967000,0.1283854907539118,TSLA
2018-06-05,19.84666633605957,19.85333251953125,19.115999221801758,19.408666610717773,89928000,0.09734291115311909,TSLA
2018-06-06,20.03333282470703,21.47800064086914,19.832000732421875,21.299999237060547,281509500,0.0644447983014862,TSLA
2018-06-07,21.07666778564453,22.0,20.905332565307617,21.07266616821289,215179500,0.03960933333333333,TSLA
2018-06-08,21.266666412353516,21.631999969482422,21.143333435058594,21.17733383178711,123078000,0.12814724091520863,TSLA
2018-06-11,21.500667572021484,22.310667037963867,21.5,22.139999389648438,197752500,0.07101937321937322,TSLA
2018-06-12,22.979999542236328,23.6646671295166,22.53333282470703,22.851333618164062,335211000,0.04409995047052997,TSLA
2018-06-13,23.11400032043457,23.14666748046875,22.65333366394043,22.985332489013672,142047000,0.10584550898203593,TSLA
2018-06-14,23.17533302307129,23.916667938232422,23.106666564941406,23.847999572753906,164715000,0.08642043010752688,TSLA
2018-06-15,23.589332580566406,24.31133270263672,23.416667938232422,23.878000259399414,162724500,0.04500237113402062,TSLA
2018-06-18,23.69333267211914,24.915332794189453,23.633333206176758,24.722000122070312,181098000,4.230031948881926e-05,TSLA
2018-06-19,24.3439998626709,24.666667938232422,23.083332061767578,23.503332138061523,191428500,0.021011637931034485,TSLA
2018-06-20,23.869333267211914,24.29199981689453,23.46666717529297,24.148000717163086,125755500,0.061309457236842106,TSLA
2018-06-21,24.133333206176758,24.413999557495117,23.084667205810547,23.167333602905273,119506500,0.05671237209302326,TSLA
2018-06-22,23.43600082397461,23.483333587646484,22.133333206176758,22.242000579833984,153991500,0.03399107373868047,TSLA
2018-06-25,22.007999420166016,22.564666748046875,21.833332061767578,22.200666427612305,103969500,0.029287410071942445,TSLA
2018-06-26,22.40333366394043,22.90333366394043,21.719999313354492,22.799999237060547,111787500,0.06589309764309764,TSLA
2018-06-27,23.0,23.38599967956543,22.633333206176758,22.96666717529297,125005500,0.05848118466898956,TSLA
2018-06-28,23.243999481201172,23.801332473754883,23.073999404907227,23.32866668701172,125970000,0.07353078162771957,TSLA
2018-06-29,23.55533218383789,23.590667724609375,22.827333450317383,22.863332748413086,97386000,0.08485726102941177,TSLA
2018-07-02,24.004667282104492,24.318666458129883,21.989999771118164,22.33799934387207,281397000,0.09502113654946853,TSLA
2018-07-03,22.116666793823242,22.166000366210938,20.645999908447266,20.724000930786133,184239000,0.06528253275109171,TSLA
2018-07-05,20.917333602905273,20.959333419799805,19.74799919128418,20.610666275024414,262146000,0.07269961218836565,TSLA
2018-07-06,20.329999923706055,20.80466651916504,20.133333206176758,20.593332290649414,132982500,0.06913855606758833,TSLA
2018-07-09,20.799333572387695,21.23466682434082,20.53333282470703,21.233999252319336,113952000,0.08120332502078138,TSLA
2018-07-10,21.637332916259766,21.845333099365234,21.280000686645508,21.49799919128418,142072500,0.10751985347985347,TSLA
2018-07-11,21.053333282470703,21.46266746520996,21.004667282104492,21.263999938964844,73261500,0.05958683974932855,TSLA
2018-07-12,21.428667068481445,21.548667907714844,20.851333618164062,21.11400032043457,85818000,0.12411086497890296,TSLA
2018-07-13,21.038667678833008,21.30533218383789,20.616666793823242,21.257999420166016,88047000,0.1192555910543131,TSLA
2018-07-16,20.78066635131836,21.01066780090332,20.416667938232422,20.67333221435547,117280500,0.07963180741910024,TSLA
2018-07-17,20.58733367919922,21.64933204650879,20.566667556762695,21.512666702270508,104943000,0.13585619208087615,TSLA
2018-07-18,21.666667938232422,21.700000762939453,21.083332061767578,21.59000015258789,84363000,0.11253752380952381,TSLA
2018-07-19,21.088666915893555,21.569332122802734,20.93400001525879,21.34866714477539,88729500,0.09215188679245283,TSLA
2018-07-20,21.415332794189453,21.549333572387695,20.78066635131836,20.905332565307617,77433000,0.08038724168912849,TSLA
2018-07-23,20.12266731262207,20.366666793823242,19.52400016784668,20.213333129882812,164893500,0.07295020901068278,TSLA
2018-07-24,20.294666290283203,20.514667510986328,19.503332138061523,19.82866668701172,143862000,0.02762348877374784,TSLA
2018-07-25,19.78266716003418,20.641332626342773,19.633333206176758,20.582666397094727,106131000,0.06625633709356336,TSLA
2018-07-26,20.323333740234375,20.713333129882812,20.242666244506836,20.44333267211914,69457500,0.06356914335664336,TSLA
2018-07-27,20.483333587646484,20.512666702270508,19.689332962036133,19.812000274658203,85549500,0.09864536541889482,TSLA
2018-07-30,19.726667404174805,19.739999771118164,19.075332641601562,19.344667434692383,102211500,0.12745841584158416,TSLA
2018-07-31,19.483333587646484,19.88800048828125,19.271333694458008,19.875999450683594,76153500,0.11874823348694316,TSLA
2018-08-01,19.865999221801758,20.200000762939453,19.53333282470703,20.055999755859375,151941000,0.17295711991434692,TSLA
2018-08-02,21.895999908447266,23.332666397094727,21.54400062561035,23.30266761779785,348225000,0.1528795446936726,TSLA
2018-08-03,23.187332153320312,23.666667938232422,22.8353328704834,23.211332321166992,204847500,0.13731667913238593,TSLA
2018-08-06,23.03066635131836,23.665332794189453,22.788000106811523,22.799333572387695,128464500,0.12377680608365019,TSLA
2018-08-07,22.922666549682617,25.83066749572754,22.610000610351562,25.30466651916504,463137000,0.08585596129837703,TSLA
2018-08-08,24.606000900268555,25.50933265686035,24.474666595458984,24.689332962036133,368568000,0.06377179930795848,TSLA
2018-08-09,24.3700008392334,24.46733283996582,23.048667907714844,23.496667861938477,257757000,0.07054725209080048,TSLA
2018-08-10,23.600000381469727,24.0,23.066667556762695,23.69933319091797,173280000,0.06884616576297443,TSLA
2018-08-13,24.075332641601562,24.21266746520996,23.26799964904785,23.76066780090332,156958500,0.09777264150943397,TSLA
2018-08-14,23.89666748046875,23.946666717529297,23.139999389648438,23.176000595092773,104796000,0.0765521243115657,TSLA
2018-08-15,22.79400062561035,22.965999603271484,22.142667770385742,22.57933235168457,136519500,0.06967612293144208,TSLA
2018-08-16,22.660667419433594,22.818666458129883,22.254667282104492,22.363332748413086,90960000,0.07026532374100719,TSLA
2018-08-17,21.566667556762695,21.784666061401367,20.235332489013672,20.366666793823242,284379000,0.05689067121729238,TSLA
2018-08-20,19.446666717529297,20.566667556762695,19.213333129882812,20.562667846679688,261034500,0.07659963087248321,TSLA
2018-08-21,20.707332611083984,21.652666091918945,20.600000381469727,21.459999084472656,197583000,0.10262225300092336,TSLA
2018-08-22,21.391332626342773,21.591999053955078,20.97800064086914,21.44266700744629,89190000,0.14036510468594218,TSLA
2018-08-23,21.275999069213867,21.821332931518555,21.206666946411133,21.34000015258789,77209500,0.09676737766624843,TSLA
2018-08-24,21.3799991607666,21.59000015258789,21.293333053588867,21.521333694458008,54039000,0.07386973047684865,TSLA
2018-08-27,21.200000762939453,21.496000289916992,20.58733367919922,21.284666061401367,196189500,0.08761056338028168,TSLA
2018-08-28,21.227333068847656,21.2586669921875,20.746000289916992,20.790666580200195,114736500,0.06717308357348703,TSLA
2018-08-29,20.684667587280273,20.790000915527344,20.246000289916992,20.333999633789062,111711000,0.04660566625155666,TSLA
2018-08-30,20.150667190551758,20.30666732788086,19.847999572753906,20.209999084472656,108250500,0.09927527193618564,TSLA
2018-08-31,20.133333206176758,20.354000091552734,19.906667709350586,20.110666275024414,80626500,0.11589415833973866,TSLA
2018-09-04,19.79599952697754,19.87933349609375,19.200000762939453,19.26333236694336,125257500,0.050683664317745035,TSLA
2018-09-05,19.003332138061523,19.118667602539062,18.478666305541992,18.715999603271484,115812000,0.0559297798377752,TSLA
2018-09-06,18.98666763305664,19.411333084106445,18.591999053955078,18.729999542236328,112212000,0.06465729303547964,TSLA
2018-09-07,17.34000015258789,17.889999389648438,16.816667556762695,17.549333572387695,337378500,0.11167774661056569,TSLA
2018-09-10,18.21733283996582,19.068666458129883,18.066667556762695,19.03333282470703,214252500,0.1451401376146789,TSLA
2018-09-11,18.631332397460938,18.799999237060547,18.23666763305664,18.62933349609375,137550000,0.1335511371020143,TSLA
2018-09-12,18.762666702270508,19.5,18.57666778564453,19.369333267211914,150231000,0.12436708115183247,TSLA
2018-09-13,19.201332092285156,19.666667938232422,19.011999130249023,19.297332763671875,95104500,0.14007525057825754,TSLA
2018-09-14,19.250667572021484,19.82200050354004,19.101333618164062,19.68000030517578,101484000,0.09587018315018314,TSLA
2018-09-17,19.336000442504883,20.058000564575195,19.208667755126953,19.6560001373291,103314000,0.08392220909627879,TSLA
2018-09-18,19.779333114624023,20.176000595092773,18.366666793823242,18.997333526611328,248212500,0.04080714285714286,TSLA
2018-09-19,18.700666427612305,20.0,18.700000762939453,19.934667587280273,124423500,0.07528259061200238,TSLA
2018-09-20,20.237333297729492,20.398666381835938,19.55533218383789,19.8886661529541,110241000,0.10842490149724193,TSLA
2018-09-21,19.84666633605957,20.038667678833008,19.691333770751953,19.940000534057617,75757500,0.11790816143497758,TSLA
2018-09-24,19.898666381835938,20.200000762939453,19.57200050354004,19.978666305541992,72645000,0.10845822550831792,TSLA
2018-09-25,20.0,20.30666732788086,19.766666412353516,20.06599998474121,67225500,0.0936505366726297,TSLA
2018-09-26,20.12733268737793,20.926000595092773,20.073999404907227,20.6386661529541,117648000,0.14924232558139536,TSLA
2018-09-27,20.860000610351562,20.997333526611328,20.46066665649414,20.501333236694336,127636500,0.029323633633633637,TSLA
2018-09-28,18.017332077026367,18.53333282470703,17.37066650390625,17.65133285522461,504745500,0.037361467476930005,TSLA
2018-10-01,20.384666442871094,20.762666702270508,20.06999969482422,20.713333129882812,326664000,0.13618360473723168,TSLA
2018-10-02,20.93000030517578,21.12266731262207,19.94333267211914,20.06800079345703,176152500,0.09485947416137805,TSLA
2018-10-03,20.222000122070312,20.30666732788086,19.437999725341797,19.65333366394043,119925000,0.06263702239789196,TSLA
2018-10-04,19.59666633605957,19.600000381469727,18.511333465576172,18.788667678833008,147213000,0.06978419983753047,TSLA
2018-10-05,18.309999465942383,18.325332641601562,17.333332061767578,17.463333129882812,269167500,0.033775691411935954,TSLA
2018-10-08,17.634666442871094,17.85066795349121,16.600000381469727,16.70400047302246,202090500,0.08707959385834572,TSLA
2018-10-09,17.016666412353516,17.784666061401367,16.886667251586914,17.520000457763672,180909000,0.12978207926479035,TSLA
2018-10-10,17.640666961669922,17.700666427612305,16.51799964904785,17.125333786010742,192229500,0.10099600982197668,TSLA
2018-10-11,17.16866683959961,17.483333587646484,16.601999282836914,16.815332412719727,122515500,0.12486514705882353,TSLA
2018-10-12,17.399999618530273,17.465999603271484,16.80066680908203,17.25200080871582,108021000,0.12079220146222583,TSLA
2018-10-15,17.270666122436523,17.552000045776367,16.96933364868164,17.305999755859375,93000000,0.12880974155069583,TSLA
2018-10-16,17.713333129882812,18.492000579833984,17.482667922973633,18.439332962036133,142896000,0.1254386292834891,TSLA
2018-10-17,18.82666778564453,18.84666633605957,17.719999313354492,18.118667602539062,129832500,0.10443631875881523,TSLA
2018-10-18,17.952667236328125,18.066667556762695,17.53333282470703,17.5939998626709,81318000,0.09205043227665706,TSLA
2018-10-19,17.826000213623047,17.977333068847656,16.899999618530273,17.333332061767578,140632500,0.05253588059701493,TSLA
2018-10-22,17.3786678314209,17.457332611083984,16.839332580566406,17.39666748046875,84004500,0.10422552255225523,TSLA
2018-10-23,17.591333389282227,19.86199951171875,17.47333335876465,19.609333038330078,285417000,0.17572589285714285,TSLA
2018-10-24,20.06999969482422,20.29599952697754,19.048667907714844,19.233333587646484,300874500,0.2284313953488372,TSLA
2018-10-25,21.148000717163086,21.399999618530273,20.067333221435547,20.99066734313965,312610500,0.1938134939759036,TSLA
2018-10-26,20.549999237060547,22.65999984741211,20.44333267211914,22.059999465942383,411382500,0.08087914322803981,TSLA
2018-10-29,22.49799919128418,23.143999099731445,21.766666412353516,22.323333740234375,217290000,0.12531726147123087,TSLA
2018-10-30,21.892667770385742,22.52666664123535,21.483999252319336,21.99333381652832,136900500,0.15008663883089768,TSLA
2018-10-31,22.16933250427246,22.799999237060547,21.940000534057617,22.488000869750977,114364500,0.12857176113360325,TSLA
2018-11-01,22.55066680908203,23.189332962036133,22.315332412719727,22.95199966430664,120001500,0.13152583056478406,TSLA
2018-11-02,22.916000366210938,23.280000686645508,22.727333068847656,23.0939998626709,117120000,0.15067127329192548,TSLA
2018-11-05,22.700000762939453,22.930667877197266,22.00933265686035,22.760000228881836,117465000,0.12973326381647549,TSLA
2018-11-06,22.60466766357422,23.253332138061523,22.4060001373291,22.737333297729492,101443500,0.11709693877551021,TSLA
2018-11-07,22.889333724975586,23.41200065612793,22.719999313354492,23.21066665649414,110617500,0.14505275167785237,TSLA
2018-11-08,23.233333587646484,23.838666915893555,23.229333877563477,23.426666259765625,106360500,0.13993758586849853,TSLA
2018-11-09,23.266666412353516,23.600000381469727,23.01533317565918,23.367332458496094,76482000,0.15447420986093552,TSLA
2018-11-12,23.224666595458984,23.318666458129883,22.022666931152344,22.0853328704834,104122500,0.15817390745501284,TSLA
2018-11-13,22.21066665649414,22.979999542236328,22.14666748046875,22.582000732421875,81729000,0.1292574898785425,TSLA
2018-11-14,22.84666633605957,23.140666961669922,22.476667404174805,22.933332443237305,75604500,0.14017586649550706,TSLA
2018-11-15,22.82200050354004,23.238666534423828,22.6026668548584,23.229333877563477,69385500,0.09836962524654833,TSLA
2018-11-16,23.012666702270508,23.713333129882812,23.007999420166016,23.62066650390625,108093000,0.11688560885608856,TSLA
2018-11-19,23.756000518798828,24.450000762939453,23.525333404541016,23.564666748046875,145633500,0.11990311730926989,TSLA
2018-11-20,22.78333282470703,23.31999969482422,22.23666763305664,23.166000366210938,120070500,0.14415984555984557,TSLA
2018-11-21,23.46666717529297,23.540000915527344,22.49333381652832,22.54599952697754,70302000,0.08255292740046839,TSLA
2018-11-23,22.290000915527344,22.5,21.703332901000977,21.722000122070312,63039000,0.13737568389057753,TSLA
2018-11-26,21.666667938232422,23.08133316040039,21.666667938232422,23.066667556762695,119881500,0.0718928013876843,TSLA
2018-11-27,22.670000076293945,23.130666732788086,22.366666793823242,22.92799949645996,95374500,0.0538634011090573,TSLA
2018-11-28,23.06599998474121,23.218666076660156,22.81399917602539,23.191333770751953,61914000,0.12589883040935673,TSLA
2018-11-29,23.133333206176758,23.166667938232422,22.636667251586914,22.744667053222656,46210500,0.08000304054054054,TSLA
2018-11-30,22.788667678833008,23.440000534057617,22.55066680908203,23.365333557128906,84436500,0.07279892215568863,TSLA
2018-12-03,24.0,24.399999618530273,23.46666717529297,23.89933204650879,124597500,0.11882944954128441,TSLA
2018-12-04,23.73666763305664,24.57866668701172,23.46666717529297,23.979999542236328,126928500,0.12481758928571429,TSLA
2018-12-06,23.733999252319336,24.492000579833984,23.384000778198242,24.20400047302246,117637500,0.10926041856232939,TSLA
2018-12-07,24.600000381469727,25.299333572387695,23.843332290649414,23.864667892456055,172668000,0.13679872139973082,TSLA
2018-12-10,24.0,24.398666381835938,23.541332244873047,24.343332290649414,99202500,0.07866079545454546,TSLA
2018-12-11,24.660667419433594,24.81133270263672,24.01533317565918,24.450666427612305,94632000,0.11480352644836271,TSLA
2018-12-12,24.628000259399414,24.79400062561035,24.3439998626709,24.440000534057617,75405000,0.12251995731056563,TSLA
2018-12-13,24.676666259765625,25.16266632080078,24.450000762939453,25.119333267211914,110488500,0.09299061728395061,TSLA
2018-12-14,25.0,25.191333770751953,24.288667678833008,24.380666732788086,95064000,0.11485530085959884,TSLA
2018-12-17,24.133333206176758,24.3799991607666,22.92533302307129,23.22800064086914,115110000,0.10080598669623059,TSLA
2018-12-18,23.369333267211914,23.43666648864746,22.246000289916992,22.468666076660156,106500000,0.08717890625,TSLA
2018-12-19,22.50666618347168,23.134000778198242,21.982667922973633,22.197999954223633,124113000,0.07945273010920437,TSLA
2018-12-20,21.803333282470703,22.019332885742188,20.791332244873047,21.025333404541016,136078500,0.07930824402308327,TSLA
2018-12-21,21.15999984741211,21.564666748046875,20.82933235168457,21.31800079345703,120252000,0.10276868327402135,TSLA
2018-12-24,20.899999618530273,20.96666717529297,19.68000030517578,19.69266700744629,83398500,0.12045762081784386,TSLA
2018-12-26,20.0,21.79800033569336,19.606000900268555,21.73933219909668,122446500,0.16718432494279176,TSLA
2018-12-27,21.32266616821289,21.47800064086914,20.100000381469727,21.075332641601562,128626500,0.09124607843137256,TSLA
2018-12-28,21.540000915527344,22.416000366210938,21.227333068847656,22.257999420166016,149085000,0.13694322916666668,TSLA
2018-12-31,22.519332885742188,22.61400032043457,21.68400001525879,22.18666648864746,94534500,0.15501251504211794,TSLA
2019-01-02,20.406667709350586,21.0086669921875,19.920000076293945,20.674667358398438,174879000,0.058382023411371234,TSLA
2019-01-03,20.46666717529297,20.626667022705078,19.825332641601562,20.02400016784668,104478000,0.11130175019888623,TSLA
2019-01-04,20.399999618530273,21.200000762939453,20.18199920654297,21.179332733154297,110911500,0.1253459869848156,TSLA
2019-01-07,21.447999954223633,22.44933319091797,21.183332443237305,22.33066749572754,113268000,0.11612565838976674,TSLA
2019-01-08,22.797332763671875,22.93400001525879,21.801332473754883,22.356666564941406,105127500,0.09475239043824701,TSLA
2019-01-09,22.366666793823242,22.899999618530273,22.097999572753906,22.568666458129883,81493500,0.08886435432230523,TSLA
2019-01-10,22.293333053588867,23.025999069213867,22.119333267211914,22.99799919128418,90846000,0.1122932967032967,TSLA
2019-01-11,22.805999755859375,23.227333068847656,22.584667205810547,23.150667190551758,75586500,0.09034380841121495,TSLA
2019-01-14,22.825332641601562,22.833332061767578,22.266666412353516,22.293333053588867,78709500,0.09747151664611592,TSLA
2019-01-15,22.333332061767578,23.253332138061523,22.299999237060547,22.961999893188477,90849000,0.0658079478054567,TSLA
2019-01-16,22.985332489013672,23.46666717529297,22.899999618530273,23.06999969482422,70375500,0.07435456730769231,TSLA
2019-01-17,23.08066749572754,23.433332443237305,22.94333267211914,23.15399932861328,55150500,0.10814109263657957,TSLA
2019-01-18,21.53333282470703,21.808666229248047,19.98200035095215,20.150667190551758,362262000,0.07079108304630694,TSLA
2019-01-22,20.321332931518555,20.53333282470703,19.700000762939453,19.92799949645996,181000500,0.0969652097902098,TSLA
2019-01-23,19.5,19.633333206176758,18.779333114624023,19.172666549682617,187950000,0.09274484679665738,TSLA
2019-01-24,18.868667602539062,19.57866668701172,18.618667602539062,19.43400001525879,120183000,0.07978085735402808,TSLA
2019-01-25,19.625999450683594,19.90133285522461,19.303333282470703,19.80266761779785,108744000,0.13967900432900432,TSLA
2019-01-28,19.527332305908203,19.83066749572754,19.183332443237305,19.7586669921875,96349500,0.1247655423883318,TSLA
2019-01-29,19.684667587280273,19.90399932861328,19.453332901000977,19.83066749572754,69325500,0.1370856906534326,TSLA
2019-01-30,20.030000686645508,20.600000381469727,19.89933204650879,20.584667205810547,168754500,0.17339191474966173,TSLA
2019-01-31,20.066667556762695,20.770666122436523,19.600000381469727,20.468000411987305,188538000,0.17451305732484076,TSLA
2019-02-01,20.3613338470459,21.073333740234375,20.233333587646484,20.81399917602539,109251000,0.12299574829931972,TSLA
2019-02-04,20.865333557128906,21.020000457763672,20.125333786010742,20.859333038330078,110281500,0.17617225531914893,TSLA
2019-02-05,20.832666397094727,21.496000289916992,20.816667556762695,21.42333221435547,101142000,0.12250305719921105,TSLA
2019-02-06,21.305999755859375,21.615999221801758,21.041332244873047,21.148000717163086,75577500,0.07522645502645502,TSLA
2019-02-07,20.886667251586914,20.979999542236328,20.200000762939453,20.500667572021484,97809000,0.07522183449651047,TSLA
2019-02-08,20.455333709716797,20.496667861938477,19.899999618530273,20.386667251586914,87663000,0.10262668810289388,TSLA
2019-02-11,20.773332595825195,21.239999771118164,20.700000762939453,20.856000900268555,106945500,0.10909443938012763,TSLA
2019-02-12,21.079999923706055,21.21266746520996,20.641332626342773,20.78733253479004,82764000,0.10467413127413128,TSLA
2019-02-13,20.823333740234375,20.850000381469727,20.3713321685791,20.544666290283203,77124000,0.08123868194842407,TSLA
2019-02-14,20.225332260131836,20.451332092285156,20.066667556762695,20.251333236694336,78012000,0.0571010460251046,TSLA
2019-02-15,20.299999237060547,20.53333282470703,20.260000228881836,20.525333404541016,58573500,0.08052456140350878,TSLA
2019-02-19,20.437332153320312,20.769332885742188,20.364667892456055,20.375999450683594,62526000,0.09313413173652696,TSLA
2019-02-20,20.29400062561035,20.420000076293945,19.933332443237305,20.17066764831543,107131500,0.04770487210718636,TSLA
2019-02-21,20.12066650390625,20.215999603271484,19.366666793823242,19.415332794189453,133638000,0.05324907038512616,TSLA
2019-02-22,19.632667541503906,19.766666412353516,19.47333335876465,19.6473331451416,86109000,0.1121794816414687,TSLA
2019-02-25,19.860666275024414,20.19333267211914,19.799999237060547,19.917999267578125,99397500,-0.0034942052980132445,TSLA
2019-02-26,19.481332778930664,20.134000778198242,19.251333236694336,19.857332229614258,128737500,0.03899601018675722,TSLA
2019-02-27,20.118667602539062,21.086666107177734,20.036666870117188,20.982667922973633,167758500,0.1013390996784566,TSLA
2019-02-28,21.261333465576172,21.333332061767578,20.720666885375977,21.325332641601562,157810500,0.09529598591549296,TSLA
2019-03-01,20.46266746520996,20.475332260131836,19.459999084472656,19.652666091918945,343671000,0.08672517594369801,TSLA
2019-03-04,19.874666213989258,19.933332443237305,18.851999282836914,19.02400016784668,256452000,0.05608143863179075,TSLA
2019-03-05,18.799999237060547,18.933332443237305,18.00666618347168,18.43600082397461,281470500,0.0451407438715131,TSLA
2019-03-06,18.43199920654297,18.767332077026367,18.292667388916016,18.416000366210938,155032500,0.07891991421568628,TSLA
2019-03-07,18.589332580566406,18.979999542236328,18.28333282470703,18.439332962036133,141637500,0.06605503742084053,TSLA
2019-03-08,18.46066665649414,19.03933334350586,18.392667770385742,18.94266700744629,132294000,0.08977045143638852,TSLA
2019-03-11,18.90133285522461,19.41866683959961,18.700000762939453,19.39466667175293,110884500,0.08370576080150281,TSLA
2019-03-12,19.099332809448242,19.204666137695312,18.737333297729492,18.890666961669922,112561500,0.063151875,TSLA
2019-03-13,18.926666259765625,19.465999603271484,18.84666633605957,19.263999938964844,102670500,0.03912467248908297,TSLA
2019-03-14,19.496667861938477,19.69266700744629,19.21933364868164,19.33066749572754,106551000,0.08876744680851063,TSLA
2019-03-15,18.900667190551758,18.9146671295166,18.293333053588867,18.36199951171875,221782500,0.06531944837340876,TSLA
2019-03-18,18.399999618530273,18.536666870117188,17.81999969482422,17.965999603271484,154215000,0.08367738095238095,TSLA
2019-03-19,17.833332061767578,18.219999313354492,17.56399917602539,17.83133316040039,177009000,0.04502392837764514,TSLA
2019-03-20,17.979333877563477,18.33133316040039,17.753332138061523,18.239999771118164,103623000,0.09707552264808363,TSLA
2019-03-21,18.17333221435547,18.43000030517578,17.89666748046875,18.26799964904785,89206500,0.06196944644140906,TSLA
2019-03-22,18.172000885009766,18.18666648864746,17.600000381469727,17.635332107543945,131184000,0.06788309523809524,TSLA
2019-03-25,17.31399917602539,17.545333862304688,16.964000701904297,17.3613338470459,153225000,0.06251164658634538,TSLA
2019-03-26,17.62933349609375,18.017332077026367,17.6286678314209,17.851333618164062,110263500,0.06149378091872792,TSLA
2019-03-27,17.916667938232422,18.357999801635742,17.8786678314209,18.32200050354004,131688000,0.09803359809372518,TSLA
2019-03-28,18.477333068847656,18.68866729736328,18.34000015258789,18.57466697692871,101611500,0.08981817478731632,TSLA
2019-03-29,18.579999923706055,18.67733383178711,18.299999237060547,18.657333374023438,89869500,0.09424165803108808,TSLA
2019-04-01,18.841333389282227,19.280000686645508,18.75200080871582,19.278667449951172,121656000,0.09286824561403509,TSLA
2019-04-02,19.219999313354492,19.29599952697754,18.92533302307129,19.058666229248047,82183500,0.09752341040462427,TSLA
2019-04-03,19.154666900634766,19.744667053222656,19.14466667175293,19.45400047302246,118791000,0.09716159830268742,TSLA
2019-04-04,17.459333419799805,18.079999923706055,17.37266731262207,17.851999282836914,355810500,0.0342406242005628,TSLA
2019-04-05,17.99066734313965,18.406667709350586,17.74066734313965,18.33066749572754,195574500,0.05134023880597015,TSLA
2019-04-08,18.512666702270508,18.743999481201172,18.029333114624023,18.213333129882812,156156000,0.06309668348954578,TSLA
2019-04-09,18.110000610351562,18.333332061767578,17.974000930786133,18.15399932861328,88560000,0.1089192607003891,TSLA
2019-04-10,18.44933319091797,18.558666229248047,18.19266700744629,18.40399932861328,105919500,0.12459675723049955,TSLA
2019-04-11,17.886667251586914,18.03333282470703,17.706666946411133,17.89466667175293,147538500,0.08153845693779904,TSLA
2019-04-12,18.014667510986328,18.1299991607666,17.788667678833008,17.84666633605957,101190000,0.06673728919425359,TSLA
2019-04-15,17.908666610717773,17.92533302307129,17.242000579833984,17.7586669921875,150579000,0.08562549342105263,TSLA
2019-04-16,17.71666717529297,18.333332061767578,17.648000717163086,18.224000930786133,109093500,0.10037442455242966,TSLA
2019-04-17,18.316667556762695,18.319332122802734,17.902666091918945,18.082000732421875,76897500,0.10203758169934642,TSLA
2019-04-18,18.082000732421875,18.32266616821289,17.983333587646484,18.21733283996582,88144500,0.08264125,TSLA
2019-04-22,17.933332443237305,17.978666305541992,17.498666763305664,17.516666412353516,182206500,0.06642280524722502,TSLA
2019-04-23,17.343332290649414,17.706666946411133,17.049999237060547,17.593332290649414,164158500,0.1268038045827929,TSLA
2019-04-24,17.59000015258789,17.687999725341797,17.200000762939453,17.243999481201172,160912500,0.14078866419823413,TSLA
2019-04-25,17.0,17.266666412353516,16.404666900634766,16.5086669921875,327741000,0.10205623100303951,TSLA
2019-04-26,16.433332443237305,16.44533348083496,15.408666610717773,15.675999641418457,335410500,0.07545497967479675,TSLA
2019-04-29,15.723999977111816,16.26533317565918,15.477999687194824,16.097999572753906,250717500,0.06400917702782712,TSLA
2019-04-30,16.137332916259766,16.28066635131836,15.800000190734863,15.912667274475098,141969000,0.1500351201478743,TSLA
2019-05-01,15.923333168029785,16.0,15.433333396911621,15.600666999816895,160566000,0.038871924829157176,TSLA
2019-05-02,16.368000030517578,16.475332260131836,15.847999572753906,16.273332595825195,272389500,0.08066860103626942,TSLA
2019-05-03,16.257333755493164,17.107332229614258,16.232667922973633,17.00200080871582,355602000,0.10443262108262108,TSLA
2019-05-06,16.667999267578125,17.22333335876465,16.566667556762695,17.022666931152344,162508500,0.08236084033613446,TSLA
2019-05-07,17.1200008392334,17.1473331451416,16.34000015258789,16.470666885375977,151971000,0.1161209281961471,TSLA
2019-05-08,16.46266746520996,16.706666946411133,16.280000686645508,16.32266616821289,92646000,0.09879155060352832,TSLA
2019-05-09,16.133333206176758,16.245332717895508,15.795999526977539,16.131999969482422,100671000,0.1447142071494042,TSLA
2019-05-10,15.983332633972168,16.132667541503906,15.73466682434082,15.968000411987305,105124500,0.10156268922528941,TSLA
2019-05-13,15.46733283996582,15.498000144958496,14.966667175292969,15.133999824523926,162522000,0.0757534338358459,TSLA
2019-05-14,15.286666870117188,15.633333206176758,15.199999809265137,15.487333297729492,108786000,0.07486673267326734,TSLA
2019-05-15,15.288000106811523,15.496000289916992,15.016667366027832,15.463333129882812,109440000,0.08845973409306743,TSLA
2019-05-16,15.299332618713379,15.399999618530273,15.100000381469727,15.222000122070312,112249500,0.06900456692913386,TSLA
2019-05-17,14.797332763671875,14.815999984741211,13.928000450134277,14.0686674118042,266800500,0.06104509090909092,TSLA
2019-05-20,13.520000457763672,13.733332633972168,13.016667366027832,13.690667152404785,307893000,0.12088463768115941,TSLA
2019-05-21,13.184000015258789,13.826666831970215,13.06933307647705,13.67199993133545,270058500,0.08185386473429952,TSLA
2019-05-22,13.273332595825195,13.595999717712402,12.785332679748535,12.84866714477539,280278000,0.05530347883163768,TSLA
2019-05-23,12.956000328063965,13.29800033569336,12.414667129516602,13.03266716003418,398206500,0.0791289536981359,TSLA
2019-05-24,13.321999549865723,13.331999778747559,12.583333015441895,12.708666801452637,212049000,0.08199495192307692,TSLA
2019-05-28,12.74666690826416,13.0,12.523332595825195,12.579999923706055,154693500,0.09208404099560762,TSLA
2019-05-29,12.473333358764648,12.826000213623047,12.336000442504883,12.657333374023438,179529000,0.09973700305810397,TSLA
2019-05-30,12.583333015441895,12.817333221435547,12.468000411987305,12.54800033569336,118897500,0.06889570370370371,TSLA
2019-05-31,12.34000015258789,12.661333084106445,12.273332595825195,12.343999862670898,156100500,0.06230533333333333,TSLA
2019-06-03,12.36733341217041,12.445332527160645,11.799332618713379,11.9313325881958,195966000,0.08627900874635568,TSLA
2019-06-04,12.073332786560059,12.932000160217285,11.973999977111816,12.90666675567627,207112500,0.11209411764705883,TSLA
2019-06-05,13.245332717895508,13.41866683959961,12.789999961853027,13.105999946594238,202662000,0.10973505703422054,TSLA
2019-06-06,13.629332542419434,14.066666603088379,13.453332901000977,13.729999542236328,303633000,0.12470831982712048,TSLA
2019-06-07,13.666666984558105,14.055999755859375,13.566666603088379,13.633333206176758,240052500,0.12599525899912203,TSLA
2019-06-10,14.016667366027832,14.462667465209961,13.934000015258789,14.192000389099121,158775000,0.09470585457979225,TSLA
2019-06-11,14.609333038330078,14.726667404174805,14.233332633972168,14.473333358764648,174802500,0.09693180055401662,TSLA
2019-06-12,14.863332748413086,14.892000198364258,13.933333396911621,13.950667381286621,227962500,0.06784551934826885,TSLA
2019-06-13,14.025333404541016,14.326666831970215,13.833999633789062,14.260666847229004,122524500,0.09459517625231911,TSLA
2019-06-14,14.083333015441895,14.44333267211914,14.026666641235352,14.32800006866455,111501000,0.09652407766990291,TSLA
2019-06-17,14.36533260345459,15.133333206176758,14.284667015075684,15.001999855041504,184752000,0.14993092691622104,TSLA
2019-06-18,15.248000144958496,15.649333000183105,14.837332725524902,14.982666969299316,190737000,0.09642560975609757,TSLA
2019-06-19,15.007332801818848,15.184666633605957,14.737333297729492,15.095333099365234,98626500,0.10419446153846154,TSLA
2019-06-20,14.866666793823242,15.126667022705078,14.423333168029785,14.641332626342773,177952500,0.05607070116861436,TSLA
2019-06-21,14.414667129516602,14.812000274658203,14.366666793823242,14.790666580200195,123031500,0.11834683544303798,TSLA
2019-06-24,14.88266658782959,15.057332992553711,14.73466682434082,14.909333229064941,86262000,0.09634537695590327,TSLA
2019-06-25,14.959333419799805,15.022666931152344,14.63266658782959,14.650667190551758,92731500,0.11125224867724869,TSLA
2019-06-26,14.687333106994629,15.148667335510254,14.539999961853027,14.618000030517578,127608000,0.1315427807486631,TSLA
2019-06-27,14.630000114440918,14.859999656677246,14.489999771118164,14.855999946594238,95095500,0.12325309050772626,TSLA
2019-06-28,14.732666969299316,15.011333465576172,14.720000267028809,14.897333145141602,102771000,0.07700021598272139,TSLA
2019-07-01,15.347332954406738,15.539999961853027,15.085332870483398,15.14466667175293,123201000,0.11736037735849056,TSLA
2019-07-02,15.259332656860352,15.276666641235352,14.814666748046875,14.970000267028809,138885000,0.1314928297755884,TSLA
2019-07-03,15.959333419799805,16.10466766357422,15.633999824523926,15.65999984741211,213016500,0.1478901383042694,TSLA
2019-07-05,15.637999534606934,15.696666717529297,15.386667251586914,15.539999961853027,105985500,0.10061456043956044,TSLA
2019-07-08,15.416000366210938,15.483332633972168,15.244000434875488,15.355999946594238,88207500,0.10039164420485175,TSLA
2019-07-09,15.264666557312012,15.399999618530273,15.152000427246094,15.337332725524902,92862000,0.10700566251415629,TSLA
2019-07-10,15.609999656677246,15.929332733154297,15.542667388916016,15.928000450134277,137185500,0.102560822147651,TSLA
2019-07-11,15.87600040435791,16.100000381469727,15.720000267028809,15.90666675567627,112716000,0.12001863075196409,TSLA
2019-07-12,15.983332633972168,16.358667373657227,15.980667114257812,16.338666915893555,138007500,0.1204628853267571,TSLA
2019-07-15,16.53333282470703,16.961332321166992,16.323999404907227,16.899999618530273,165001500,0.12191542168674699,TSLA
2019-07-16,16.6200008392334,16.902000427246094,16.528667449951172,16.825332641601562,122235000,0.08315536992840096,TSLA
2019-07-17,17.044666290283203,17.220666885375977,16.889999389648438,16.99066734313965,146470500,0.1171639024390244,TSLA
2019-07-18,17.003332138061523,17.049999237060547,16.792667388916016,16.902666091918945,71379000,0.15062382234185734,TSLA
2019-07-19,17.04599952697754,17.33066749572754,16.974666595458984,17.211999893188477,105726000,0.14800102489019035,TSLA
2019-07-22,17.25,17.476667404174805,16.945999145507812,17.045333862304688,102636000,0.09897155963302753,TSLA
2019-07-23,17.11400032043457,17.365333557128906,16.96666717529297,17.344667434692383,75346500,0.10275585585585587,TSLA
2019-07-24,17.277999877929688,17.738000869750977,17.21066665649414,17.658666610717773,166092000,0.17558730600875447,TSLA
2019-07-25,15.566666603088379,15.633333206176758,15.036666870117188,15.254667282104492,336274500,0.14883201206376562,TSLA
2019-07-26,15.128000259399414,15.350666999816895,14.816666603088379,15.202667236328125,150415500,0.13064457092819615,TSLA
2019-07-29,15.13933277130127,15.72933292388916,15.0686674118042,15.718000411987305,139099500,0.15475388257575756,TSLA
2019-07-30,15.526666641235352,16.224000930786133,15.478667259216309,16.150667190551758,121635000,0.14128460161145925,TSLA
2019-07-31,16.200000762939453,16.44533348083496,15.776666641235352,16.107332229614258,137673000,0.10679714611872146,TSLA
2019-08-01,16.176666259765625,16.30066680908203,15.451333045959473,15.59000015258789,123892500,0.10296659292035398,TSLA
2019-08-02,15.423333168029785,15.751333236694336,15.281999588012695,15.62266731262207,92047500,0.05804809644670051,TSLA
2019-08-05,15.30666732788086,15.424667358398438,15.052000045776367,15.221332550048828,105424500,0.13108,TSLA
2019-08-06,15.458666801452637,15.5,15.050000190734863,15.383333206176758,83463000,0.11025931623931624,TSLA
2019-08-07,15.100000381469727,15.571332931518555,15.053333282470703,15.561332702636719,71647500,0.07273845315904139,TSLA
2019-08-08,15.630000114440918,15.986666679382324,15.510000228881836,15.886667251586914,79114500,0.09911991978609626,TSLA
2019-08-09,15.736666679382324,15.93066692352295,15.587332725524902,15.667332649230957,58473000,0.0714997037037037,TSLA
2019-08-12,15.53266716003418,15.718000411987305,15.25,15.267333030700684,69958500,0.09444785714285714,TSLA
2019-08-13,15.253999710083008,15.733332633972168,15.170000076293945,15.666666984558105,72721500,0.14378112874779542,TSLA
2019-08-14,15.413999557495117,15.433333396911621,14.446000099182129,14.641332626342773,143439000,0.07406286919831225,TSLA
2019-08-15,14.723999977111816,14.77066707611084,14.103333473205566,14.37600040435791,122394000,0.09708652173913043,TSLA
2019-08-16,14.444000244140625,14.815999984741211,14.40133285522461,14.662667274475098,76477500,0.04258468244084683,TSLA
2019-08-19,14.947333335876465,15.188667297363281,14.779999732971191,15.121999740600586,79644000,0.10866460481099656,TSLA
2019-08-20,15.174667358398438,15.272666931152344,14.969332695007324,15.057332992553711,61878000,0.057062032520325205,TSLA
2019-08-21,14.800666809082031,14.881333351135254,14.506667137145996,14.722000122070312,116914500,0.07548535211267605,TSLA
2019-08-22,14.853333473205566,15.026666641235352,14.54800033569336,14.8100004196167,98385000,0.07447042640990371,TSLA
2019-08-23,14.664667129516602,14.744667053222656,14.066666603088379,14.09333324432373,128079000,0.06368785890073832,TSLA
2019-08-26,14.239999771118164,14.334667205810547,14.102666854858398,14.333333015441895,75778500,0.06667419668938657,TSLA
2019-08-27,14.38266658782959,14.58666706085205,14.135333061218262,14.272000312805176,81243000,0.08123172242874846,TSLA
2019-08-28,14.246000289916992,14.483332633972168,14.154000282287598,14.37266731262207,48382500,0.06699666030534351,TSLA
2019-08-29,14.600000381469727,14.893333435058594,14.533332824707031,14.780667304992676,77692500,0.1042662188099808,TSLA
2019-08-30,15.276666641235352,15.496000289916992,14.947333335876465,15.040666580200195,139809000,0.12980732087227415,TSLA
2019-09-03,14.938667297363281,15.263333320617676,14.87733268737793,15.000666618347168,80311500,0.09425430944963656,TSLA
2019-09-04,15.12600040435791,15.230667114257812,14.61400032043457,14.711999893188477,86415000,0.08146020816653324,TSLA
2019-09-05,14.833333015441895,15.319999694824219,14.723333358764648,15.305333137512207,110929500,0.10589830985915492,TSLA
2019-09-06,15.146666526794434,15.309332847595215,15.011333465576172,15.16333293914795,62841000,0.11587416750756811,TSLA
2019-09-09,15.333333015441895,15.583999633789062,15.281999588012695,15.452667236328125,72040500,0.08169193758127438,TSLA
2019-09-10,15.386667251586914,15.702667236328125,15.262666702270508,15.702667236328125,73255500,0.11770215311004785,TSLA
2019-09-11,15.825332641601562,16.544666290283203,15.733332633972168,16.47333335876465,150642000,0.15077854291417164,TSLA
2019-09-12,16.51333236694336,16.899999618530273,16.293333053588867,16.391332626342773,128718000,0.09725365853658537,TSLA
2019-09-13,16.464000701904297,16.56333351135254,16.32466697692871,16.34666633605957,79696500,0.1230679676985195,TSLA
2019-09-16,16.399999618530273,16.495332717895508,16.077999114990234,16.187332153320312,70921500,0.10588062157221206,TSLA
2019-09-17,16.1646671295166,16.373332977294922,16.024667739868164,16.319332122802734,57981000,0.11968532526475037,TSLA
2019-09-18,16.333332061767578,16.544666290283203,16.158000946044922,16.232667922973633,62553000,0.1169301833568406,TSLA
2019-09-19,16.399999618530273,16.529333114624023,16.32266616821289,16.440000534057617,71937000,0.15481747967479673,TSLA
2019-09-20,16.432666778564453,16.463333129882812,15.87733268737793,16.041332244873047,95295000,0.12044134477825466,TSLA
2019-09-23,16.0,16.345333099365234,15.947999954223633,16.082000732421875,65103000,0.10482053056516724,TSLA
2019-09-24,16.101333618164062,16.132667541503906,14.840666770935059,14.880666732788086,193372500,0.043834025559105434,TSLA
2019-09-25,14.970666885375977,15.26533317565918,14.557332992553711,15.24666690826416,141406500,0.13833780788177338,TSLA
2019-09-26,15.37733268737793,16.220666885375977,15.15999984741211,16.17066764831543,178267500,0.12087575264442636,TSLA
2019-09-27,16.14666748046875,16.58066749572754,15.915332794189453,16.142000198364258,166746000,0.09406205533596837,TSLA
2019-09-30,16.200000762939453,16.26533317565918,15.740667343139648,16.058000564575195,88197000,0.09841043577981652,TSLA
2019-10-01,16.100000381469727,16.39666748046875,15.942000389099121,16.312667846679688,92439000,0.13346908358509565,TSLA
2019-10-02,16.21933364868164,16.309999465942383,15.961999893188477,16.208667755126953,84471000,0.0940789269051322,TSLA
2019-10-03,15.457332611083984,15.631999969482422,14.95199966430664,15.535332679748535,226267500,0.13227067615658364,TSLA
2019-10-04,15.440667152404785,15.652000427246094,15.204667091369629,15.428667068481445,119925000,0.12373766666666666,TSLA
2019-10-07,15.319999694824219,15.904000282287598,15.236666679382324,15.847999572753906,120963000,0.1021723350253807,TSLA
2019-10-08,15.724666595458984,16.262666702270508,15.633333206176758,16.003332138061523,130173000,0.08747983725135625,TSLA
2019-10-09,16.08799934387207,16.48666763305664,16.043333053588867,16.302000045776367,103416000,0.12302825428859739,TSLA
2019-10-10,16.351999282836914,16.618667602539062,16.10533332824707,16.31599998474121,94249500,0.09765574596774193,TSLA
2019-10-11,16.476667404174805,16.738666534423828,16.45400047302246,16.525999069213867,127131000,0.1790920972644377,TSLA
2019-10-14,16.52666664123535,17.23666763305664,16.475332260131836,17.130666732788086,153075000,0.1382670611439842,TSLA
2019-10-15,17.18000030517578,17.333332061767578,16.941333770751953,17.19266700744629,96492000,0.15868669482576556,TSLA
2019-10-16,17.159332275390625,17.47333335876465,17.128000259399414,17.316667556762695,100261500,0.142325138427464,TSLA
2019-10-17,17.5,17.652000427246094,17.344667434692383,17.46466636657715,71539500,0.12862449494949493,TSLA
2019-10-18,17.3799991607666,17.520000457763672,17.00666618347168,17.1299991607666,86247000,0.10081874180865007,TSLA
2019-10-21,17.222000122070312,17.299999237060547,16.678667068481445,16.899999618530273,75304500,0.13151455223880598,TSLA
2019-10-22,16.954666137695312,17.222000122070312,16.72333335876465,17.038667678833008,69012000,0.14580610263522883,TSLA
2019-10-23,16.96666717529297,17.076000213623047,16.75666618347168,16.978666305541992,78916500,0.20405786666666664,TSLA
2019-10-24,19.891332626342773,20.32866668701172,19.280000686645508,19.978666305541992,445813500,0.1841698188405797,TSLA
2019-10-25,19.847999572753906,22.0,19.74066734313965,21.875333786010742,450091500,0.11303696498054475,TSLA
2019-10-28,21.836000442504883,22.722667694091797,21.50666618347168,21.847333908081055,283054500,0.0745406462585034,TSLA
2019-10-29,21.332666397094727,21.6200008392334,20.983333587646484,21.08133316040039,190264500,0.10171436829066888,TSLA
2019-10-30,20.866666793823242,21.252666473388672,20.6646671295166,21.000667572021484,144627000,0.11054581632653061,TSLA
2019-10-31,20.873332977294922,21.266666412353516,20.866666793823242,20.994667053222656,76005000,0.1320359078590786,TSLA
2019-11-01,21.08799934387207,21.09866714477539,20.65333366394043,20.887332916259766,95758500,0.10998351309707242,TSLA
2019-11-04,20.98666763305664,21.46266746520996,20.617332458496094,21.1646671295166,131805000,0.1095396511627907,TSLA
2019-11-05,21.308000564575195,21.567333221435547,21.07466697692871,21.148000717163086,104151000,0.1283413043478261,TSLA
2019-11-06,21.200000762939453,21.781333923339844,20.96666717529297,21.77199935913086,119113500,0.15316996336996336,TSLA
2019-11-07,21.94266700744629,22.766666412353516,21.868000030517578,22.369333267211914,217009500,0.12486846986089645,TSLA
2019-11-08,22.299999237060547,22.497333526611328,22.166667938232422,22.47599983215332,91038000,0.10501512237762238,TSLA
2019-11-11,22.93000030517578,23.279333114624023,22.799999237060547,23.006000518798828,149800500,0.10975559845559846,TSLA
2019-11-12,23.126667022705078,23.357999801635742,22.93600082397461,23.32866668701172,110391000,0.13494392191659274,TSLA
2019-11-13,23.666667938232422,23.755332946777344,23.011999130249023,23.073999404907227,126301500,0.11538884397736458,TSLA
2019-11-14,23.073999404907227,23.589332580566406,22.860666275024414,23.290000915527344,96973500,0.10171798483206934,TSLA
2019-11-15,23.375999450683594,23.520000457763672,23.224000930786133,23.47800064086914,72135000,0.0722182320441989,TSLA
2019-11-18,23.527999877929688,23.543333053588867,23.073333740234375,23.332666397094727,66006000,0.12693221556886228,TSLA
2019-11-19,23.450000762939453,23.999332427978516,23.18666648864746,23.968000411987305,115872000,0.1345707897240723,TSLA
2019-11-20,24.0,24.079999923706055,23.30466651916504,23.481332778930664,100876500,0.09221228239845261,TSLA
2019-11-21,23.634000778198242,24.055999755859375,23.600000381469727,23.655332565307617,91650000,0.13711517690875233,TSLA
2019-11-22,22.67733383178711,22.733333587646484,22.0,22.202667236328125,253059000,0.08011572635595529,TSLA
2019-11-25,22.954666137695312,22.971332550048828,22.297332763671875,22.422666549682617,185092500,0.08369630271519353,TSLA
2019-11-26,22.351333618164062,22.366666793823242,21.80666732788086,21.92799949645996,119211000,0.10491378504672898,TSLA
2019-11-27,22.07466697692871,22.261999130249023,21.904666900634766,22.086000442504883,83334000,0.11089146877748461,TSLA
2019-11-29,22.073999404907227,22.083999633789062,21.833332061767578,21.996000289916992,36984000,0.12189557522123894,TSLA
2019-12-02,21.959999084472656,22.42533302307129,21.91266632080078,22.32466697692871,91117500,0.08431713395638629,TSLA
2019-12-03,22.174667358398438,22.527332305908203,22.145999908447266,22.413333892822266,98605500,0.09442065331928345,TSLA
2019-12-04,22.516666412353516,22.52400016784668,22.190000534057617,22.20199966430664,82995000,0.1101078219013237,TSLA
2019-12-05,22.18866729736328,22.294666290283203,21.816667556762695,22.024667739868164,55869000,0.10482459371614301,TSLA
2019-12-06,22.333332061767578,22.590667724609375,22.31800079345703,22.392667770385742,114186000,0.1510404741000878,TSLA
2019-12-09,22.439332962036133,22.963333129882812,22.338666915893555,22.635332107543945,135346500,0.10254008528784647,TSLA
2019-12-10,22.663999557495117,23.381999969482422,22.62066650390625,23.256000518798828,132424500,0.14251112107623318,TSLA
2019-12-11,23.458667755126953,23.812667846679688,23.4060001373291,23.51333236694336,103467000,0.123974750499002,TSLA
2019-12-12,23.661333084106445,24.182666778564453,23.548667907714844,23.978666305541992,116458500,0.12520827129859388,TSLA
2019-12-13,24.06999969482422,24.347333908081055,23.642667770385742,23.892667770385742,98563500,0.149450197109067,TSLA
2019-12-16,24.170000076293945,25.573999404907227,24.166667938232422,25.433332443237305,272613000,0.11814582338902149,TSLA
2019-12-17,25.266000747680664,25.700000762939453,25.059999465942383,25.266000747680664,127452000,0.12251198237885462,TSLA
2019-12-18,25.375333786010742,26.347999572753906,25.371999740600586,26.209999084472656,211815000,0.14890938558297048,TSLA
2019-12-19,26.488000869750977,27.123332977294922,26.433332443237305,26.93600082397461,271606500,0.07291909262759924,TSLA
2019-12-20,27.3526668548584,27.53333282470703,26.679332733154297,27.03933334350586,221290500,0.13555056417489422,TSLA
2019-12-23,27.45199966430664,28.134000778198242,27.333332061767578,27.947999954223633,199794000,0.19179481335952847,TSLA
2019-12-24,27.890666961669922,28.364667892456055,27.512666702270508,28.350000381469727,120820500,0.16999890965732087,TSLA
2019-12-26,28.527332305908203,28.898666381835938,28.42333221435547,28.729333877563477,159508500,0.1325583612040134,TSLA
2019-12-27,29.0,29.020666122436523,28.407333374023438,28.691999435424805,149185500,0.12956597701149425,TSLA
2019-12-30,28.586000442504883,28.600000381469727,27.284000396728516,27.64666748046875,188796000,0.0936514467184192,TSLA
2019-12-31,27.0,28.086000442504883,26.80533218383789,27.8886661529541,154285500,0.1495320719016083,TSLA
